:020000040800F2
:10000000000002207D030008CD030008AD4B00086E
:10001000B34B0008B94B0008BF4B000800000000BC
:10002000000000000000000000000000BD680008A3
:10003000CD03000800000000576900086769000848
:10004000CD030008CD030008CD030008CD03000850
:10005000CD030008CD030008CD030008CD03000840
:10006000CD030008CD030008CD0300088D1F000854
:10007000991F0008A51F0008B11F0008BD1F000838
:10008000C91F0008D51F0008CD0300084D0900084E
:1000900041090008CD03000851090008CD030008FC
:1000A000CD030008CD030008CD030008CD030008F0
:1000B000CD030008CD030008CD030008CD030008E0
:1000C000CD030008CD030008CD030008791D00080A
:1000D000851D0008CD030008CD030008CD030008EE
:1000E000CD030008CD030008CD030008CD030008B0
:1000F000CD030008CD030008CD030008E11F000870
:10010000CD030008CD030008CD030008911D0008B1
:10011000CD030008CD030008CD030008CD0300087F
:10012000ED1F0008F91F0008052000081120000835
:100130001D20000800000000000000006109000808
:1001400055090008CD03000865090008CD03000823
:10015000292000083520000841200008CD030008B0
:10016000CD030008CD030008CD030008CD0300082F
:10017000CD030008CD030008CD03000800000000F7
:1001800000000000CD030008000000000000000097
:100190009D1D00080000000000000000CD030008C5
:1001A000000000000000000000000000CD03000877
:1001B000CD030008CD030008CD030008CD030008DF
:1001C000CD0300080348044B834202D0034B03B124
:1001D00018477047600C0020600C002000000000F1
:1001E0000548064B1B1AD90F01EBA301491002D099
:1001F000034B03B118477047600C0020600C0020CF
:100200000000000010B5064C237843B9FFF7DAFF71
:10021000044B13B10448AFF300800123237010BDD9
:10022000600C002000000000902A020808B5054B71
:100230001BB105490548AFF30080BDE80840FFF752
:10024000CFBF00BF00000000640C0020902A02080D
:10025000A3F5803A704700BF174B002B08BF134B24
:100260009D46FFF7F5FF00218B460F461348144AC1
:10027000121A1AF0B5F90E4B002B00D098470D4B0F
:10028000002B00D098470020002104000D000D48ED
:10029000002802D00C4805F00BFC1AF031FD2000BC
:1002A000290008F02BFB05F00BFE00BF0000080042
:1002B000000000004D88000800000220600C0020B3
:1002C000F8830020B15A00080000000010B594B077
:1002D000284B002100911A6C42F080521A641B6C6A
:1002E00003F080530093009B234B01911A6842F462
:1002F00040421A601B6803F440430193044607A878
:10030000019B02F037FE0D9B022B15D102F0FEFA85
:1003100060BB0F220223CDE902234FF4A0514FF41A
:100320008053CDE905130490052102A802F028FBB3
:10033000B0FA80F040091AE00123002C079314BFA3
:100340004FF4A0234FF480334FF48002089302232C
:100350000C20CDE90D32B422CDE90F0207A8CDE97A
:100360001133139302F038FC0028CFD0002014B0D2
:1003700010BD00BF0038024000700040DFF834D0EC
:100380000D480E490E4A002302E0D458C4500433ED
:10039000C4188C42F9D30B4A0B4C002301E01360C4
:1003A0000432A242FBD303F033F8FFF755FF704746
:1003B0007047000000000220C8010020600C0020EF
:1003C000382D0208600C0020F8830020FEE70000B2
:1003D00008B50020FFF77AFF10B9024805F0A0FA2F
:1003E00008BD00BF40DA0108F0B5A1F1F0039BB2EF
:1003F0000F2B85B004460D461AD93C49284604F017
:1004000051F93A490746284604F062F92760014647
:100410000646284601F0E8F80021284601F074F964
:100420002268511C10D132493248342205F07AF842
:100430003149284604F036F92F490746284604F08A
:1004400047F927600646EBE7731C03D128492B4880
:100450003522EBE70121E1612949A4F84850002346
:10046000C6F384368A42C4E90133C4E90A3384F806
:100470004A6023642361237684F820306362E3605A
:1004800084F83030636111D101931E4B5A6C42F4F1
:1004900080725A645B6C03F480730193019B204665
:1004A00001F000FF00B3184805F03AFA17498A42F4
:1004B0000BD10293134B5A6C42F400725A645B6C7A
:1004C00003F400730293029BE9E711498A42E6D1E3
:1004D00003930C4B5A6C42F480625A645B6C03F4D5
:1004E00080630393039BDAE705B0F0BD54D801089D
:1004F000C4DA0108D6DA010848D8010800DB01088F
:10050000002001400038024019DB010800210140B1
:100510000022014030B5044685B010220021684613
:100520001AF05EF894F84A200123CDE90133122A2B
:100530004DD8DFE802F00C0B0A27292B2D2F313381
:100540003537393B3D3F4146480002230093214D5A
:100550006B6823F4400369466B60204602F01CF888
:10056000204601F045FF0A21204601F0BFFF60BB95
:10057000204602F00EF880B26B6823F440036B60F3
:1005800005B030BD0323E1E70423DFE70523DDE702
:100590000623DBE70723D9E70823D7E70923D5E7B5
:1005A0000A23D3E70B23D1E70C23CFE70D23CDE7B5
:1005B0000E23CBE70F23C9E7074B009307230293D2
:1005C000C5E71123F9E71223F7E70020D4E700205D
:1005D000D6E700BF002301401200001073B501F000
:1005E000E5F9041E2CDB174E56F82400002827D00E
:1005F0004423154D6343EB581A68120606D5DB6891
:10060000190603D5114B01211B6898474423634306
:10061000EB581A68920608D5DB68980605D50B4B8F
:1006200056F824001B680021984744235C432B594B
:100630001A68110704D55A69D20744BF5B68019351
:1006400002B070BD180E0020800C00207C0C002031
:100650000148FFF7C3BF00BF001401400148FFF786
:10066000BDBF00BF005000400148FFF7B7BF00BF4B
:10067000004C00400148FFF7B1BF00BF00480040F8
:100680000148FFF7ABBF00BF004400400148FFF73F
:10069000A5BF00BF00100140044A4109012300F03A
:1006A0001F00834042F82130704700BF00E100E0A6
:1006B0004309064900F01F0020330122824041F81F
:1006C0002320BFF34F8FBFF36F8F704700E100E02F
:1006D000034B19604168034B43F82120704700BF6A
:1006E0007C0C0020180E002030B4D0E900352B48D7
:1006F000834237D020D8A0F5006083422CD000F58B
:10070000806083422BD0A0F50060834221D000247A
:10071000204644236B43224DEB584AB3DA6821BB91
:1007200042F02002DA601F4B00F110029B6843F890
:10073000224030BCFFF7B0BF1B48834206D000F513
:1007400080608342E3D1194C4720E2E7184C252012
:10075000DFE7184C2620DCE7174C2720D9E7174C99
:100760003420D6E7164C3520D3E742F08002D9E793
:10077000DA6849B922F02002DA60DB6813F0800FF2
:1007800009D130BCFFF794BF22F08002DA60DB6849
:1007900013F0200FF4E730BC704700BF005000405A
:1007A000800C002000ED00E0001001405106000820
:1007B0008D06000881060008750600086906000815
:1007C0005D06000838B545680446204601F08CF8FF
:1007D0000028FAD044235D436269074B5B591AB97C
:1007E0005868C0F3080038BDE268586812B900F0D4
:1007F0007F00F8E7C0B2F6E7800C002070B54668CD
:1008000005460C46284601F087F80028FAD0442314
:100810005E43034B9B59C4F308045C6070BD00BF8A
:10082000800C002008B5FFF775FE07EE900A9FEDDB
:10083000047AF8EE677A67EE877A17EE900A08BDB9
:100840000108803943692DE9F041DF0704460D4670
:100850002BD536498768364E82688368354807EA63
:10086000010CB94308BF012102EA060208BFA160DA
:10087000B24208BF4FF4807103EA000308BFA160D1
:10088000834204BF4FF48031A16028498C4505D0D4
:1008900027498A4202D0274A934206D1264B274A4B
:1008A0001B6852F8250001219847E26863699607A2
:1008B0000CD098070AD56369204A23F002036361CC
:1008C0001D4B52F825001B6800219847A1696269F9
:1008D000636989070AD5970508D51E0406D5164B06
:1008E000164A1B6852F8250005219847A1696269DC
:1008F0006369480702D46369BDE8F0815105FAD500
:100900001A040BD463691B04F6D50B4B0B4A1B6806
:1009100052F825000221BDE8F0411847074A064B6E
:1009200052F825001B6807219847EBE703000004F5
:100930000003000800000310300E0020340E0020D9
:1009400001480021FFF77EBF00640040FFF7F8BFB9
:10095000FFF7F6BF01480121FFF774BF00680040B0
:10096000FFF7F8BFFFF7F6BF044B1960044B416C6B
:1009700043F821200023C364704700BF300E0020DD
:10098000340E00200268416C536923F4064323F0BF
:1009900013035361024A002342F82130C3647047B5
:1009A000340E00200368104A93420DD10F4B1A6A8F
:1009B00042F000721A621A6A22F000721A621A6C0D
:1009C00022F000721A647047094A9342FBD1074B28
:1009D0001A6A42F080621A621A6A22F080621A620F
:1009E0001A6C22F08062EDE700640040003802409B
:1009F000006800402DE9F0410C46064602F05AF826
:100A0000B0FBF4F118248D08B1FBF4F41920A4B262
:100A1000AC4202D30020BDE8F0810134A4B2E74328
:100A200004FB0002162391423CD0013B3A44FAD128
:100A3000EEE700F05BFDA0EB080002282FD87368FA
:100A4000DA07F6D5F2691F4B1340F361F2692B0503
:100A500003F4E0031343C4F309043F04234307F4FE
:100A600070273B4343F08073F361336823F0010345
:100A7000336000F03BFD044604E000F037FD001B4E
:100A8000022804D87368DB07F7D40120C3E7B169F3
:100A9000B2690D48002392B2090C04F041FF0B48E3
:100AA00004F03EFF0A4A366852F8337002EBC30185
:100AB00033684D6843F00103336000F017FD804652
:100AC000BDE700BF00FC80FC2FDB01085ADB0108FA
:100AD00038F1010810B5044601F035FB10B10648A5
:100AE00004F01EFFA16C2046FFF784FF012801D00F
:100AF0000248F5E710BD00BF74DB01088ADB01087E
:100B000084B030B504AC84E80E00026893685801E4
:100B10000D469DF81E103CD493681B013BD4906891
:100B200010F0805031D002231C0102EB0313490066
:100B3000D3F8800100F00100C3F880019DF81D008A
:100B400058BBD3F8800141EA45510143C3F88011F5
:100B5000D3F8841121F00F01C3F884119DF81C1003
:100B6000D3F8840101F00F0101432244C3F884113A
:100B70000599C2F888110699C2F88C11D3F8802122
:100B800042F00102C3F880210120BDE8304004B0EA
:100B900070470023C8E70123C6E7D3F8800140EA85
:100BA000C500014341F00401D0E7036810B50446D5
:100BB000D86810F003003FD0D3F8B021C2F3800210
:100BC0004A73002A39D1D3F8B021520D0A60D3F804
:100BD000B021C2F340028A73D3F8B421120756BF82
:100BE000D3F8B421082202F00F020A73D3F8B82117
:100BF0000A71D3F8B821120A4A71D3F8B821120C3D
:100C00008A71D3F8B821120ECA71D3F8BC210A72C6
:100C1000D3F8BC21120A4A72D3F8BC21120C8A7292
:100C2000D3F8BC21120ECA72DA6842F02002DA60F0
:100C3000E36C012B05D0012010BDD3F8B021D20800
:100C4000C4E72268536943F002035361F3E770B5C8
:100C5000012B8AB024D8C3B955014E011A460E990A
:100C6000059100240121CDE90641CDE900630891F9
:100C70000E236946CDE902520494099301F0E6F986
:100C8000B0FA80F040090AB070BD4E0B550BC90098
:100C9000D20089B292B241F0040342F00402DEE7CE
:100CA0000020F0E7F0B50B680D46591C87B00446EC
:100CB000174605D13549364840F2DF3204F032FCA0
:100CC000344A934247D102F5EA3200230393116C70
:100CD00041F000711164126C02F000720392039AE9
:100CE0006364A968B5F9040000F07EFC2969B5F9D0
:100CF0000C0000F079FCB5F90400012100F004FDBE
:100D00000121B5F90C0000F0FFFC2B6823604FF4C3
:100D1000A0224FF4E0030026C4E904230223636009
:100D20002046C4E90666C4E90866C4E90A66C4E95F
:100D30000266A764FFF7CEFE2B68164A934214BFE3
:100D40000E23334600933246334631462046FFF7A2
:100D50007EFF07B0F0BD104A9342FAD10F4B00213D
:100D600004911A6C42F000721A641A6C02F000725C
:100D70000492049A05911A6C42F080621A641B6C0A
:100D800003F080630593059B0123A9E70BDC0108B1
:100D900015DC010800640040006800400038024093
:100DA0002DE9F0430D4687B00646154928461446FE
:100DB0001F4603F077FC13498046204603F072FC7F
:100DC0000146404603F04AFC0D498146284603F09F
:100DD0007FFC0C498046204603F07AFC3A46059099
:100DE00001A93046CDF80490ADF80850CDF80C803C
:100DF000ADF81040FFF756FF07B0BDE8F08300BF25
:100E00001CD70108E0D6010830B5354B05689D4276
:100E100032D107291ED8DFE801F0041E221D1D274C
:100E20001D2B01232F4CC36402211423002A52D00E
:100E30006A690A436A612C4A03F11001926842F818
:100E400021400122590903F01F0302FA03F3274A44
:100E500042F8213030BD264C01211323E6E7254C12
:100E60004FF400411623E1E7224C4FF40071F9E7FB
:100E7000204C4FF48061F5E71F4B9D42EAD10729D2
:100E8000E8D801A353F821F0A90E0008B50E000818
:100E9000BD0E0008550E0008550E0008C70E0008CC
:100EA000550E0008CF0E00080123C364134C022125
:100EB0004023BBE7124C01213F23B7E7114C4FF40D
:100EC00000414223B2E70F4C4FF40071F9E70D4C9B
:100ED0004FF48061F5E76A6922EA0102AAE700BFE0
:100EE000006400404109000800ED00E000E100E07E
:100EF0004D09000851090008006800405509000824
:100F0000610900086509000830B591FAA1F391FA6A
:100F1000A1F1B3FA83F304685B000325B1FA81F110
:100F200005FA03F3490024EA03038A401A430260E6
:100F300030BD000000B5384B89B00022072867D8C3
:100F4000DFE800F004121E2A36424E5A00921A6B55
:100F5000324842F001021A631B6B03F00103009355
:100F6000009B09B05DF804FB01921A6B2C4842F01B
:100F700002021A631B6B03F002030193019BF0E76B
:100F800002921A6B274842F004021A631B6B03F0AB
:100F900004030293029BE4E703921A6B224842F097
:100FA00008021A631B6B03F008030393039BD8E743
:100FB00004921A6B1D4842F010021A631B6B03F077
:100FC00010030493049BCCE705921A6B184842F077
:100FD00020021A631B6B03F020030593059BC0E7F7
:100FE00006921A6B134842F040021A631B6B03F01F
:100FF00040030693069BB4E707921A6B0E4842F033
:1010000080021A631B6B03F080030793079BA8E71A
:101010000A4804F085FC00BF00380240000002408E
:101020000004024000080240000C02400010024090
:101030000014024000180240001C024033DC01088A
:10104000431C10B5044604D106490748772204F032
:1010500069FA4FF4707100F0C7FA04F00F04012030
:10106000A04010BDB5DC0108C0DC01084B1C70B508
:1010700004460E46018216D0C1F30310FFF75AFF53
:1010800005463046FFF7DCFF238A074A656103F017
:101090000F03206052F82330A36105F110031835C7
:1010A000C4E90255636070BDF0F10108B0F91000A9
:1010B00000F02ABB0A46D0E905010AB9FFF724BFB0
:1010C0000122FBE7224A4C232DE9F04103FB0022D9
:1010D000204E0446002596460127DEF8000007FA58
:1010E00005F303422AD0536B706907FA03F31842E1
:1010F00024D05068D2F81CC07361F8B1F26833EAAA
:10110000020203D1B26833EA020213D1114A916894
:1011100033EA010103D1D26833EA02020CD1DCF8D0
:1011200010201A420CBF022101210B4BBDE8F041F7
:101130001B6818470221F8E70121F6E70135A942AB
:1011400002F10402C9D10548214604F0E9FB00BFC1
:101150003C0E0020003C014054100020D3DC01086C
:1011600006210846FFF7AEBF05210846FFF7AABFD4
:1011700001210420FFF7A6BF01210320FFF7A2BF32
:1011800001210220FFF79EBF01210846FFF79ABF09
:1011900001210020FFF796BF012910B514D18389E2
:1011A000154C03F00F039940836832B1A2681143D4
:1011B000A16043F00103836010BDA26822EA01022E
:1011C000A26023F00103F6E70229F5D183890A49D9
:1011D00003F00F0301249C4083682AB1CA682243AC
:1011E000CA6043F00203E6E7CA6822EA0402CA6062
:1011F00023F00203DFE700BF003C0140B0F90C30F0
:1012000003F00C0202F1804202F59C3203F003016C
:1012100070B5890094680F258D4003F00F06C3F365
:10122000031324EA05048B40234393600F4A0123F0
:101230001168B340194311608468E50742BF9168A3
:1012400019439160A10742BFD1680B43D36090F965
:101250000030002B08DB0122590903F01F0302FABA
:1012600003F3034A42F8213070BD00BF003C014047
:1012700000E100E02DE9F74F99464B1C05460C466E
:1012800090467AD004F0E2F9002301933C4B3D4EA6
:101290005A6C42F480425A645B6C03F480430193BD
:1012A000019B394B04F00F0A0C2202FB0A32C4F3F3
:1012B0000310D2F804B0328842FA0AF717F0010797
:1012C00002D0324804F02CFB012101FA0AF10A4352
:1012D0003280BBF1060F4ED8DFE80BF004414345E6
:1012E00047494B002A4EFFF725FE274BAC810C21C6
:1012F00001FB0AF15A184FF0000CC5F808C04FF076
:101300004C0C5C5892F9082022492A700CFB0BFC0B
:101310004FF0010E51F80C30C5F804B00EFA04FE7F
:1013200043EA0E0341F80C30132303FB0B4401EB9B
:1013300084031032D861C3F80490C3F834A0164B6C
:10134000C3F80080154B9B68284643F82260FFF7DE
:1013500055FF04F091F9384603B0BDE8F08F104E08
:10136000C1E7104EBFE7104EBDE7104EBBE7104E71
:10137000B9E7104EB7E71048A4E70F46EBE700BF08
:10138000003802405010002078F00108FCDC010811
:10139000911100083C0E00205410002000ED00E0E8
:1013A00089110008811100087911000871110008E5
:1013B000691100086111000825DD010882892649AC
:1013C00002F00F020C235343F0B5CC58CD18234B39
:1013D0006D689E68012101FA02F226EA02069E600B
:1013E000DE6826EA0206DE601E6826EA02021A604D
:1013F00013261B4A01FA04F706FB054402EB84049A
:10140000646BA1405C690C4218BF59614C235D4379
:101410005359BB431FD190F90030002B0DDB5A0903
:10142000012103F01F03994002F120030D4A42F805
:101430002310BFF34F8FBFF36F8F90F90030002B55
:1014400009DB5A09012103F01F03994002F16003EF
:10145000044A42F82310F0BD78F00108003C014036
:101460003C0E002000E100E0F8B5054604F0EEF87F
:10147000AB896E680C2203F00F035343154A2846CC
:10148000D458FFF79BFF4C23134A73430121D558CF
:1014900001FA04F725EA0705D550132303FB064399
:1014A00002EB830500246C609D1D0C3302EB850567
:1014B00002EB830283895460084A6C6003F00F03D7
:1014C0009940138823EA01031380BDE8F84004F033
:1014D000D3B800BF78F001083C0E00205010002067
:1014E00008B500F079FC002008BD000038B504F014
:1014F000ADF8124B124913485C6A02680B889B1ABC
:101500002344B3F5803F17D34FF47A75B3FBF5F25C
:1015100005FB123305E00132A3F57A73B3F57A7F48
:10152000F9D20460084C9BB20B80236813442360FB
:1015300004F0A2F8206838BD0022EFE7000C00405C
:1015400058100020601000205C1000207047704789
:1015500010B5FFF7FCFF01F069FF00F087FE0B4BB1
:101560001C6F14F0020404D101F094F9204601F03C
:10157000DFFAFEF72DFF01F059FF00F0F7FCFFF74F
:10158000E5FF034B01221A6010BD00BF0038024086
:101590006410002030B591FAA1F391FAA1F1B3FAE9
:1015A00083F384685B000325B1FA81F105FA03F344
:1015B000490024EA03038A401A43826030BD30B5F3
:1015C00091FAA1F391FAA1F1B3FA83F3C4685B0035
:1015D0000325B1FA81F105FA03F3490024EA030374
:1015E0008A401A43C26030BDB0F1FF3F2DE9F84395
:1015F00080460E467FD000F00F02404BC0F3031030
:1016000053F82250C1F3831901F00707FFF792FC4A
:10161000B9F10F0F0CBF03224A4629460446FFF7D3
:10162000B9FF032F5ED8DFE807F062642C020323C2
:1016300095FAA5F2B2FA82F221685200032000FA6C
:1016400002F221EA020195FAA5F2B2FA82F2520000
:101650009340013F0B43012F236005D86368320795
:101660004CBF2B43AB436360C6F30112012A02D087
:10167000022A18BF002229462046BDE8F843FFF79A
:101680009EBF18F0080FC6F3832217D02B0A93FAD7
:10169000A3F1B1FA81F1406A93FAA3F389004FF004
:1016A0000F0CB3FA83F30CFA01F19B0020EA01015D
:1016B00002FA03F30B4363620223B9E795FAA5F339
:1016C000B3FA83F3016A9B000F2000FA03F321EAC7
:1016D000030195FAA5F3B3FA83F39B009A400A43FA
:1016E0002262E9E706490748D52203F01BFF0023E1
:1016F0009EE701239CE7BDE8F88300BFF0F10108F5
:10170000ADDD0108B5E8010838B5431C0D4634D0FD
:1017100000F00F02194BC0F3031053F82240FFF7FB
:1017200009FC94FAA4F2B2FA82F25200016803238F
:1017300093400B4094FAA4F26AB1B2FA82F25200DA
:10174000D340013B012B06D8EB1E022B436894BF0C
:101750002343A3434360013D042D0CD8DFE805F08B
:101760000309030B090001222146BDE83840FFF7B9
:1017700026BF0222F8E70022F6E738BDF0F10108A3
:101780000FB407B5064B07491B6805AAD868019234
:1017900003F075FE03B05DF804EB04B0704700BFC2
:1017A000000A0020B6DD01080368474A934210B5DD
:1017B00004461ED102F59432516A41F01001516283
:1017C000516A21F010015162516C21F010015164F5
:1017D0003E4A93421DD13E4B5A6A42F020025A6261
:1017E0005A6A22F020025A625A6C22F020025A648D
:1017F0000FE0384A934236D1354B1A6A42F4003230
:101800001A621A6A22F400321A621A6C22F4003246
:101810001A64B4F9180040F2C331FFF7E5FEB4F9D9
:101820001A0040F2C331FFF7DFFE236A23F400738E
:10183000B3F5807F05D1B4F9240040F2C331FFF73E
:10184000D3FE236A23F48073B3F5007F05D1B4F986
:10185000260040F2C331FFF7C7FE62681E4B00212D
:1018600043F8221010BD1D4A93420CD1184B1A6A3E
:1018700042F480221A621A6A22F480221A621A6CD6
:1018800022F48022C4E7164A93420CD1104B1A6A04
:1018900042F400221A621A6A22F400221A621A6CB6
:1018A00022F40022B4E70F4A934291D1084B1A6AFE
:1018B00042F480121A621A6A22F480121A621A6CB6
:1018C00022F48012A4E700BF001001400014014080
:1018D0000038024000440040180E0020004800403C
:1018E000004C004000500040436844225343094AE2
:1018F000D3581A68120782B006D5002201921A68DE
:1019000001925A680192019A1868C0F3401002B01F
:10191000704700BF800C0020436844225343034AB1
:10192000D3581868C0F3C010704700BF800C002067
:1019300030B44468144A0346442161431D6855503D
:10194000881899684160D96881601969C1605969CE
:101950000161196A81610021C1848184C185818509
:10196000C161B3F91A1001310CD0B3F91830591C08
:101970000CBF04230C23442101FB042230BC53611F
:1019800001F017BD0823F6E7800C002010B5816038
:101990000C46FFF7CDFF28B121460348BDE81040B3
:1019A000FFF7EEBE10BD00BFB6DD0108124B984236
:1019B00017D0A3F54C43984215D003F580639842A5
:1019C00013D003F58063984211D003F580639842E9
:1019D0000FD003F5444398420CBF05204FF0FF3071
:1019E0007047002070470120704702207047032095
:1019F00070470420704700BF001001402DE9F047F8
:101A00000F4686B0634904463846164602F04AFE41
:101A100061498246304602F045FE0146504602F0DA
:101A20001DFE5C490546384602F052FE5A49814681
:101A3000304602F04DFE2A2F80460AD02B2E08D0C9
:101A400054492A2002F02EFE50450CD1534803F091
:101A500067FF4FF0010A691C256007D150495148C2
:101A6000412203F05FFD4FF0000AF4E74E4B9D4228
:101A70004FF000031AD100934C4B5A6C42F0100205
:101A80005A645B6C03F010030093009B484B9D422B
:101A90001AD100230593454B5A6C42F020025A6438
:101AA0005B6C03F020030593059B0DE0414A9542D2
:101AB00014D101933D4B1A6C42F400321A641B6C32
:101AC00003F400330193019B2846FFF76FFF60602A
:101AD000013030D132493848A022C2E7374A954216
:101AE0000BD10293314B1A6C42F480221A641B6CA6
:101AF00003F480230293029BE6E7314A95420BD11F
:101B000003932A4B1A6C42F400221A641B6C03F4F0
:101B100000230393039BD7E72A4A9542B6D1049347
:101B2000224B1A6C42F480121A641B6C03F480136B
:101B30000493049BC8E749463846FFF755FD012149
:101B40003846FFF7E1FD41463046FFF74DFD304690
:101B50000121FFF7D9FD00234FF4E132C4E902234C
:101B6000C4E904332362278366832046FFF7E0FE3F
:101B7000BAF1000F0AD0144B144801221A60214612
:101B80004C2206B0BDE8F04719F03AB906B0BDE8FE
:101B9000F08700BFD0D7010858D70108E0DD010861
:101BA00076DE010883DE01080010014000380240A3
:101BB00000140140004400409FDE0108004800403E
:101BC000004C004000500040B4100020681000207D
:101BD0001E4BD86810F4005018BF18681C4BDA6808
:101BE0001CBFC0F3801080F00100920441BF1B684D
:101BF000C3F3801383F001031843164BDA68910492
:101C000041BF1B68C3F3801383F001031843124BD9
:101C1000DA68920441BF1B68C3F3801383F00103A9
:101C200018430E4BDA68910441BF1B68C3F380135D
:101C300083F0010318430A4BDA68920441BF1B6822
:101C4000C3F3801383F00103184370470010014071
:101C50000044004000480040004C0040005000405C
:101C600000140140034A516A536A5B1A8342FBD352
:101C7000704700BF000C004010B5002486B014224D
:101C8000214601A8009418F0ABFC694601A800F0B9
:101C900031FF0F230099019301A8CDE90244059477
:101CA000049400F06DFE10B1024803F039FE06B056
:101CB00010BD00BFB1DE010810B58EB00021342286
:101CC00001A818F08DFC00240E4B00941A6C42F011
:101CD00080521A641B6C03F08053009301A8009B90
:101CE00001F048F9022301930121102301A8CDE955
:101CF0000413079400F070FF10B1034803F010FEC6
:101D00000EB010BD00380240D9DE010808B503F05E
:101D10009DFC064B1868012110F0010018BF084611
:101D200000F0C6FDBDE8084003F0A6BC007000400E
:101D300038B5FFF74DFF0446D8B903F087FC0D4DC9
:101D400000F0E4F80121084600F0C4FD2C60FFF724
:101D5000B3FFFFF791FFFEF73BFB4FF4FA70FFF77D
:101D600081FF00F0EBF801232B60BDE8384003F061
:101D700083BC38BD64100020014B186801F042B9E3
:101D8000C4100020014B186801F03CB9C0100020BD
:101D9000014B186801F036B9BC100020014B1868DF
:101DA00001F030B9B8100020074B084A13601A69D7
:101DB000910707D5DA68920704D56FF002021A611D
:101DC00002F098BE704700BF000C0040D410002005
:101DD0000048704730F2010830B589B001A903A866
:101DE00000F088FE00F066FE00230293204B019075
:101DF0001A6C204C42F008021A641A6C02F00802B5
:101E00000292029A1A6A42F008021A621A6A22F0D0
:101E100008021A62069AA3F50B3323604FF0FF33D2
:101E2000E360154BFAB9B0FBF3F3581E0025606070
:101E300010482561C4E90555A56001F0C3F90F4BB1
:101E40000F4A9B68C3F808210E4B4FF480225A605A
:101E50000848294601F0F0F92268D36823F002030C
:101E6000D36009B030BD4000B0FBF3F00138DDE7CE
:101E700000380240D410002040420F0000ED00E086
:101E8000A91D000800E100E004480268D36823F0BF
:101E90000203D360002101F0CFB900BFD4100020AD
:101EA000014B586A704700BF000C0040054B1B688F
:101EB0006FF0020258631A61DA6842F00202DA60D7
:101EC000704700BFD4100020064B1B686FF0020261
:101ED0001A615A6942F002025A61DA6842F002025B
:101EE000DA607047D4100020034B1A68D36823F0DF
:101EF0000203D360704700BFD4100020024B1B6860
:101F00006FF002021A617047D4100020064B074A96
:101F10001B68596A11605A6B054B1A60054BDA68E9
:101F2000054B1A60704700BFD4100020D01000206D
:101F3000CC100020000C0040C8100020064B074ABF
:101F40001B6812685A62064A12685A63054B1A687F
:101F5000054BDA60704700BFD4100020D01000207D
:101F6000CC100020C8100020000C00401FB5054B0D
:101F70000FCB8DE80F00684605F052FD024B18604C
:101F800004B010BD38F20108B8110020014B5868A8
:101F900000F0C2BB1C110020014BD86800F0BCBB94
:101FA0001C110020014B586900F0B6BB1C11002029
:101FB000014BD86900F0B0BB1C110020014B586ADE
:101FC00000F0AABB1C110020014BD86A00F0A4BB92
:101FD0001C110020014B586B00F09EBB1C1100200F
:101FE000014BD86B00F098BB1C110020014B586CC2
:101FF00000F092BB1C110020014BD86C00F08CBB90
:102000001C110020014B586D00F086BB1C110020F4
:10201000014BD86D00F080BB1C110020014B586EA5
:1020200000F07ABB1C110020014BD86E00F074BB8D
:102030001C110020014B586F00F06EBB1C110020DA
:10204000014BD86F00F068BB1C1100203C4B4A6963
:1020500030B5D3F8004244F00104C3F80042D3F88D
:10206000004224F47C54C3F80042D3F800424D6A85
:1020700044EA0524C3F80042D3F81C5201209040E2
:1020800025EA0005C3F81C52CD69C443002D35D1A3
:10209000D3F80C522540C3F80C52CB688D8845EA22
:1020A0000345D30003F1804303F5C8430A88C3F80E
:1020B00040528D6842EA0542C3F844228B69204AA7
:1020C0008BBBD2F804322340C2F804320D691C4B9A
:1020D0006DBBD2F814522C40C2F814420A6A012A8D
:1020E00002BFD3F81C220243C3F81C22D3F80022FB
:1020F00022F00102C3F80022002030BD012DDDD105
:10210000D3F80C520543C3F80C520B688D8845EA8E
:102110000345D30003F1804303F5C8438A89C3F81C
:1021200040528D68C6E7D2F804320343CCE7012D54
:1021300002BFD3F814220243C3F81422CEE700BF33
:1021400000640040704738B50446002800F08A80DB
:1021500090F83C3003F0FF021BB980F83D20FFF7F8
:10216000F1FF022384F83C3023681A6822F002024F
:102170001A601A6842F001021A60FFF7B7F90546C3
:1021800023685A68D00757D55A68D10767D5A2691E
:10219000012A1A680CBF42F0800222F080021A6005
:1021A000E269012A1A680CBF42F0400222F04002A4
:1021B0001A60226A012A1A680CBF42F0200222F03B
:1021C00020021A60626A012A1A680CBF42F01002EB
:1021D00022F010021A60A26A012A1A680CBF42F0AB
:1021E000080222F008021A60E26A012A1A680CBF8B
:1021F00042F0040222F004021A60D4E902210A43E8
:1022000021690A4361690A43616801390A43DA6155
:102210001A6822F001021A60FFF768F90546236880
:102220005A68D20715D4586810F0010017D101235D
:10223000206484F83C300BE0FFF758F9401B0A2873
:102240009ED9032384F83C30002384F83D300320DA
:1022500038BDFFF74BF9401B0A28E0D9F1E704230A
:1022600084F83C300120F3E77047000008B50B4BC1
:102270001A6842F400721A601A6842F480621A60A6
:102280001A6842F480721A60032000F021FA0F20CD
:10229000FFF726F9FFF7E8FF002008BD003C0240E9
:1022A0007047000038B50446002800F09B80056C9C
:1022B00025B9FFF7F5FF656484F83C50236CDB0615
:1022C00000F18E80236C23F4885323F0020343F043
:1022D00002032364444B5A6822F440325A605A681D
:1022E00061680A435A60236821695A6822F480723F
:1022F0005A605A6842EA01225A605A68A16822F07C
:1023000040725A605A680A435A609A68E16822F437
:1023100000629A609A680A439A603449A26A8A42C3
:1023200052D0996821F07061996099680A439A6067
:102330009A68E16A22F040529A609A680A439A6069
:102340009A6822F002029A609A68217E42EA41026B
:102350009A6094F82020002A3ED05A68616A42F4BC
:1023600000625A605A6822F460425A605A68013921
:1023700042EA41325A60DA6AE16922F47002DA62B2
:10238000DA6A013942EA0152DA629A6822F400728A
:102390009A609A6894F8301042EA41229A609A68EA
:1023A000616922F480629A609A68002042EA812280
:1023B0009A606064236C23F0030343F001032364F9
:1023C000002384F83C3038BD9A6822F070629A602D
:1023D0009A6822F04052B2E75A6822F40062C9E7D4
:1023E0000120EDE70120EEE7002301400100000F8E
:1023F00082B00023019390F83C30012B69D0012377
:1024000080F83C3003689A68D2070BD59A68D107E8
:102410001AD4036C43F010030364436C43F00103CC
:1024200043644CE09A682C4942F001029A602B4ABE
:102430001268B2FBF1F202EB42020192019A002A09
:10244000E4D0019A013AF8E7026C22F4E06222F04B
:10245000010242F4807202645A68520541BF026C64
:1024600022F4405242F480520264026C12F4805210
:102470001CBF426C22F006024264002280F83C201D
:102480006FF022021A60164A516811F01F0F1549A9
:102490001CD18B4207D001F580718B420CD1526860
:1024A00012F01F0F0BD19A6812F0405F07D19A68A3
:1024B00042F080429A6002E00B498B4202D0002039
:1024C00002B07047526812F0100FEBE78B42F6D162
:1024D000E9E70220F4E700BF40420F00D0010020EE
:1024E00000230140002001400022014003689A6857
:1024F000520570B504460D460BD59B68DE0508D520
:10250000036C43F020030364002380F83C30012077
:1025100070BDFEF7EBFF064623681A6891070CD5DD
:102520006FF012021A60226C42F4007222649A6800
:1025300012F0405F17D00020EAE7681CEDD065B9C3
:1025400023681B6813F00203E6D1226C84F83C3048
:1025500042F0040222640320DAE7FEF7C7FF801B83
:10256000A842EDD8D8E7227E002AE4D1DA6A12F434
:10257000700F02D09B685A05DDD4236C23F480735E
:102580002364236CDB04D6D4236C43F0010323645F
:10259000D1E70368D86C7047F7B50023019390F832
:1025A0003C30012B054600F08680012380F83C304A
:1025B00008682B688E68092884B233D904EB44027A
:1025C000DF681E3A4FF0070C0CFA02FC27EA0C07F2
:1025D000DF60DF6806FA02F23A43DA6049680629EA
:1025E00001EB81022DD8596B053A1F26964021EA4E
:1025F00006015963596B04FA02F20A435A632F4ADF
:1026000093420AD1122837D12D4B5A6822F4000286
:102610005A605A6842F480025A60002085F83C00F3
:1026200003B0F0BD1A6900EB400C072707FA0CF75E
:1026300022EA07021A611A6906FA0CF616431E61AD
:10264000CCE70C294FF01F010BD81E6B233A9140A9
:1026500026EA01011963196B04FA02F20A431A63AC
:10266000CDE7DE6A413A914026EA0101D962D96A92
:1026700094400C43DC62C2E7124B984201D011280F
:10268000CBD10F4B5A6822F480025A605A6842F448
:1026900000025A600B4B9842BFD10B4B0B4A1B6890
:1026A000B3FBF2F30A2253430193019B002BB4D0F6
:1026B000019B013BF8E70220B2E700BF0020014088
:1026C0000023014012000010D001002040420F0002
:1026D0000749CA6822F4E0620302120403F4E063CB
:1026E000120C134343F0BF6343F40033CB607047D5
:1026F00000ED00E090F83530022B03D080234365D5
:10270000012070470268052380F83530136823F0F4
:102710000103136000207047F7B5002301935C4B61
:10272000856D1F68C36D2E6808229A4032420446A8
:102730000CD001680868400708D5086820F004003C
:102740000860AA60626D42F00102626501229A404F
:10275000324208D021684969090641BFAA60626D0A
:1027600042F00202626504229A40324208D0216897
:102770000968880741BFAA60626D42F00402626581
:1027800010229A40324210D02368196809070CD5EC
:10279000AA601A68500337D51B68190301D4236C4B
:1027A00000E0A36C0BB120469847E16D20228A40DF
:1027B00032423AD023681868C60636D5AA6094F823
:1027C0003520052A1A6827D122F016021A605A69A4
:1027D00022F080025A61226C0AB9A26C1AB11A68FE
:1027E00022F008021A603F238B40AB60002384F87C
:1027F0003430012384F83530236D002B45D020463A
:1028000003B0BDE8F04018471A68D2055EBF1A68E9
:1028100022F008021A60C2E7500327D51B6819038B
:1028200031D4636C0BB120469847636D6BB3636D15
:10283000DA0719D522684FF41653B7FBF3F70523CF
:1028400084F83530136823F001031360019B0133D2
:10285000BB42019302D81368DB07F7D4002384F846
:102860003430012384F83530E36CC6E71A6812F47B
:10287000807208D1196821F010011960012384F8D1
:10288000342084F83530E36BCCE703B0F0BD00BFF3
:10289000D0010020044B012282B01A62034B1B6856
:1028A0000193019B02B0704700000E42007000408F
:1028B000074A1369012923F00403136104D130BFCF
:1028C00000BF00BF00BF704740BF20BF20BF7047A0
:1028D00000ED00E00B4A136823F003030343136089
:1028E000094B1A69012942F004021A6105D130BF6F
:1028F0001A6922F004021A61704740BF20BF20BF4E
:10290000F6E700BF0070004000ED00E037B500239F
:102910000193184B184D1A6C42F080521A641B6CCC
:1029200003F080530193019B144B01221A64FEF7BC
:10293000DDFD04466B68DA030BD5104B0E4D01220A
:102940005A64FEF7D3FD04466B689B030AD500204A
:1029500006E0FEF7CBFD001BB0F57A7FEAD9032035
:1029600003B030BDFEF7C2FD001BB0F57A7FEBD996
:10297000F5E700BF003802400070004000000E4242
:102980002DE9F0410D46044610B90120BDE8F08163
:10299000434B1A6802F00F028A4228D321688F073E
:1029A0002DD4C80740D43E4B1A6802F00F02AA4249
:1029B00065D8226851076BD4130707D5394A2169B6
:1029C000936823F4604343EAC103936000F0BCF8CA
:1029D000344B354A9B68C3F30313D35CD840334B65
:1029E0001860334B1868FEF77BFD0020CEE7CAB2B3
:1029F0001A701B6803F00F038B42C6D1CEE7294B38
:102A000011F0040F1EBF9A6842F4E0529A600E075C
:102A100042BF9A6842F460429A609A68A06822F0C5
:102A2000F00202439A60BCE762681E4B012A1CD187
:102A30001B6813F4003FA8D01A4EB36823F00303B9
:102A40001343B360FEF752FD41F288380746B3687E
:102A5000626803F00C03B3EB820FA4D0FEF746FDCF
:102A6000C01B4045F3D9032090E7911E01291B6844
:102A700002D813F0007FDEE713F0020FDBE7EAB2C3
:102A80001A701B6803F00F03AB427FF47EAF90E730
:102A90000449E0688B6823F4E05303438B608BE7C1
:102AA000003C02400038024050F20108D0010020F2
:102AB000CC010020044B054A9B68C3F38223D35CFE
:102AC000034A1068D84070470038024048F20108B5
:102AD000D0010020044B054A9B68C3F34233D35C0A
:102AE000034A1068D84070470038024048F2010895
:102AF000D00100200F2303600B4B9A6802F0030201
:102B000042609A6802F0F00282609A6802F4E05231
:102B1000C2609B68DB0803F4E0530361034B1B684E
:102B200003F00F030B60704700380240003C024086
:102B3000044B1A6F01280CBF42F0080222F0080271
:102B40001A67704700380240204908B58B6803F0C7
:102B50000C03082B07D00C2B20D01D481D4A042B3A
:102B600018BF104608BD4A684B68496813F48003D3
:102B700014BF17481748C1F3881118BF002302F08B
:102B80003F02A1FB000119F0EFFB104B5B68C3F3A0
:102B9000014301335B00B0FBF3F0E3E74A684B68A5
:102BA000496813F4800314BF09480A48C1F3881127
:102BB00018BF002302F03F02A1FB000119F0D4FB73
:102BC000024B5B68C3F30273E5E700BF00380240C5
:102BD00000366E010024F4002DE9F341044600287C
:102BE00031D00368DF0710D423689E0767D42368B9
:102BF000190700F1B28023685A0700F1D280A36957
:102C0000002B40F03981002034E0984B9A6802F0A4
:102C10000C02042A10D09A6802F00C02082A02D191
:102C20005B685D0208D4914B9A6802F00C020C2A92
:102C30000BD15A68510208D58C4B1B689A03D3D527
:102C40006368002BD0D1012014E06268B2F5803FA8
:102C500013D11A6842F480321A60FEF747FC834EA3
:102C6000054633689B03BFD4FEF740FC401B642835
:102C7000F7D9032002B0BDE8F0817C4DB2F5A02F5A
:102C80002B6807D143F480232B602B6843F48033F7
:102C90002B60E2E723F480332B602B6823F480233E
:102CA0002B60002AD9D1FEF721FC06462B689F0332
:102CB0009AD5FEF71BFC801B6428F7D9D9E76B4B2C
:102CC0009A6812F00C0F10D09A6802F00C02082AD1
:102CD00002D15B685E0208D5644A936803F00C0376
:102CE0000C2B11D153685D020ED4604A136899070A
:102CF00002D5E368012BA6D11368216923F0F803FC
:102D000043EAC103136072E7E268594BB2B1012292
:102D10001A60FEF7EBFB554D06462B689B0707D55F
:102D20002B68226923F0F80343EAC2032B605EE7B5
:102D3000FEF7DCFB801B0228EFD99AE71A60FEF74A
:102D4000D5FB4A4E054633689F077FF550AFFEF727
:102D5000CDFB401B0228F6D98BE76269444B82B158
:102D60000122C3F8802EFEF7C1FB404E0546736F6B
:102D70009B073FF540AFFEF7B9FB401B0228F6D991
:102D800077E7C3F8802EFEF7B1FB384E0546736F28
:102D90009F077FF530AFFEF7A9FB401B0228F6D94D
:102DA00067E7324B1A6C12F0805228D101921A6CEC
:102DB00042F080521A641B6C03F080530193019B14
:102DC00001272C4D2B68D8051BD5A368274D012B57
:102DD00027D12B6F43F001032B67FEF787FB234EB0
:102DE000054641F28838336F9A0739D5002F3FF4F2
:102DF00006AF1E4A136C23F080531364FFE60027CE
:102E0000DFE72B6843F480732B60FEF76FFB064609
:102E10002B68D905D9D4FEF769FB801B0228F7D9A6
:102E200027E7052B04D12B6F43F004032B67D0E772
:102E30002A6F22F001022A672A6F22F004022A6711
:102E4000002BCAD1FEF752FB41F2883806462B6FA1
:102E50009B07CBD5FEF74AFB801B4045F7D908E717
:102E6000FEF744FB401B4045BDD902E70038024055
:102E700000004742007000403C4DAA6802F00C027E
:102E8000082A41D0022B3A4B4FF000021A662ED18D
:102E9000FEF72CFB06462B68990122D4D4E90732B1
:102EA0001343626A43EA8213E26A43EA0263226BD3
:102EB00043EA0273A26A5208013A43EA02436B6092
:102EC0002B4B2A4D01221A66FEF710FB04462B6895
:102ED0009A013FF598AEFEF709FB001B0228F6D9D0
:102EE000C7E6FEF703FB801B0228D4D9C1E6FEF734
:102EF000FDFA04462B689B017FF585AEFEF7F6FAD6
:102F0000001B0228F6D9B4E6012B3FF49CAE6B6897
:102F1000E26903F4800191427FF495AE216A03F0E7
:102F20003F028A427FF48FAE616A47F6C0721A4050
:102F3000B2EB811F7FF487AEA26A520803F44031DE
:102F4000013AB1EB024F7FF47EAEE16A03F07062AA
:102F5000B2EB016F7FF477AE226B03F0E043B3EB8B
:102F6000027F14BF0120002084E600BF0038024029
:102F7000000047420F230360204B1A68510356BFDD
:102F80001A684FF4A02202F4803242601A6802F0FC
:102F90000102C2601A68C2F3C40202611A6F5207CA
:102FA00056BF1B6F052303F001038360134B5A6F59
:102FB00002F0010242611A6812F0807F0CBF012208
:102FC000022282615A6802F48002C2615A6802F0E9
:102FD0003F0202625A68C2F3881242625A6802F4DF
:102FE000403202F58032D20B82625A68C2F3036229
:102FF000C2625B68C3F30273036370470038024028
:1030000070470000F0B503685D689A68560685B0A1
:1030100004464FEA9211C2F3801708D4D60706D5AA
:103020006E0604D5036C05B0BDE8F040184796075E
:1030300004D5280602D5636C2046F4E741EA521114
:1030400002F4807001F0010101434FEA521657D09B
:10305000AA0655D57FB194F85120032A4FF00001FC
:1030600048D0626D42F0040262650091DA68009215
:103070009A680092009AF1070CD5626D42F0010245
:103080006265002202929A6802921A6822F0400257
:103090001A60029A40B1626D42F008026265002235
:1030A00003929A680392039A626D4AB35A6822F0B7
:1030B000E0025A60012284F85120AA0722D05A68FF
:1030C000E06C22F003025A6040B1104B0365FFF739
:1030D00011FB18B1636D43F040036365A06C78B1D8
:1030E0000A4B0365FFF706FB50B1636D43F04003E5
:1030F000636505E00191DA6801929B680193019B89
:1031000005B0F0BD2046FFF77BFFF9E7113100085D
:1031100008B5806B0023C387C386FFF771FF08BD26
:1031200070470000254A0368904212D0B0F1804FEA
:103130000FD0A2F57C4290420BD002F58062904203
:1031400007D002F58062904203D002F578429042A7
:1031500008D14A6823F070031343CA6823F440730C
:10316000134316E0164A9042F7D002F5806290426F
:10317000F3D002F580629042EFD0A2F598329042EF
:10318000EBD002F580629042E7D002F58062904277
:10319000E3D04A6923F08003134303608B68C36262
:1031A0000B688362054B984203D003F58063984215
:1031B00001D10B69036301234361704700000140A3
:1031C0000040014010B5044630B390F83D3003F0A4
:1031D000FF021BB980F83C20FFF7A2FF0223206802
:1031E00084F83D30211DFFF79DFF012384F8463010
:1031F000002084F83E3084F83F3084F8403084F872
:10320000413084F8423084F8433084F8443084F804
:10321000453084F83D3010BD0120FCE7036A10B54D
:1032200001F01F0101248C4023EA04030362036AB6
:103230008A401A43026210BD08B529B990F83E30A1
:10324000012B1FD0012035E0042907D190F83F3031
:10325000012BF7D1022380F83F3016E008290CBF7C
:1032600090F8403090F84130013B18BF0123002B0B
:10327000E8D108294FF002030CBF80F8403080F8F5
:10328000413002E0022380F83E3000680122FFF75F
:10329000C5FF164B984203D003F5806398420AD1CC
:1032A000436C43F400434364836803F00703062B35
:1032B00017D1002008BDB0F1804FF5D00C4B9842DB
:1032C000F2D003F580639842EED003F58063984214
:1032D000EAD003F59A339842E6D0A3F594339842A6
:1032E000E2D0036843F001030360E2E7000001401D
:1032F000000400400268C16838B5136923F44053E4
:103300000B431361054683680069D168034368690C
:103310000343E86921F4164121F00C0103430B43F8
:10332000D3605369A96923F440730B4353611F4B66
:103330009A4203D003F580639A4224D1FFF7CAFB77
:10334000EA691921B2F5004FD5E90043A0FB01015C
:103350001CD1DA184FF0000545EB050319F004F80D
:103360006422B0FBF2F102FB1103DB003233B3FB4A
:10337000F2F303F007025B0002EB011203F4F873AF
:103380001344A36038BDFFF795FBD9E79A009B0F64
:1033900018F0EAFF6422B0FBF2F102FB11031B01FB
:1033A0003233B3FBF2F303EB0113EAE70010014001
:1033B000704710B5044640B390F83D3003F0FF026B
:1033C0001BB980F83C20FFF7F3FF2268242384F820
:1033D0003D30D36823F40053D3602046FFF78AFFC3
:1033E00023681A6922F490421A615A6922F02A026B
:1033F0005A61DA6842F40052DA6000202023206427
:1034000084F83D3084F83E3010BD0120FCE7000018
:10341000044B054A9A60D3F8882042F47002C3F83E
:103420008820704700ED00E000000008154B9A6806
:1034300002F00C02042A21D0082A21D159685A68C6
:103440005B684902C3F388134CBF0F490F4902F070
:103450003F02B1FBF2F253430A4A5268C2F30142FF
:1034600001325200B3FBF2F3064A09499268C2F3F3
:1034700003128A5CD340074A13607047024BF3E79C
:10348000024BF1E70038024000366E010024F400E0
:1034900050F20108D001002038B50546044655F821
:1034A000043B9B6898472846FDF7BCF9236805460E
:1034B000DB6820469847284638BD10B50446FFF71C
:1034C000EBFFD4ED147A07EE100A67EE277A17EEB9
:1034D000900A10BD006D704770B50546064655F858
:1034E000044B54B902F006F8346824B9284602F0B7
:1034F000A5FD2C46356002F007F8AC4204D0034924
:103500000348732202F00EF8204670BD70DF0108F8
:103510007FDF010808B50348FFF7DEFFBDE808407C
:1035200002F094BDBC11002008B50348FFF7D4FF9A
:10353000BDE8084002F0A6BDBC11002038B5084B1C
:103540000360044602650D46FFF7E4FF2946201D8F
:10355000FCF74AFF2046FFF7E7FF204638BD00BFD3
:1035600068F2010838B50546064B45F8043B0446A9
:10357000FFF7D0FF284601F004F82046FFF7D4FFFC
:10358000204638BD68F2010810B50446FFF7EAFF8F
:103590002046542102F0CEFC204610BD03680122D3
:1035A0001B6900211847036800221B691146184750
:1035B0006FF01500704780F834130020704780F8D2
:1035C00050120020704790F83403704790F8500272
:1035D000704700207047012070476FF01C00704753
:1035E0000A4B10B5036048330446C0F8E430D0F805
:1035F000380310B103685B68984704F5407002F027
:103600005BFD204600F054FD204610BD80F201080D
:10361000A0F1E400FFF7E4BF10B50446FFF7E0FFB8
:1036200020464FF44F7102F085FC204610BDA0F1FA
:10363000E400FFF7F1BF10B4D0E901320168541083
:1036400001EB6200D20748BF0A595DF8044B48BF3E
:10365000D358184700207047012070476FF01C00B6
:10366000704700F0A9BCD0F8380308B520B100F0CD
:10367000E1FB003818BF012008BD30B5002587B038
:10368000CDE9005502AB0ECB044600F0CBFC84F82C
:10369000365307B030BD30B5012387B00025CDE9E2
:1036A000005302AB0ECB044600F0BCFC84F835534B
:1036B00007B030BD10B5044601F0C8FFD4E940237F
:1036C0009A420ABF94F80841002484F0010401F0F2
:1036D000D3FF204610BD38B500F540750446284696
:1036E00002F0B4FC04F5FA742046FFF7E3FF20B1C2
:1036F000284602F0C7FC002038BD284602F0C2FC74
:10370000012002F01BFC284602F0A0FCECE7A0F12F
:10371000E400FFF7E0BF38B50546E830FFF7CAFF21
:1037200080F001042846E4B2FFF79DFF18B144F48D
:103730000054204638BD95F8FC32002BF9D144F0F6
:103740001004F6E7A0F1E400FFF7E5BF38B5044642
:103750000D4601F07BFFD4F800312A78E2540133A2
:10376000B3F5807F05D90D490D484FF4AF7201F0D4
:10377000D9FE94F8082108BF0023C4F800312AB10B
:10378000C4F80431BDE8384001F076BFD4F8042114
:103790009A4204BF012384F80831F3E70AE00108E4
:1037A0001BE0010870B504460E4601F04FFFD4E956
:1037B00040239A4202D194F80851B5B1E35C3370CA
:1037C000D4F804310133B3F5807F05D909490A489B
:1037D0004FF4AF7201F0A6FE4FF0000208BF13468F
:1037E000C4F8043184F80821012501F045FF28467A
:1037F00070BD00BF0AE001081BE00108C36810B5F6
:103800002BB9044904484FF4FD7201F08BFEBDE86A
:103810001040184795E00108A0E0010884B070B599
:1038200005AC064684E80E0001F010FF94E80F0096
:1038300006F5497585E80F00D6F8303343B147F6F1
:10384000FF713046FFF767FF10B12846FFF7D6FF3C
:10385000BDE8704004B001F00FBFA0F1E400FFF735
:10386000DDBF08B5D0F830331BB100F54970FFF764
:10387000C5FF08BD73B500F1E80504462846FFF70B
:1038800019FF064694F8F03173B9204600F0A8FB02
:1038900050B1204600F03EFC0DF107018DF8070005
:1038A0002846FFF753FFEDE794F836332BB194F831
:1038B000F03113B12046FFF7E0FE4EB12846FFF786
:1038C000F9FE28B9204602B0BDE87040FFF7C9BF35
:1038D00002B070BD10B5044686B001F0B7FE94F892
:1038E000BC30BBB194F83633A3B92046FFF7C2FF12
:1038F00094F8F03173B90A4A0193CDE90323094BD7
:103900000093029402AB0ECB204600F08BFB012308
:1039100084F8363306B0BDE8104001F0ADBE00BFFC
:10392000753800083736000838B5044600F000FB4B
:103930000F4B236000254833C4F8E430C4E97A55BE
:10394000C4E9BD5584F8F05184F8FC5204F5407088
:1039500002F074FB01232046C4F83053A4F834333A
:1039600084F83653C4F83853FFF7B4FF204638BD07
:1039700080F201082DE9F0470646894615469AB3BC
:1039800000F54077384602F061FB06F1E808404652
:10399000FFF790FE0446A0B9404609EB040AFFF782
:1039A00089FE30B9514640460134FFF7FBFEA5427F
:1039B000F2D13046FFF78EFF384602F063FB204617
:1039C00007E096F8343338462BB902F05BFB6FF012
:1039D0000A00BDE8F08702F055FB012002F0AEFAC4
:1039E000384602F033FBD2E71046F2E7A0F1E400DC
:1039F000FFF7C0BF70B500F5407604460D4630466F
:103A000002F024FB2946204600F097FB2046FFF7F2
:103A100061FF304602F036FB002070BDA0F1E400EB
:103A2000FFF7E8BF73B5044690F8FC5200F5FA764C
:103A3000204600F0E6FA58B10DF107013046FFF7D5
:103A4000B1FE28B19DF80710204600F066FBEFE7B5
:103A500094F835333BB104F5FA70FFF72BFE10B143
:103A60002046FFF718FE65B194F8FC324BB92046AA
:103A7000FFF7F9FD28B9204602B0BDE87040FFF716
:103A8000F0BE02B070BDF8B505460C46164600F50E
:103A9000FA773846FFF70EFE20B1A719BC4205D1D0
:103AA0003046F8BD2846FFF7BDFFF2E714F8011BCA
:103AB000284600F032FBF1E730B5044687B001F04C
:103AC000C5FD94F8BD30CBB194F83533B3B9204679
:103AD000FFF7A8FF04F5FA70FFF7ECFD70B90A4B89
:103AE0000294CDE903300125084B0093019502AB08
:103AF0000ECB204600F096FA84F8355307B0BDE8A7
:103B0000304001F0B9BD00BF253A00083736000843
:103B10002DE9F04706460F461546002A43D001F02E
:103B200092FD044630B12A4639463046BDE8F0479A
:103B3000FFF7A9BF06F54078404602F087FA06F580
:103B4000FA7996F8FC3273B9A7EB040AA5420AEB9E
:103B5000040719D996F8FC32B3B939464846FFF73D
:103B6000F5FD0134F2E796F8343393B1404602F0A4
:103B700089FA012002F0E2F9404602F067FA96F86D
:103B8000FC32002BF2D1DFE73046FFF795FFA5426C
:103B9000D7D8404602F076FA002C14BF20466FF0CA
:103BA0000A00BDE8F0871046FBE7A0F1E400FFF74C
:103BB000AFBF70B500F5407604460D46304602F0C2
:103BC00045FA2946204600F003FB2046FFF774FF24
:103BD000304602F057FA002070BDA0F1E400FFF774
:103BE000E8BFE43002F032BAE43002F04BBA00EB46
:103BF00001105430C36803B1184770472DE9F843EA
:103C000005469946154B45F8043B04460F46904639
:103C1000002150222846089E16F0E2FC04F15400D0
:103C200004F1E4030022C26010309842FBD102F09C
:103C300005FA26B10A490B48272201F073FC4B46CE
:103C4000424639462846FDF7ABF828460649224643
:103C5000FCF78AFE2046BDE8F88300BF18F3010890
:103C600009E1010811E10108EF3B000884B073B5D8
:103C7000064607AC84E80E0056F8043B9B680546F0
:103C800098470A9B009394E80E003046FCF738FFF3
:103C90002B680446DB6828469847204602B0BDE8FA
:103CA000704004B070470000F7B506460D4656F860
:103CB000043B17469B680446984730463A462946D7
:103CC000FCF773FF2B7B082B064606D90023064919
:103CD000064800931A4601F051FE23682046DB682F
:103CE0009847304603B0F0BD1EE101081B0110806B
:103CF00084B02DE9F8439DF83460044600F1E408EF
:103D000004EB061709AD404685E80E00543702F073
:103D10009DF90C9AFB6804F10409A2B10BB901F0FA
:103D200047FE95E80F0004EB0614543484E80F00B6
:103D3000012248463146FDF767F84046BDE8F843A2
:103D400004B002F09FB90BB101F048FE0022FA6006
:103D5000EFE70000F0B5104B87B000250446036084
:103D60002F4602AEEBB2CDE90073204696E80E0076
:103D70000135FFF7BDFF092DF4D1251D2846FCF7BD
:103D800001FE2846FCF70EFE04F1E40002F094F96F
:103D9000204607B0F0BD00BF18F3010810B5044677
:103DA000FFF7D8FF20464FF4847102F0C3F8204695
:103DB00010BD000010B5044B044640F8203BFDF751
:103DC00053FB204610BD00BF30F3010810B5044678
:103DD000FFF7F0FF2046502102F0ACF8204610BD5E
:103DE0000346024A2030FDF745BA00BF7F3E000877
:103DF00070B505460E4B45F8043B04460E461C22A2
:103E00000021284616F0ECFB1022002104F12000CE
:103E100016F0E6FB0023E363E36431462046FFF738
:103E2000DFFF2846314600F00FFC204670BD00BF82
:103E300030F30108836840681B681840003818BFD9
:103E40000120704784B070B505AD85E80E000446CA
:103E500001F0FCFB089A04F1200672B195E80F000E
:103E6000303484E80F00012230460121FDF794F937
:103E7000BDE8704004B001F0FFBBE263F4E7012944
:103E800008B502D0022907D008BDC36B002BFBD0B8
:103E90003030FFF7B3FCF7E7C36C002BF4D04030B1
:103EA000F7E77047426810B48AB1D0E9033404F0F0
:103EB000010123B959B161105158CB5801E00029D3
:103EC000F9D1816802EB64005DF8044B18475DF896
:103ED000044B704770B5044600F14C05D0F8C4108F
:103EE000284600F011FED4F8D82092B1D4F8C8309A
:103EF0001BB9D4F8CC30D8070BD5D4E937314E10E4
:103F000004EB6100C90744BFA159CB5894F8D01005
:103F10009847D4F8B8102846FDF738FD22462846C1
:103F20000249BDE87040FCF7D3BB00BF294100083F
:103F3000F8B51E4B03601E4B436000251D4B85608A
:103F400017464C2204460E46C0E90555C0E9075500
:103F5000C360858445634564A0F8485029460061E4
:103F6000104416F03DFBC4E92D57C4F8A45040F2AC
:103F70000113A4F8BC30B388A4F8BE30B389A4F808
:103F8000C0304FF6FF732046C4E93165C4E93655A9
:103F9000C4F8CC5084F8D050A4F8D230A4F8D4306F
:103FA000C4F8E050FFF796FF2046F8BD40F3010843
:103FB000D53E0008A53E000870B50646044656F8F2
:103FC0004C3B0D461B68984730462946FDF7DEFC02
:103FD0002368C4F8B85020465B68BDE870401847B5
:103FE00038B50546044655F84C3B1B6898472846AB
:103FF000FDF77AFC236805465B682046984728460B
:1040000038BD38B50546044655F84C3B1B68984703
:104010002846FDF781FC236805465B6820469847E3
:10402000284638BD84B02DE9F04709AE86E80E0079
:1040300003689DF834701B680546984795F8BC30B6
:104040003C0103B18FB195F8BD300BB1012F0CD0FD
:1040500096E80F002C44983484E80F002B6828461B
:10406000BDE8F0475B6804B0184704F1980801F018
:10407000EDFAA8440C9AD8F80C3005F14C0982B13D
:104080000BB901F095FC96E80F002C44983484E8B5
:104090000F00012239464846FCF726FB01F0ECFAF6
:1040A000DCE70BB101F09AFC0022C8F80C20F1E724
:1040B00070B5124B86B000260360CDE9006602ADF4
:1040C00095E80E000446FFF7ADFF0123CDE900633C
:1040D000204695E80E00FFF7A5FF94F8BC3013B911
:1040E00094F8BD301BB104F14C00FDF75DFB206A74
:1040F00008B101F0D1F9204606B070BD40F30108C7
:1041000010B50446FFF7D4FF2046E42101F012FF6A
:10411000204610BD4C30FCF755BB10B54C300C465A
:10412000FCF76CFB204610BD00EB0110983008B581
:10413000C3680BB1FFF762FB08BD036870B50446A6
:104140001B680D46984794F8BC30AB4217D0E5B9D0
:1041500001F07CFA2A46294604F14C00FCF7C4FA27
:10416000D4F8A4308BBB01F087FA84F8BC5035B981
:1041700094F8BD301BB904F14C00FDF715FB236822
:1041800020465B68BDE87040184794F8BD304BB9D5
:10419000D4E90132511004EB6200D20744BF6258E7
:1041A000D358984701F052FAD4F8A430002BDAD053
:1041B00004F19800FFF722FB01F0FAFB0122002135
:1041C00004F14C00FCF790FACDE701F007FCCAE7D8
:1041D000036870B504461B680D46984794F8BD30D7
:1041E000AB4217D0E5B901F031FA2A46012104F1BA
:1041F0004C00FCF779FAD4F8B4308BBB01F03CFAF0
:1042000084F8BD5035B994F8BC301BB904F14C00AA
:10421000FDF7CAFA236820465B68BDE8704018477E
:1042200094F8BC304BB9D4E90132511004EB620070
:10423000D20744BF6258D358984701F007FAD4F820
:10424000B430002BDAD004F1A800FFF7D7FA01F060
:10425000AFFB0122114604F14C00FCF745FACDE713
:1042600001F0BCFBCAE770B5D0E90213D0E908251C
:104270000446521845EB030300F068F9636B23B161
:1042800004F12800BDE87040184770BD38B50446F9
:10429000154600F045F9064B236000220023C4E9CF
:1042A00008230023636384F83850204638BD00BFDC
:1042B00058F3010813B5044601A801F0F5F82046AB
:1042C00000F04EF9636B23B194F838300BB101F074
:1042D00085FB0023636301A801F0ECF802B010BD78
:1042E00070B5054614461E4600F03AF9C5E9084681
:1042F000A86900F0E9FB221846EB01032846BDE857
:10430000704000F023B984B073B5054607AC01A82E
:1043100084E80E0001F0C8F86B6B23B995F83830CB
:104320000BB101F045FB94E80F0005F1280686E883
:104330000F00DDE90C232846FFF7D2FF01A801F0AA
:10434000B9F802B0BDE8704004B0704710B504463B
:1043500000F0CCFB012201462046FFF797FF024BFD
:104360002360204610BD00BF64F3010830B5436BE5
:1043700085B00446B3B100F128030FCB8DE80F00E0
:104380000023636394F838306D460BB101F026FBCF
:10439000039B2BB9044905484FF4FD7201F0C2F8A4
:1043A0002846984705B030BD95E00108A0E0010817
:1043B00010B5044600F09AFB012201462046FFF7A3
:1043C00065FF024B2360204610BD00BF70F301085B
:1043D000437D10B504461BB1037D0BB101F0FEFA1D
:1043E000204610BD13B5044601A801F05DF8637DB9
:1043F00053B9237D0BB101F0DBFA206900F064FBB7
:10440000C4E900010123637501A801F053F802B06B
:1044100010BD37B504460D4601A801F045F800234C
:104420000022C4E900236B7D4BB1286900F04CFBEE
:10443000D5E90032C01A61EB0201C4E9000101A80C
:1044400001F038F8204603B030BD1FB5044603A87C
:1044500001F02AF821466846FFF7DBFFD4E9023174
:10446000009A9B18019A42EB0102C4E90232637D73
:104470001BB1237D0BB101F0B1FA0023637503A8D2
:1044800001F018F804B010BD30B585B004460D46F3
:1044900003A801F009F829466846FFF7BAFFD5E9F5
:1044A0000221009B9B18019A03A842EB0102C4E978
:1044B000003200F0FFFF204605B030BD13B50446C2
:1044C00001A800F0F1FF206900F0FEFA00220023AD
:1044D000C4E90001C4E9022301A800F0EBFF02B027
:1044E00010BDD0B5002300260027C0E90067C0E951
:1044F00002670446016102754375FFF7DFFF20463E
:10450000D0BD10B5044600F0F1FA01220146204664
:10451000FFF7E7FF204610BD03681B68184700003F
:1045200010B50446074B236000220023C4E9022390
:1045300000230846A161C4E90433034900F052FA9C
:10454000204610BD7CF301081945000807B500900E
:1045500000F10801806900F082FA03B05DF804FB05
:1045600000F10801806900F094BA000010B5034B17
:1045700003600446FFF7F4FF204610BD7CF30108FA
:1045800070477047EFF3108372B6054A117831B95E
:104590000449DB4303F001030B70012313707047E0
:1045A000E4110020E511002008B5EFF31083DB4390
:1045B00013F0010304D006490648362200F0B2FF8A
:1045C000054A1370054B1B7803B162B608BD00BFE6
:1045D0009DE10108B9E10108E4110020E511002086
:1045E000014B1878704700BFE411002070B50E46EB
:1045F00004461546FCF73AFD013609D02046002155
:10460000FCF758FD29462046BDE87040FCF74EBD3A
:1046100070BDF8B50F46044615461E46FCF726FD4C
:10462000013710D020685EB1A368186001212046D0
:10463000FCF740FD29462046BDE8F840FCF736BDB2
:10464000E3680004F1E7F8BD0022FFF7CFBF13468F
:104650000022FFF7DEBF0022FFF7F9BF07B50246D1
:104660008A4208460AD0531C08D0013005D00023E6
:1046700004490548009301F081F9104603B05DF844
:1046800004FB00BFD3E1010830010180B1F9003023
:104690005A1C01D118467047834201D148687047BF
:1046A0000C31F3E7421C13B504460AD0FFF7EEFFC6
:1046B000431C06D10023044904480093224601F01C
:1046C0005DF902B010BD00BFE4E1010830010180D6
:1046D000B1F900305A1C01D118467047834201D10C
:1046E000886870470C31F3E72DE9F041456895F88B
:1046F00032706FBB03685B6898472C6A844227D08E
:104700002B69A96895F934202862041B1C40A1FB81
:104710000441B2B16E6A361941F10001002A19DB79
:10472000C2F12000A2F1200326FA02F401FA00F0FF
:1047300021FA03F304431C43D14004FA02F2B21AF3
:104740006A62D5E90A321B1941EB0201C5E90A3157
:10475000BDE8F081D5F80C80304642463B4617F064
:1047600003FE08FB106604466E62EAE7824206D941
:104770008A420BD9884294BF0020012070478842AA
:1047800006D98A428CBF0020012070470120704763
:10479000002070472DE9F0414668336B23F07F48D5
:1047A00028F0FF080546B8F1000F5CD1FFF79CFF29
:1047B0007368002B59D0D3E90003D6E90A1281426D
:1047C0009A4104D32B68BDE8F0415B6918476C68D7
:1047D000D4E90A12401A63EB020CD4E90572E369CA
:1047E000824273EB0C031FD3E368A3FB000103FBBE
:1047F0000C1194F93330A3B1A26802F1FF3C1CEB19
:10480000000041F10001002B1BDBC3F1200CA3F1E0
:104810002002D84001FA0CFC40EA0C0021FA02F216
:104820001043874228BF0746236A1F4423691F405D
:10483000336ABB4209D11249124840F2C91200F052
:1048400071FE434617F090FDEBE72B6838461B6975
:1048500098472B685B6898473A460146306AFFF7ED
:1048600085FF0028AED1BDE8F0817369306A3269F6
:1048700018442B681040BDE8F0411B69184700BF81
:104880005DE201086FE201084368F7B593F8302054
:104890000446002A76D193F83230002B72D1036897
:1048A0001B6898472368DB69984703682BB936492A
:1048B000364800931A4601F061F8354A1E46114603
:1048C000B6FBF2F201FB12620E46002AF7D16568D0
:1048D0002F4AB2FBF1FC0126C5F808C01F22013A9D
:1048E00003D306FA02F7BC45F9D185F83320B3FBB0
:1048F000F1F21F23EA60012101FA03F6B24201D06E
:10490000013BF9D285F834304168081F1C2805D9CD
:1049100000232049204800931A46CCE720291CBFD9
:1049200001238B404FF007074FF0000607FA00F70E
:1049300014BF03F1FF334FF0FF33501E46F1FF3138
:10494000E7FB0C012B616F61334617F00DFD236807
:10495000C5E90601C5E900665B6898476368286297
:10496000002101220020C3E90A015E6220461A8666
:1049700083F83260FFF7B8FE204603B0BDE8F04090
:10498000FFF708BF03B0F0BD93E201080E010480F9
:1049900040420F00ACE2010805010480F3B4456811
:1049A000069C8C60C1E900236C68002734B9CC6098
:1049B0007FB9696002B0F0BCFFF7ECBE6668019693
:1049C0002668B242019E73EB0606F0D32746E468E0
:1049D000ECE7F960D5E90A4194429941EAD202B084
:1049E000F0BC704738B505460C46FFF74DFF00F0A8
:1049F0002DFE6B681C60BDE8384000F03DBE70B510
:104A0000054600F023FED5E90034DB68984794F8AA
:104A100032301BB1BDE8704000F02EBE012384F897
:104A200031306368A3B12846FFF75EFE6368D4E9BE
:104A30000A62D3E9000186428A4109D36A68DB68C9
:104A4000526863602368002BEBD090689847E8E7D2
:104A5000002384F831302846FFF79CFEDAE72DE981
:104A6000F34104460D4617461E46DDF8208000F04F
:104A7000EDFD2046FFF738FECDF800803A4633467C
:104A800029462046FFF78AFF02B0BDE8F04100F05A
:104A9000F3BD38B505460C4600F0D8FD6A6853688A
:104AA000A34209D1DB6853602846FFF773FEBDE8D7
:104AB000384000F0E1BD1346002BF8D0DA68A2427E
:104AC000F9D1E268DA60F2E738B50446FFF7DCFEB8
:104AD00000F0BCFD2046FFF707FE6368D3E90A45F6
:104AE00000F0CAFD2046294638BD7047004870478F
:104AF00080F30108024B1B680BB10248184770474E
:104B0000D401002080F30108B1F90C20B1F90410A0
:104B1000FCF774BF08B5BFF35F8F1C4BD3F8902030
:104B200012F47C4FC2F3072104D1194919483B22E2
:104B300000F0F8FC0022C3F8942010468A421FD1EE
:104B40001022C3F89C20144AC3F8A0201322C3F8F3
:104B50009C20124AC3F8A0201122C3F89C20104ABE
:104B6000C3F8A0200F4AC3F89C200F4AC3F8A02026
:104B70000722C3F89420BFF34F8FBFF36F8F08BD98
:104B8000C3F89820C3F8A0000132D7E700ED00E099
:104B900045E3010854E3010839F00206390702131E
:104BA0003FF50B131200008039000213102300F0B0
:104BB00007B8202300F004B8302300F001B84023E8
:104BC0009C46F0B404AE7546E80801D3EFF30986BD
:104BD0000E4F0FCE0FC70FBC0FC740464946524677
:104BE0005B460FC71DCE3100A60A00D304316E0903
:104BF00000D248311FC7EFF309806946EFF31486EE
:104C000063C76046014900F077F800BF201200201A
:104C1000F0B52B4E85B000243546214656F8042BBE
:104C20002848013400F0F6FC0D2CF6D1AB6C029351
:104C30006B6C01932B6C244C0093D5E90E23696BAC
:104C4000224800F0E7FC2168214800F0E3FCE16A1B
:104C5000A26AA36AA06A266BE76B000CCDE9016724
:104C60000090C3F307231B48D2B200F0D3FCA36A21
:104C70001E0603D5616B184800F0CCFCA36A18042B
:104C800003D5A16B154800F0C5FCEB6C190712D5D4
:104C9000134800F0BFFC2B6DDA070FD5114800F068
:104CA000B9FCEB6C5B074CBF0F48104805B0BDE882
:104CB000F04000F0AFBC0E4800F0ACFC0D48EEE751
:104CC0002012002061E3010800ED00E06FE301081D
:104CD000BEE30108CCE301081BE4010829E4010854
:104CE00037E4010846E4010876E4010882E401089B
:104CF00066E4010853E4010807B504460D461A4866
:104D0000012100F035FC68BB184800F083FC302C12
:104D100019D0402C1CD0202C1FD11548154C00F068
:104D200079FC154800F076FCFFF772FF134800F09D
:104D300071FC0D4B00221A700023114900932A4682
:104D4000204600F01BFE0F480F4C00F063FCE8E724
:104D50000E480F4C00F05EFCE3E70E480E4C00F0EE
:104D600059FCDEE70024E7E7ED1200208EE401089D
:104D7000B7E401083E01FF80E4E40108EFE4010824
:104D80000EE50108C6E401083F01FF80CFE40108F9
:104D90004001FF80DAE401083D01FF8070B505465F
:104DA0001846136814466FF0004293420E46049969
:104DB00005D229B115F0A4FA431C05D1206070BDBD
:104DC00015B1B34238BFE854236801332360F6E7D6
:104DD0002DE9F04F8DB0914618229DF868309DF86E
:104DE00060A00293074688460DEB02000021DDE932
:104DF000164615F0F5FB029B002B0CBF2023302339
:104E0000BAF1010F049325D1002E54DA644266EB07
:104E10004606D34606AB0393AAF10203DBB2002594
:104E20000593059B012B49D8BAF1020F04F00F033B
:104E30000CBF374A374A2409D25C44EA0674360963
:104E4000039B03F8012B039354EA060305F10105C4
:104E5000E7D10CE0AAF10403D3F1000B4BEB030BF9
:104E600054EA0603D6D130238DF818300125BBF162
:104E7000000F48D0029B3BB11B9B00934A462D2359
:104E800041463846FFF78AFF199B01359D4205DAF6
:104E9000199BAB421DDCBBF1000F0AD0029B3BB952
:104EA0001B9B00934A462D2341463846FFF776FF69
:104EB000013D06AC22E04FF0000BD1E72046314621
:104EC0000A22002317F050FA303204460E46D2B2BE
:104ED000B6E71B9B00934A46049B41463846FFF7C2
:104EE0005DFF199B013B1993D2E7013D1B9A2B5D96
:104EF000009241464A463846FFF750FF002DF4D154
:104F00000DB0BDE8F08F199B9D42C1DBD1E700BF1A
:104F1000EBF30108DBF301082DE9F04F95B01C46D7
:104F2000002383460D4613939246CAB1994217DB7C
:104F30000CBF012301F1FF3510934FF000081AF860
:104F400008308BB9BBF1000F0AD0109B43B9139BFB
:104F5000AB4295BF109A109B0BF803200BF805305D
:104F6000139815B0BDE8F08F252B40F05C8208F156
:104F700001031AF80320203AD2B20D2A07D842F6CC
:104F8000090121FA02F2D20748BF08F102031AF818
:104F900003202A2A1DD14FF0000901330434CDF833
:104FA00028901AF803102E290AEB030240F0E38040
:104FB00051782A292AD000260A275378303BD9B2C3
:104FC000092902F1010040F2D280CAF10103134421
:104FD0001FE0302A13D101331AF80320302AFAD007
:104FE00001220A9253444FF00009194611F8012B8F
:104FF000303AD0B2092804D9A3EB0A03D1E7002242
:10500000EFE70A2303FB09290B46EEE754F8046B8C
:1050100002331AF80320682A40F0B0800AEB03023A
:105020005278682A00F0BA801C22B4498A5C02F0E7
:105030000F01CB180E931AF80370692F00F2EA8063
:10504000572F00F2BC80A7F14603012B00F2E78046
:10505000073424F00704B4EC027B51EC170B8DED00
:10506000087B17F099F96FF000439E420C9107906E
:105070000D9100F03581002E00F05D8101220023AA
:105080000F920B930A229E4200F32C810C9916F08A
:10509000D5FC02460B46DDE9080116F045FB074644
:1050A00088460F980B9916F0C9FC02460B46384605
:1050B000414616F0F1FC0022074688460023DDE950
:1050C000080116F05BFF1190002800F01B81434699
:1050D0003A468B49002016F027FB17F05DF90F9B2D
:1050E00098420B9B88469941074608DB079B013B8A
:1050F00007930C9B63F100030D930027B846731CC4
:10510000A9EB030929EAE979079B0D9A134340F0BB
:105110002D81DDE908010022002316F02FFF002871
:1051200000F024811E9B05930A9BCDE90393042381
:10513000029300220023CDE9002313AA29465846F2
:10514000FFF746FE002E00F03D811E9B009313AA40
:105150002E2329465846FFF721FE1E9B0593012367
:10516000CDE903630023CDE9007802939CE007FBBF
:105170000636024621E76FF000464AE76C2A06D160
:105180000AEB030252786C2A0AD020224DE74C3AEF
:10519000D2B22E2A7FF649AF002248E7722246E7B4
:1051A000822244E7082B3AD8DFE813F021013900C6
:1051B0003900100139006A00390039006A00A7F18E
:1051C0005803112B2BD801A151F823F0815200086C
:1051D0001F5200081F5200081F5200081F520008EB
:1051E0001F5200081F5200081F5200081F520008DB
:1051F0001F5200081F520008B35300083B5200081A
:105200001F52000851500008515000081F5200085A
:105210003B520008A7F17003D9B20829C2D91E9BDE
:10522000009313AA252329465846FFF7B7FD0E9B86
:10523000252F18BF43460E93C4E0822A10D10734AD
:1052400024F007031C465B6854F8082B1E9905914F
:105250000A990092CDE9039101210291019323E083
:10526000112A54F8043B07D0722A15BF1A465AB2C5
:10527000D31743F3C013E9E71AB243F3C033E5E7AA
:10528000822A17D1073424F007021446526854F8D2
:10529000083B1E9905910A99752FCDE9039119D103
:1052A0000021CDE90032029113AA29465846FFF7A2
:1052B0008FFD87E0512A54F8043B09D0722A03D0AD
:1052C000112A03D00022E4E7DBB2FBE79BB2F9E747
:1052D000DA17DEE7582F01D10321E2E70221E0E7E8
:1052E0000626CBE60B9951438C460F99A1FB027120
:1052F00061440F970B910133C5E600BFACF3010881
:105300000000E03F4D4B00223846414616F00EFAB1
:1053100017F042F80F9B98420B9B8846994107462D
:10532000FFF6EDAE079B119F013307930C9B43F1F2
:1053300000030D93E2E60C9916F080FB02460B4643
:10534000DDE9080116F0F0F902460B46CDE9082325
:105350003A4B002216F030FEA0B1079B01330793B1
:105360000C9B43F100030D933746B0461E9B0593FB
:105370000A9BCDE9039301230293079B00930D9BA6
:105380000193DAE6DDE908012D4B002216F0F6FD67
:1053900060B1079B5F1E0C9B63F1000857EA08038E
:1053A0003FF4C0AE0797CDF83480DDE73746B0460E
:1053B000AAE61E9A14F8043B0092294613AA5846FE
:1053C000FFF7ECFC0E9B03F10108B8E554F8047BF1
:1053D0003E443B78002BF5D0B742F3D01E9A0092A2
:1053E000294613AA5846FFF7D9FC0137F1E71E9B5F
:1053F00054F8046B009313AA302329465846FFF74C
:10540000CDFC1E9B009313AA782329465846FFF72C
:10541000C5FC1E9B05930023CDE9033303230293B0
:105420000096F3171AE71E9A0092294613AA5846C7
:10543000FFF7B4FCCDF83880C4E700BF0000E03FC0
:105440000000E0BF0FB41FB50849096806AB8968C2
:1054500053F8042B009100206FF000410393FFF7F5
:105460005BFD05B05DF804EB04B07047000A002056
:1054700013B500240094FFF74FFD02B010BD07B52F
:10548000134600900A4600206FF00041FFF744FDEC
:1054900003B05DF804FB0000024B1B6803B1184722
:1054A000704700BF7412002010B5044600F0CEF81B
:1054B000204610BD10B5044600F0DEF8204610BDB1
:1054C000036870B51B690122002104469847051E38
:1054D0000DDB236802221B690021204698472368C0
:1054E000064629461B69002220469847354628462D
:1054F00070BD0000034B186818B14FF0FF3102F087
:10550000A7BA7047981D0020024B186808B102F036
:10551000BBBA7047981D002012F068BD14F0B8B9EE
:1055200012F0FABB07B50B46009201460022014873
:1055300000F024FA4401FF8003460122D3E84F0F14
:10554000C3E8412FC0B20029F8D17047D0E85F3FCF
:105550005B18C0E8523F002AF8D198B27047D0E8F3
:105560005F3F5B1AC0E8523F002AF8D198B27047FB
:105570000346D3E84F0FC3E8421FC0B2002AF8D158
:10558000704708B500F062F8FEE773B500220146E7
:105590000446022000F03EFB0D2600F057F80022E2
:1055A000254614F8013B23B902B0BDE8704000F075
:1055B00063B80A2B09D10D2A07D001220DF107018A
:1055C00002208DF8076000F025FB01222946022009
:1055D00000F020FB14F8012CE2E7000000B5A3B0B6
:1055E00002460B4601A88421FFF742FF832806D913
:1055F000074B1A681B79CDF883208DF88730002877
:1056000002DD01A8FFF7C1FF23B05DF804FB00BF76
:105610001EE501080FB407B504A951F8040B019168
:10562000FFF7DCFF03B05DF804EB04B07047EFF365
:105630001080C04300F001007047EFF30580003890
:1056400018BF01207047FEF7CBBF000008B5FEF77A
:1056500099FF064A1368591C04D1054905483F22A1
:10566000FFF760FF0133136008BD00BF7812002010
:1056700081E5010891E50108044A136823B1013B63
:1056800013600BB9FEF790BF704700BF781200207F
:1056900008B50B48FFF750FF28B1FFF7D7FFBFF35E
:1056A0004F8F20BFFDE7FFF7C8FF08B1FFF769FF85
:1056B000FFF7BDFF0028F9D0012000F001FC00BF7A
:1056C000EC1200202DE9FF41494C0E46216801F003
:1056D000C043B3F1C04F0CBF4D428DB2C1F307437D
:1056E0008046174643482A46FFF794FF6FF49873A5
:1056F0001D44132D0FD8DFE805F00A5255585B61A1
:105700005E640E0E0E0E0E0E0E0E0E0E0E67A168CD
:105710003948FFF77FFF4046FFF737FF616837489A
:10572000FFF778FF4EB13648FFF72FFF3046FFF7FF
:105730002CFF34483946FFF76DFFA1683248FFF768
:1057400069FF2368314A1A44012A02D9304A934238
:105750003ED1A268002A40D1E368002B45D05968A9
:105760002C48002908BF0146E0690390A069029017
:105770006069019020690090274D2848002A18BFD1
:1057800005462A462648FFF745FF21682548FFF7CA
:1057900041FF254804B0BDE8F041FFF73BBFA168D9
:1057A0002248B6E7A1682248B3E7A1682148B0E7DC
:1057B000A1682148ADE7A1682048AAE7A168204870
:1057C000A7E7A1681F48A4E71F48FFF723FFA2E748
:1057D0001E4A9342BDD00022BEE792F84C20C2F38D
:1057E000C00282F00102D2B2B6E70A49BCE700BFAC
:1057F00080120020D7E5010828E60108D0E601085C
:10580000E1E60108E9E60108EDE60108C2FE007FD5
:105810004001FF80C2E501080DE50108CCE5010863
:1058200001E701085AE70108B0E701083EE6010870
:105830004EE601085DE6010870E6010884E601080D
:1058400098E60108A7E60108BDE601083D01FF80D2
:105850007047000070B5294B8EB010EA200538BFA4
:105860001D460C4616460021302202A814F0B8FE50
:10587000234B01952B44012B039402D9214B9D42CC
:1058800032D1E36B0293636B08931F4B5B69049304
:10589000DA6B05925A6B1B6B06920793FFF7D6FEE5
:1058A0001A4A13680133012B136009D101AD0FCDE2
:1058B000174C0FC40FCD0FC40FCD0FC42B6823603E
:1058C00001AC0FCC134D0FC50FCC0FC50FCC0FC5BE
:1058D00023682B60104B1B68A5F1300053B198472B
:1058E000FFF7CAFE0EB070BD0C4B9D42C9D00296A8
:1058F00001ABC9E7FFF7ACFFF2E700BF0101FF8092
:10590000C2FE007F4001FF80DC020020E812002080
:10591000B4120020801200207C1200203D01FF8084
:105920000FB407B50D4801217546FFF721FE044667
:1059300088B901462A460A48FFF78CFF09482246E3
:105940002146FFF7BFFE049805A90191FFF746FE27
:105950000548FFF71AFEFFF79BFE00BFED1200207F
:105960000001FF80CAE701080CE50108002070472C
:10597000014B1878C0B27047ED12002080B5064682
:105980000C460A480121F04617461D46FFF7F0FD78
:1059900048B9424639463046FFF75CFF029A29462D
:1059A0002046FFF78FFEFFF773FE00BFED120020C9
:1059B00013B5074C01212046FFF7C8FD034628B95F
:1059C0000090228803490448FFF7D8FF02B010BDB9
:1059D000EE120020DFE701082301048013B5094C13
:1059E00001212046FFF7BBFD4FF6FF73984206D119
:1059F00000230093228804490448FFF7BFFF02B048
:105A000010BD00BFEE12002001E80108240104804F
:105A1000034B188880B2B0FA80F04009704700BF8D
:105A2000EE12002008B5FFF711FEFFF7F1FF28B1D5
:105A3000FCF77EF9BDE80840FFF71EBEFCF766F9EB
:105A4000F8E70020704700207047000007B50023EA
:105A50000249034800931A46FFF790FF1FE8010828
:105A60002901018008B5012000F02AFA074A0849F7
:105A700013681844884289BF064B10600C224FF00F
:105A8000FF308CBF1A601846704700BFD801002055
:105A900000FC0120EC83002000207047024B5822BC
:105AA0001A604FF0FF307047EC83002001207047F0
:105AB0000120704708B502F023FF08BD08B502F0C9
:105AC00027FF08BD08B502F029FF08BD08B502F0A0
:105AD0002DFF08BD10B50446037803F00303012B26
:105AE00008D0FFF707FD237803F00302012A03D152
:105AF000FFF70AFD002010BD2AB10549054840F214
:105B0000D362FFF70FFD43F0020323700120F2E799
:105B100087E8010899E8010808B5037803F0030253
:105B2000022A05D00749084840F2DC62FFF7FAFC78
:105B300023F0030343F001030370BDE80840FFF7BF
:105B4000E3BC00BF87E80108B7E801083F2870B54B
:105B500004462CDC174E56F820305A1C25D102285A
:105B600023DCFFF770FF0346E8B92046FFF769FF23
:105B70000346C0B9104D2B68BFF35B8FDB0711D410
:105B80002846FFF7A7FF68B10C490D484FF4E132F2
:105B9000FDF7CAFE0B4A0C490948FFF787FF284664
:105BA000FFF7BAFF094B46F82430184670BD0023B2
:105BB000FBE700BFDC010020F0120020FCF301082D
:105BC000F4120020C8010020E1350008D81300209D
:105BD00038B5041E06DA14F00BFF092303604FF0FA
:105BE000FF3038BDFFF7B2FF084B002543F82450C3
:105BF0000028F0D003685B699847041E04DA14F0AB
:105C0000F7FE64420460EAE72846EAE7DC01002088
:105C1000FFF7DEBF38B50C461546FFF797FF38B9DA
:105C200014F0E6FE092303604FF0FF34204638BD30
:105C300003682146DB682A469847041EF6DA14F00A
:105C4000D7FE64420460EFE738B50C461546FFF70F
:105C50007DFF38B914F0CCFE092303604FF0FF3408
:105C6000204638BD036821469B682A469847041E93
:105C7000F6DA14F0BDFE64420460EFE710B5FFF7FA
:105C800065FF30B914F0B4FE0923036000242046F8
:105C900010BD0368DB699847041EF8DA14F0A8FE0B
:105CA00064420460F2E700002DE9F74F06460F4614
:105CB0009046FFF7C2FC054630B100232D492E481F
:105CC00000933246FFF75AFEFFF7B1FC0028F4D0EC
:105CD000B8F1000F09DA14F08BFE162303604FF0C1
:105CE000FF34204603B0BDE8F08F3046FFF7C6FF13
:105CF000044640B1DFF884A01AF806B02C464FF0F5
:105D00000D09A84512DCA045EBDDA8EB040239190A
:105D10003046FFF77FFF431CE1D00444002CC1BF95
:105D20003F19164B17F8012C9A55DAE77B5D0A2BC1
:105D30001BD1BBF10D0F18D0AC420BDA39192A1B5D
:105D40003046FFF767FF411CC9D00444A542C8DCB8
:105D50000AF806B001220A493046FFF75BFF421CF1
:105D6000BDD00028BDD00AF8069017F805B001355F
:105D7000C7E700BFEEE801082F01018030160020C0
:105D800028E90108FFF77ABF7FB504460D4616469D
:105D9000FFF753FC30B100232049214800932246ED
:105DA000FFF7ECFDFFF743FC0028F4D0002E07DAE4
:105DB00014F01EFE162303604FF0FF3004B070BDD8
:105DC0002046FFF75BFF00B3164E01220DF10F01D5
:105DD0002046FFF739FF431CF0D00028EED09DF895
:105DE0000F300D2B08D1325D0A2A0AD01A460A2339
:105DF00032552B700120E1E70A2B04D1325D0D2AC8
:105E0000F3E73355E1E71A46F2E7324629462046E2
:105E100004B0BDE87040FFF717BF00BF2AE90108D2
:105E20002F0101807016002038B50C461546FFF78B
:105E30008DFE38B914F0DCFD092303604FF0FF3408
:105E4000204638BD036821461B692A469847041E30
:105E5000F6DA14F0CDFD64420460EFE7FFF7E4BF2B
:105E600010B5FFF773FE30B914F0C2FD09230360CB
:105E70004FF0FF3010BD03689B699847041E04DA99
:105E800014F0B6FD64420460F2E70020F2E700007F
:105E90000A4D08B52B680446986814F0E1F82B68A1
:105EA000D86814F0DDF80120FFF7DAFF0220FFF7D1
:105EB000D7FF0CB1FFF765FBFEE700BF000A00202B
:105EC00008B5FFF7E5FF38B50D46FFF73FFE04467E
:105ED00030B914F08DFD092303604FF0FF3038BD59
:105EE0000368DB69984700280CBF4FF400434FF468
:105EF00000536B60236820469B6A98472861002006
:105F0000EDE7FFF7E0BF000013B5044612F05EF8BE
:105F1000034628B90090034903482246FFF72EFDA7
:105F200002B010BD66E901081F01018012F04EB8F1
:105F300012F054B812F052B812F050B800F006B98E
:105F40001FB50023CDE90013031D044602936846E4
:105F50001023039300F07CFE206020B9034904481D
:105F60003522FFF7DFFA04B010BD00BFDFE90108FA
:105F7000EEE9010810B50446FFF7E2FF204610BD28
:105F8000006800F07DBE10B50446006800F0D6FE43
:105F9000204610BD10B49DF804400CB942F0020236
:105FA00000685DF8044B00F09BBE07B500931346F4
:105FB0000022FFF7EFFF03B05DF804FBFFF7F5BF2A
:105FC00038B5FFF743FB01F007F808490B68086094
:105FD0008342074B82BF1A6801321A601D6804466B
:105FE000FFF74AFB2046294638BD00BFBC160020FB
:105FF000C01600201FB5002303620D4B002918BFF7
:106000000B460093031D02931C230446039368462A
:106010000B23019301F004FD206038B9FFF7A8FCC1
:1060200020B9044904483E22FFF77CFA04B010BDB1
:10603000F2E9010866EA010870EA010810B50021DA
:106040000446FFF7D7FF204610BD000037B50446D1
:106050004FF0FF31006801F0FBFC054648B1FFF747
:1060600087FC034640B90090044905482A46FFF7DB
:1060700085FC236A0133236203B030BD94EA010832
:1060800015010280036A013B13B50362006801F049
:10609000FBFC044648B1FFF76BFC034628B90090AF
:1060A000034904482246FFF769FC02B010BD00BF57
:1060B000A6EA01081701028010B50446006801F045
:1060C000FFFC204610BD00001FB504460023CDE9AB
:1060D0000033231D104602936A461023039301F0F8
:1060E00017FE206020B9034903483722FFF71AFA48
:1060F00004B010BD14EB010822EB010810B54FF6F7
:10610000FF720446FFF7E0FF204610BD07B50068A8
:106110004FF0FF3101F014FE024628B1002304497C
:1061200004480093FFF72AFC03B05DF804FB00BFAE
:1061300031EB010814010280006801F029BE10B59E
:106140000446006801F052FE204610BD08B538B183
:1061500000F030FC20B103490348E322FFF7E2F9E5
:1061600008BD00BFA4EB010838EC0108036910B5B5
:1061700004462BB90B490C484FF4FD72FFF7D2F9D6
:106180000430984704F15C00FFF760FF002363616F
:10619000012384F83D3004F14000BDE81040FFF7D2
:1061A000CBBF00BF95E00108A0E001082DE9F04752
:1061B000DDE9085799466B07044618BF25F0070626
:1061C000884692464FF000014FF0440200F18000F3
:1061D0000CBF2E46083614F003FAB5FA85F30021F9
:1061E0005B0984F83C30616184F83D10202204F1A1
:1061F0001C0014F0F5F94D44074BC4F830A0AD1B5A
:1062000025F00705002F08BF1F46E562A761A662BB
:10621000C4F83480BDE8F08747EC010813B5049C4E
:10622000CDE9003413460A460021FFF7BFFF02B054
:1062300010BD000084B0F8B5044600F15C0707AD5E
:10624000384685E80E00FFF701FF636913B994F83B
:106250003D3043B13846FFF715FF6FF00300BDE84E
:10626000F84004B07047A36A53B324490023E26A9C
:10627000B3EB920F38D34423636204F180032362AB
:1062800095E80F00261D86E80F001D4804F118024E
:10629000214602F0E7F9606158BB94F83C302BB11D
:1062A000A06A08B1FFF748FE0023A3623846FFF753
:1062B000E9FE04F14000FFF73FFF6FF00200CEE778
:1062C000E06A104B1049984294BF20F003004FF051
:1062D000FF30FFF72BFEA0620028C6D13846FFF73B
:1062E000D1FE6FF00400BAE7A26A42F8231001332E
:1062F000BDE73846FFF7C6FE0020B0E7A52E5AE2FC
:106300006D610008FBFFFF7F14F9010870B500F113
:106310005C0504462846FFF799FE04F140006669D3
:10632000FFF70AFF0023636194F83D302BB100248E
:106330002846FFF7A7FE204670BD012384F83D30B4
:10634000002EF4D0304602F0B9F90446F0E7000020
:1063500010B50C4B03600446FFF7D8FF94F83C30AF
:106360002BB1A06A08B1FFF7E7FD0023A36204F197
:106370005C00FFF7A1FE04F14000FFF7E0FE2046BD
:1063800010BD00BF1CF4010810B50446FFF7E0FF84
:106390002046C421FFF7CEFD204610BD70B504464F
:1063A00000F14005284604F15C06FFF7AFFE3046D9
:1063B000FFF74CFE646924B1064907489222FFF7B3
:1063C000B1F83046FFF75EFE2846FFF7B5FE2046DF
:1063D00070BD00BFBCEC0108C7EC010838B5002354
:1063E0000446C36519B90A4600F011F803E0002A13
:1063F000FAD100F043F8204638BD10B5044600F04D
:106400004FF8204610BD4FF0FF3100F058B9032976
:1064100038B5044607D9D31C23F003039A1A891A06
:1064200021F003011A460023E26063610D4615BBAB
:10643000C4E9065123612262256000F00AFA00F0E7
:1064400009FAC4E90A5560602581A57284F82450D0
:1064500004F1300000F00AFA00280BDB04F14800D8
:1064600000F0FCF9002805DB04F14C0000F0F6F91F
:1064700000EAE07038BD01336D08D8E770B5054615
:1064800008460E4611F0A2FD044630B102463146E0
:106490002846FFF7BCFF6C6170BD4FF0FF30FBE793
:1064A00070B505680446B5B9A36A1BB1E06A4FF040
:1064B000FF31984704F14C0000F0D2F904F1480094
:1064C00000F0CEF904F1300000F0D8F96069BDE8C1
:1064D000704011F083BDEE6836B9EB6913B105F178
:1064E00024009847AD68DEE7F36913B106F1240094
:1064F0009847F668F0E7F8B5064600F14C073846CD
:1065000001F1270500F0ADF9B46925F0030506F1A6
:1065100018035CB9F3699D4224D8346A5B1BF361AC
:106520006219012332622560A37108E01C682268A9
:10653000954213D8E26872B11A60A3689360384636
:1065400000F091F900234FF0FF32C4E90532E36116
:1065500024342046F8BDA2681A60F0E704F108036D
:10656000A468D6E7384600F07EF9F2E7F8B551F8AE
:10657000083C05460C460BB108469847EB6833B11A
:10658000A4F12406B34202D82B6AB34203D20023FB
:1065900004F81E3CF8BD05F14C07384600F061F9DF
:1065A000AB6905F11802ABB1136854F8241C1868E4
:1065B00088420BD30ED144F8183C9B6844F81C3C2D
:1065C00038461660BDE8F84000F04DB903F1080206
:1065D0009B68E8E7002344F8183C1368EEE7F8B539
:1065E0004B699B1A0546164600F14807002BA8BFC9
:1065F000D21803894A618B8038460C4600F031F985
:106600002B682A46002B30D058696169A0EB010C39
:10661000BCF1000F25DB88422BD19B68A36013B12E
:1066200004F1080119612146136841F80C3F00206C
:1066300098601961AB6A146022616BB195F82420EF
:1066400052B12A68A24207D1E2682AB96169E86AB0
:10665000891B21EAE17198473846BDE8F84000F00F
:1066600002B903F108029B68CCE7A3600023E36052
:10667000E0E7214641F8083F1961F7E7F8B514460D
:1066800005460F46A2F1240600F0E4F854F8103C49
:1066900044F8047C03440246314644F8103C284642
:1066A000FFF79DFF2B6914F81E4C9C40EB68F61A0F
:1066B00005F13000344300F0E3F82046F8BD2DE941
:1066C000F34704460F4600F0C5F84FF000080546B2
:1066D00007EB000984F8248004F14806304600F0F6
:1066E000C0F863685B1B002B2368D8BF656001930B
:1066F00001A9002B3CD05A69521B002A34DD2360CB
:106700001C61C1F80080019D15B1238901332381EB
:10671000304600F0A8F801A965BB019D002D36D1D7
:1067200000F098F8002F82465DDBA9EB0005002DF4
:106730005BDCA36A9BB1304600F093F8A36A43B1D7
:10674000226832B15169E06AA1EB0A0121EAE171E4
:106750009847012384F82430304600F084F8002361
:10676000A37202B0BDE8F08703F108019B68C0E79F
:106770002360C6E7A8682B4600229A601A46DB68A9
:10678000002BFAD10A6005F108010546C4E72B6A1F
:10679000D5F808A013B105F124009847AA69002A8A
:1067A0000BDB6B6913446B6100F054F82946024619
:1067B0002046FFF714FF5546B0E7E3686BB1AB42E4
:1067C0000BD8236AAB4208D3AB7922690133DBB221
:1067D00013FA02F208BF0123AB7105F12401204630
:1067E000FFF7C4FEE7E74FF0FF35304600F039F819
:1067F00023683BB15869A0EB0A0020EAE0708542AB
:1068000028BF0546304600F02EF8294604F1300036
:1068100000F039F8A37A7BB1304600F022F8A37A71
:106820003BB100233046A37202B0BDE8F04700F050
:106830001AB8304600F017F800F00CF805464DE79E
:1068400040F8101C704740F80C1C704740F8081CBA
:106850007047704708B5FFF7B3FB08BD00207047CD
:106860007047FEF7F3BEFEF707BF000008B5024908
:10687000FFF780FB002008BDD7EC0108FFF783BBC2
:106880000121FFF77DBB08B5012341EAE1721946FA
:10689000FFF794FB431E5842584108BD10B4D0E99D
:1068A00001320168541001EB6200D20748BF0A5957
:1068B0005DF8044B48BFD358184700001EF0040F82
:1068C0000CBFEFF30880EFF30980816911F8021C17
:1068D000002932D101B590E80F10E047BDE8005023
:1068E0008CE80300244B93E80600914208BF7047F0
:1068F0001A6041B91EF0100F10D1204B186820F01B
:10690000010018600AE02CE9F00F1EF0100F08BF1C
:106910002CED108A81F822E0C1F838C0906B92F813
:10692000221061F0FF0E1EF0100F08BFB0EC108AAD
:10693000B0E8F00F80F309887047114A1368994254
:10694000FAD801B552F821C00FC8E047BDE80050A1
:10695000CCF80000704701B501F0AAFABDE801408B
:10696000EFF3098CBEE701B501F066FABDE801401E
:10697000EFF3098CB6E70000F002002034EF00E0EE
:10698000CCF4010808B5014630B96FF0030000F0FF
:10699000EEF96FF0030008BD132001F0FFFD30B9E0
:1069A0004FF0FF3000F0E3F94FF0FF30F3E7002045
:1069B000F1E7000008B5EFF305834BB9EFF310835F
:1069C00033B9EFF311831BB9DFF814C000DF08BD42
:1069D0006FF0050000F0CBF96FF00500F7E700BF9E
:1069E00085690008EFF310832BB9EFF311800038AD
:1069F00018BF0120704701207047000010B5034602
:106A000028B30468806860B110F0030202D1DB682B
:106A10000F2B25D86FF00801002002F06FF800203E
:106A200014E0DB68002BF5D1104BD3F8900080B157
:106A300000F071FBB0B1012383700023C0E9023381
:106A4000F3220A4B02700A4A44605A6610BD04469B
:106A5000EAE7D3F880000122102100F0E8FAE9E724
:106A60001346E9E76FF00401D7E700BFDC0200201E
:106A7000456B000810B5044610B10378F32B07D01E
:106A800020466FF0030102F039F86FF0030010BDEB
:106A9000836863B1204601F067FB00226FF00201BA
:106AA00001F0D6FCA0680028F4D101F0CBFB002354
:106AB0002370A378DB0701D40020E8E7064BD3F866
:106AC0009000214610B100F041FBF5E7D3F88000BB
:106AD00000F0E0FAF0E700BFDC020020930710B5F9
:106AE00002F0010422D400F10C0384B153E8000F3A
:106AF00000EA01028A4203D0BFF32F8F002005E095
:106B000020EA010243E8002404B1EFE710BD53E896
:106B1000000F084203D1BFF32F8F002005E020EAC9
:106B2000010243E8002404B1F1E7EFE7C06800EA9E
:106B300001031CB1994218BF0020E7E7002B08BFF2
:106B40000020E3E7F8B58468054604B9F8BD94F879
:106B50002320616AA7682846FFF7C0FF064638B1C0
:106B6000204601F00AFB00223146204601F070FC6D
:106B70003C46EAE7F8B50D4617461E46044620B1E6
:106B80000378F32B01D1002907DA20466FF00301C7
:106B900001F0B4FF6FF00300F8BDFFF79FFF00287E
:106BA000FAD186B13146432001F0F8FC40B1074BE1
:106BB0005E692046314601F0C5FA756286F8237099
:106BC0006FF00100E8E76FF00200E5E7DC0200206B
:106BD0002DE9F041064620B10378F32B01D10029BD
:106BE00009DA6FF00301304601F088FF6FF003050A
:106BF0002846BDE8F08100F10C0353E8002F42EA7B
:106C0000010543E8005000B1F7E7B4681CB920461D
:106C100001F018FBECE794F82320616AD4F80880AF
:106C20003046FFF75BFF074678B194F823309B07A7
:106C300056BF656A054620EA0505204601F09DFA23
:106C400000223946204601F003FC4446DEE70000FE
:106C500008B50246EFF3058333B100206FF005015C
:106C600001F04CFF002008BDFFF7BCFE0028F4D166
:106C7000DFF808C0104600DFF5E700BFFD69000837
:106C800038B502460D46EFF305834BB192B96FF06C
:106C90000301104601F032FF6FF00304204638BDB7
:106CA000FFF7A0FE0028F1D1DFF830C0104600DF6A
:106CB0000446F3E71378F32BE9D1002DE7DB02F16B
:106CC0000C0353E8001F41EA050443E8004000B10B
:106CD000F7E7104601F034F9E0E700BFD16B000898
:106CE000F8B504460E4617461D46EFF3058343B13B
:106CF0008CB920466FF0030101F000FF6FF0030034
:106D0000F8BDFFF76FFE0028F2D1DFF82CC0204657
:106D10002B4600DFF4E72378F32BEAD1002DE8D1EE
:106D2000002EE6DB3A4631462046FFF7D7FE002824
:106D300008BF6FF00200E3E7756B000808B5024674
:106D4000EFF305833BB110466FF0050101F0D6FE6D
:106D50006FF0050008BDFFF745FE0028F3D1DFF80E
:106D600008C0104600DFF5E7756A000870477047F5
:106D7000EFF310832BB9EFF31180003818BF012017
:106D80007047012070470000014BD868704700BF72
:106D9000DC02002070B5464C237A012B00F0858080
:106DA00033B14FF0FF3001F09DFE4FF0FF3070BD6A
:106DB000404DD5E90B61EB68E3652B8AA4F85430AC
:106DC0003046AB68236400F01BF908B1C4F880605A
:106DD000D5E90561304600F013F908B9D4F88060B0
:106DE0006667D5E90761304600F00AF908B9D4F8BA
:106DF0008060A667D5E90961304600F001F908B95D
:106E0000D4F88060E6676E6B3EB1D6E90223316844
:106E1000304600F05FF9C4F88460AE6B3EB1D6E94D
:106E200002233168304600F055F9C4F88860EE6BF3
:106E30003EB1D6E902233168304600F04BF9C4F880
:106E40008C602E6C3EB1D6E902233168304600F0EA
:106E500041F9C4F890606E6C3EB1D6E90223316806
:106E6000304600F037F9C4F89460AE6C3EB1D6E914
:106E700002233168304600F02DF9C4F89860EE6CBA
:106E80003EB1D6E902233168304600F023F9C4F858
:106E90009C602D6D3DB1D5E902232968284600F09C
:106EA00019F9C4F8A0500123237200207FE700BF26
:106EB000DC0200205CF4010870B5254D2B7A012B13
:106EC00007D06FF0060001F00DFE4FF0FF342046B2
:106ED00070BD01F0A5FB10B94FF0FF30F3E71D4A7C
:106EE0001D4E1E497068FF2382F8223092F822302E
:106EF000D26863F0FF03DB4314BFB3FA83F32023AC
:106F0000C3F12003C2F30222934298BF531CFE2216
:106F100002FA03F30F4ADBB2D37701F05BFC0446BD
:106F20000028D9D101F08EFC286101F073FC0C48D7
:106F300001F01AF901F07EF93368DB074CBF022338
:106F4000032383F31488BFF36F8F02232B72BEE7F2
:106F5000DC02002000ED00E05CF401086769000835
:106F6000F8020020704738B504460D46FFF7FEFED4
:106F700029462046BDE8384001F076BD08B5FFF748
:106F8000F1FFEFF3058333B16FF0050001F0AAFDC7
:106F90006FF0050008BDFFF7EBFE0028F4D1DFF825
:106FA00008C000DFF6E700BF956D000808B5EFF3F5
:106FB000058333B16FF0050001F094FD6FF005001B
:106FC00008BDFFF7D5FE0028F4D1DFF808C000DFC8
:106FD000F6E700BFB96E000808B5EFF3058313B1FB
:106FE000054BD86808BDFFF7C3FE0028F8D1DFF8CD
:106FF0000CC000DFF6E700BFDC020020896D00084E
:1070000010B5034688B1084310F007000DD11729C9
:107010000AD9196008391022CC189C605A6058505F
:1070200099684A60D860012010BD0020FCE770B567
:10703000034668B361B3032A2AD80F3121F007064B
:1070400000F10804214624684D68601A25F0030504
:10705000401B864203D920680028F3D170BD5D68CB
:10706000186835445D600344083B5868854288BF12
:107070005D604B6832431BB94A6001F10800EDE7DF
:1070800023F00303C818CC50426008600830E5E7DD
:107090000020E3E710B5034680B1C9B1A1F10804AF
:1070A00000F108020021A24209D1506820F0030437
:1070B0005868001B586041B95160012010BD10682C
:1070C00011460028FAD00246EDE713680B60F4E79A
:1070D0000846F3E730B5C0B189B1C2B1CBB10024E5
:1070E000C0E9014202FB01F41D190160C360436164
:1070F00005611846013904D1A41A19510121084625
:1071000030BD851805602846F4E70146F7E71146CB
:10711000F5E71946F3E710B570B100F1140353E831
:10712000002F12B9BFF32F8F04E0116843E8001459
:1071300004B1F4E70AB9104610BD043050E8003F2E
:10714000591C40E8001404B1F8E7F4E730B5F0B199
:10715000C3688B421BD803698B4218D900F1140312
:107160001A680A60BFF35F8F53E8002F0C689442DF
:10717000F6D143E8001505B1F2E7043050E8003FCE
:107180005A1E40E8002101B1F8E7002030BD6FF041
:107190000300FBE7EFF310832BB9EFF31180003806
:1071A00018BF0120704701207047D1E9013223B197
:1071B0009A608A681AB153607047C262F9E7036344
:1071C000704700002DE9F84F8846074638B131B1C5
:1071D000B0FA80F1B8FA88F30B441F2B08DC6FF08B
:1071E0000301002001F0A0FC00242046BDE8F88F38
:1071F00008F1030626F003060C3606FB00F9F2B18F
:1072000094683CB1A30702D1D368332B05D86FF043
:107210000801E6E7D368002BF9D1D2F800A0D2E943
:1072200004523DB115F0030301D1914554D96FF0DB
:107230000901D6E7002AFAD11CB193460DE0924627
:107240001546274BD3F8A000E0B1FFF764FF0446D2
:10725000A8B1002D3ED14FF0010B214B0022D86F79
:107260004946FFF7E4FE1E4B0546B8B9BBF1000FD7
:1072700005D0D3F8A000214658B1FFF767FF6FF0A3
:107280000401AEE7D3F8800001223421FFF7CFFEDE
:10729000DDE7D3F88000FFF7FDFEF0E74A46002166
:1072A00013F09EF94BF00203FA22A3700023C4E905
:1072B0000983C4E90B332270A36032462B46C4F81D
:1072C00004A0394604F10C00FFF704FF044B054A03
:1072D0001A678AE70123E7E7002CE5D1B1E700BF91
:1072E000DC0200207573000810B500F1280353E894
:1072F000002F12B9BFF32F8F04E0511E43E8001492
:1073000004B1F4E70AB9002010BDC06A01220028C8
:10731000F9D0811CD1E84F3FC1E8442F04B1F9E70F
:10732000DBB2002BF0D08068F1E7036B30B5E3B13E
:10733000CD780024DA78AA420FD31A46C1E9012495
:107340008AB19160A4B16160283050E8003F5A1CB6
:1073500040E8002101B1F8E730BD5A681C46002A18
:10736000ECD01346E6E7C162ECE7C1E90133C16244
:107370000163E9E7F8B5877804468FB3C56801462D
:1073800000272846FFF711FF277005F10C0420465F
:10739000FFF7DCFEAB68002B48D02046FFF7BBFEB2
:1073A0000446002842D0284600F0DEFE3A46064653
:1073B000394601F04DF8304600F032FF6A6A8168C4
:1073C000064604F10C0013F01BFDF9232370A7708F
:1073D000F368E37021462846BDE8F840FFF7A5BFF3
:1073E0008568AB68002BF5D05B78832BF2D12846FB
:1073F00000F0BAFE3A460646394601F029F8304612
:1074000000F00EFF06466A6A806804F10C0113F072
:10741000F7FCF3680BB1E2781A7000232370214661
:1074200005F10C00BDE8F840FFF790BEF8BD000084
:107430002DE9F0410E4617469846044618B10378E8
:10744000FA2B00D141B920466FF0030101F06CFB2B
:107450006FF00300BDE8F0818368BBB15B78832BDC
:1074600014D100F081FE01220546002100F0F0FF5A
:10747000284600F0D5FE0546626A8068314613F062
:10748000BFFCEB6803B11F700020E3E704F10C00C0
:10749000FFF741FE054670B13146626A0C3013F0C9
:1074A000AFFCF9232B700023AB70EF702946204608
:1074B000FFF73BFFE8E7B8F1000F11D041469320FA
:1074C00001F06CF810B96FF00100C3E7064B2046DD
:1074D000596900F037FEEFF30983C3E90267F2E769
:1074E0006FF00200B6E700BFDC0200202DE9F0419A
:1074F0000F4616469846044618B10378FA2B00D179
:1075000041B920466FF0030101F00EFB6FF003005C
:10751000BDE8F081FFF7E8FE054600283AD00146B5
:107520002046FFF742FE626A05F10C01384613F06F
:1075300067FC0EB1EB783370002704F10C062F7056
:1075400029463046FFF702FEA3680BB90020DFE7AB
:107550003046FFF7E0FD05460028F7D0204600F052
:1075600003FE39460646012200F072FF304600F065
:1075700057FE626A8168064605F10C0013F040FC74
:10758000F9232B70AF70F368EB7029462046FFF7A4
:10759000CCFEDBE7B8F1000F11D04146832000F0AC
:1075A000FDFF10B96FF00100B2E7064B20465969A4
:1075B00000F0C8FDEFF30983C3E90276F2E76FF04C
:1075C0000200A5E7DC02002008B5064B08219A6EF0
:1075D000D86EFFF7F7FD044BD864B0FA80F040098D
:1075E000404208BD5CF40108DC0200202DE9F041B6
:1075F00006460F4690461C46EFF305834BB196B9FD
:1076000030466FF0030101F08FFA6FF00300BDE820
:10761000F081FFF7BFFD0028F1D1DFF84CC0304604
:10762000234600DFF3E73378FA2BE9D1002FE7D0C8
:10763000002CE5D106F10C00FFF76DFD054680B189
:10764000726A39460C3013F0DBFBF9232846C5E992
:1076500001762B70AC7085F8038000F071FC204639
:10766000D5E76FF00200D2E731740008F8B50446A0
:107670000F4616461D46EFF3058343B18CB92046ED
:107680006FF0030101F050FA6FF00300F8BDFFF74F
:1076900081FD0028F2D1DFF848C020462B4600DFEC
:1076A000F4E72378FA2BEAD1002FE8D0002DE6D1B9
:1076B0002046FFF719FE054670B100F10C01626A21
:1076C000384613F09DFB0EB1EB7833702846EC6022
:1076D00000F036FC0020D9E76FF00200D6E700BFCB
:1076E000ED740008EFF310832BB9EFF3118000382D
:1076F00018BF0120704701207047000038B50346CD
:1077000038B3D0E90045806860B110F0030202D1BF
:10771000DB681B2B27D86FF00801002001F0F4F97B
:10772000002015E0DB68002BF5D1114BD3F8940055
:1077300090B1FFF7F0FCC0B1012383700023C0E9D2
:107740000233C0E90433F5220270C5704460037649
:1077500038BD04460546E8E7D3F8800001221C2125
:10776000FFF765FCE7E71346E7E76FF00401D5E7AD
:10777000DC020020294B70B55D6904460E4635B920
:107780006FF0070101F0C0F94FF0FF3070BD10B18C
:107790000378F52B07D020466FF0030101F0B4F910
:1077A0006FF00300F2E7037E53B9C0E90353EB6ABD
:1077B000436103B11861EC62012323760020E5E701
:1077C000C278D1070DD5C168A9420AD1FF2B06D1D5
:1077D0006FF00F0101F098F96FF00200D6E7013366
:1077E000EBE7002EF8D093070AD5E06895F9203032
:1077F00090F920209A4203DA80F8203000F0C6FC8D
:107800003146532000F0CAFE10B96FF00100BDE709
:107810002946204600F096FCF7E700BFDC02002076
:107820002F4B5A6970B5044632B96FF0070101F069
:107830006BF94FF0FF3070BD10B10378F52B07D016
:1078400020466FF0030101F05FF96FF00300F2E7EB
:10785000037E33B96FF00E0101F056F96FF00200AC
:10786000E9E7C168914202D06FF00D01F4E7013BF6
:10787000DBB203760BB10020DDE743690BB1016990
:1078800019612169E9B14B6192F92130D56AD5B905
:1078900082F82030A36883B1204600F065FC0646DC
:1078A0002A46294600F0D4FDF36A6361C4E9036502
:1078B00003B11C610123F4622376002000F0C2FCB6
:1078C000D9E7D362E0E7E978890706D5A96821B14D
:1078D00091F920108B42B8BF0B466D69D7E700BF06
:1078E000DC02002010B5044610B10378F52B07D058
:1078F00020466FF0030101F007F96FF0030010BD9F
:10790000037EBBB16369C0680BB122691A61226949
:10791000BAB1536190F92120C36AA3B990F920301C
:10792000934203D080F8202000F030FCA068B0B96A
:1079300000F088FC00232370A378DB0718D4002014
:10794000DDE7C362E6E7D978890706D5996821B1F2
:1079500091F920108A42B8BF0A465B69DDE72046EC
:1079600000F002FC00226FF0020100F071FDDDE783
:10797000064BD3F89400214610B1FFF7E7FBDEE792
:10798000D3F88000FFF786FBD9E700BFDC020020B8
:107990002DE9F0410446002601270CB9BDE8F0812D
:1079A000E378D4F814801B0712D5A36826767BB140
:1079B000204600F0D9FB00220546114600F048FDA4
:1079C000EB6A6361C4E9035603B11C61EC6227767C
:1079D0004446E2E710B4C3789B071DD5C06890F910
:1079E0002120C36ADC78A40709D59C688C4208BFB3
:1079F0008C6824B194F92040A242B8BF22465B694A
:107A0000002BEFD190F92030934205D080F8202050
:107A10005DF8044B00F0BABB5DF8044B7047000002
:107A200008B50246EFF3058333B100206FF005017E
:107A300001F06AF8002008BDFFF754FE0028F4D1D9
:107A4000DFF808C0104600DFF5E700BFFD7600084C
:107A500008B5024698B1EFF305833BB110466FF0CD
:107A6000050101F051F86FF0050008BDFFF73AFE7F
:107A70000028F3D1DFF80CC0104600DFF5E76FF007
:107A80000300F2E77577000808B5024698B1EFF3F6
:107A900005833BB110466FF0050101F035F86FF03A
:107AA000050008BDFFF71EFE0028F3D1DFF80CC06B
:107AB000104600DFF5E76FF00300F2E721780008D9
:107AC00008B5024698B1EFF305833BB110466FF05D
:107AD000050101F019F86FF0050008BDFFF702FE7F
:107AE0000028F3D1DFF80CC0104600DFF5E76FF097
:107AF0000300F2E7E5780008EFF310832BB9EFF30A
:107B00001180003818BF01207047012070470C30E9
:107B1000D0E85F3F13B9BFF32F8F04E05A1EC0E8CF
:107B2000512F01B1F4E798B2003818BF0120704717
:107B300030B500F10C02C189D2E85F3F994202D80A
:107B4000BFF32F8F04E05C1CC2E8554F05B1F3E78B
:107B5000C0899BB2984294BF0020012030BD000034
:107B600070B54FF6FE730D46411E9942044601D88A
:107B7000A84206D26FF00301002000F0CBFF0020E6
:107B800070BD12B39068166840B110F0030302D1C3
:107B9000D2680F2A0DD86FF00801EDE7D368002BEB
:107BA000F9D1104BD3F8980088B1FFF7B4FAA8B117
:107BB000012383700023F62283600A4B02700A4A75
:107BC00046608581C4819A66DAE71646E9E7D3F80C
:107BD000800001221021FFF72AFAE8E76FF0040184
:107BE000CBE700BFDC0200209D7C000810B50446F6
:107BF00010B10378F62B07D020466FF0030100F098
:107C000089FF6FF0030010BD83683BB100F0ACFA50
:107C10000122002100F01CFC0020F4E7FFF788FFA0
:107C20000028F9D120466FF0100100F073FF6FF0CB
:107C30000200E8E710B5044610B10378F62B07D030
:107C400020466FF0030100F065FF6FF0030010BDE8
:107C5000836863B1204600F087FA00226FF00201CA
:107C600000F0F6FBA0680028F4D100F0EBFA002346
:107C70002370A378DB0701D40020E8E7064BD3F894
:107C80009800214610B1FFF761FAF5E7D3F88000BC
:107C9000FFF700FAF0E700BFDC020020836810B5B0
:107CA00004465BB1FFF733FF40B1204600F05CFAB9
:107CB0000022BDE81040114600F0CABB10BD000014
:107CC00038B50D46044610B10378F62B07D0204690
:107CD0006FF0030100F01EFF6FF0030038BDFFF7E7
:107CE00016FF68B975B12946632000F057FC20B132
:107CF000064B2046596900F025FA6FF00100EDE7C8
:107D00000020EBE76FF00200E8E700BFDC02002094
:107D100010B50446EFF3058333B100206FF0050181
:107D200000F0F8FE002010BDFFF7E6FE0028F4D1B9
:107D3000DFF808C0204600DFF5E700BF617B0008E0
:107D400010B502460C46EFF3058343B182B91046E5
:107D50006FF0030100F0DEFE6FF0030010BDFFF7CF
:107D6000CBFE0028F2D1DFF824C0104600DFF5E793
:107D70001378F62BEBD1002CE9D11046FFF7C7FEA4
:107D800000280CBF6FF002000020E7E7C17C00086C
:107D900010B50446EFF3058343B184B920466FF074
:107DA000030100F0B7FE6FF0030010BDFFF7A4FE63
:107DB0000028F2D1DFF830C0204600DFF5E7237855
:107DC000F62BEBD12046FFF7B3FE20B1204600F0A2
:107DD000B7F80020E9E720466FF0100100F09AFEA6
:107DE0006FF00200E1E700BFED7B000808B5024636
:107DF000EFF305833BB110466FF0050100F08AFEFA
:107E00006FF0050008BDFFF777FE0028F3D1DFF81B
:107E100008C0104600DFF5E7357C000810B5D0E853
:107E20005F3F5A1C914200D80022C0E8542F04B191
:107E3000F5E798B210BD000038B51C4C00F0FEFC10
:107E4000E3680133E36000F0BBF9002000F0FAF9C9
:107E5000236D03B19847226C32B3A369E16B994259
:107E600003D0D969E36301B9DA61DA69C2B9237A67
:107E7000022B19D1656ABDB1E36B95F9202093F906
:107E800020309A4210D1284600F077F9E06B00F0DC
:107E90008FF9284600F0CEF9236CE563EB6103E02F
:107EA000013ADA61002AE2D038BD00BFDC020020CE
:107EB00038B5214C04F15605B4F85410D5E85F3FAD
:107EC00013B9BFF32F8F04E05A1EC5E8502F00B13D
:107ED000F4E79BB25BB31948FFF7A0FFE36D53F8DB
:107EE000200020B30378F13B082BE5D801A252F81B
:107EF00023F000BF197F0008B97E00081F7F00082B
:107F0000B97E0008B97E0008237F0008277F00089B
:107F1000B97E00082B7F0008236E9847CCE7636E7C
:107F2000FBE7A36EF9E7E36EF7E7236FF5E7BDE83C
:107F30003840002000F086B9DC0200203603002023
:107F400070B5164C0546B4F8541004F15602D2E848
:107F50005F3F994202D8BFF32F8F04E0581CC2E85C
:107F6000560F06B1F3E79BB2994205D82946022085
:107F7000BDE87040FEF7F7BF04F15800FFF74EFF71
:107F8000E36D43F82050637A23B9054B4FF08052DC
:107F90005A6070BD0123A372FBE700BFDC02002022
:107FA00000ED00E0EFF310832BB9EFF31180003800
:107FB00018BF01207047012070470378F12B00D0D3
:107FC0007047C068F9E7000010B5C469621CD0E9C9
:107FD00004310CD103B1596142691AB11361002314
:107FE000436101E0074A13630023C36110BD1BB165
:107FF000DA6959612244DA614269002AEED1014A04
:10800000D362F1E7DC0200200A4A90F92010012334
:1080100010B54370536A1C321BB193F920408C4257
:1080200005DCC0E90232906003B1D86010BD1A4689
:108030009B68F1E7DC020020014B5869704700BFE4
:10804000DC02002010B50023038083789A070446E1
:1080500008D513F0100F016B0E4B0FD0D3F884002E
:10806000FFF774F8A378DB0712D50A4BD3F8880022
:10807000214638B1BDE81040FFF768B8586FFFF7E8
:1080800009F8EFE7BDE81040D3F88000FFF702B829
:1080900010BD00BFDC02002008B500F04BFDDFF88A
:1080A00010C000DF4FF0FF31002000F021FDFEE79F
:1080B000B9840008930710B502F0010422D400F13E
:1080C000280384B153E8000F00EA01028A4203D07A
:1080D000BFF32F8F002005E020EA010243E80024CF
:1080E00004B1EFE710BD53E8000F084203D1BFF31E
:1080F0002F8F002005E020EA010243E8002404B1AC
:10810000F1E7EFE7806A00EA01031CB1994218BF6A
:108110000020E7E7002B08BF0020E3E7C278D20782
:10812000034601D4FFF78EBF0422054942700022A6
:10813000C2604A6B826002B1D0604B63704700BF7F
:10814000DC02002010B591F9202083681BB193F95F
:108150002040944205DAC1E90230816003B1D96060
:1081600010BD18469B68F1E70346806882689A60F4
:1081700002B1D3600023C3607047C2682AB183682C
:10818000936003B1DA600023C360704710B5044602
:1081900064B12378F12B07D0FFF7EFFF01462046AB
:1081A000BDE81040FFF7CEBFE468F1E710BD000066
:1081B0000123014643700148FFF7C4BFF8020020C5
:1081C00038B5164DEC6A44B3E369013BE36123BB68
:1081D0006378732B06D009D8532B0BD003F0DF0341
:1081E000432B0DD12046FFF7E8FE09E003F0EF0333
:1081F000832BF6E72046FFF7E0FE2146FFF7EAFB78
:108200002046FFF7BAFFFFF7D3FF246924B1E369E3
:10821000002BDDD000236361EC6238BDDC0200205E
:1082200090F82230826B13F0100F14BF20206020D2
:108230001044704702234370014B9861704700BFA0
:10824000DC02002070B5124D04462E7A696990B99F
:10825000022E0FD16C6A6CB194F9202091F9203074
:108260009A4207DD2046FFF788FF0846FFF7CCFE5D
:108270006670AC6170BD022E05D190F9202091F995
:1082800020309A42F1DC2046BDE87040FFF790BFF5
:10829000DC0200202DE9F74F8146019140B96FF0D3
:1082A000030100F025FC0024204603B0BDE8F08F58
:1082B000002A4CD0946844B1A50702D1D368432B5F
:1082C00006D86FF008010020EBE7D368002BF8D147
:1082D000D2E9045697693DB1680702D1002E40F0FB
:1082E000A6806FF00A01EEE72FB17B1E372B03D972
:1082F0006FF00B01E7E7182736B17107F1D14E4B4C
:10830000A6F148019942ECD8D2E900A300935CBBE6
:108310004A4BD3F8880000B3FEF7FDFE044698B13F
:108320004FF001083DBBDFF814B1002E5FD1444A85
:10833000DBF88400566D002859D0FEF7ECFE0546A8
:10834000A8B9B8F1000F5CD16FF00401BBE7924609
:108350001546182716460092DAE7D3F88000012266
:108360004421FEF764FED9E74FF00008DAE748F051
:10837000100848F0020840F2F1132380009BE370DC
:108380000023C4E90233C4E90433C4E90633C4E971
:108390000933C4E90B35A6F140032B44C4E90E3977
:1083A0007FB2284B84F80280FD22C4F804A084F830
:1083B000207084F82170628466632B60204B1B68F8
:1083C0005B072AD4A36B34220021184612F008F967
:1083D0001D4A1A4BC0E90D294FF08072C263019A01
:1083E00002621A4A1A662046FFF72CFF5CE72A460B
:1083F000DBF874003146FEF71AFE05460028B8D1B6
:108400009FE7DBF88800214610B1FEF79FFE9BE74F
:10841000DBF88000FEF73EFE96E7B608113E4FF00F
:10842000CC33002ECED045F8043F013EF9E7002FB3
:108430007FF45BAF182760E7B7FFFF7FDC02002007
:108440005CF40108A52E5AE29980000875840008A2
:1084500038B505461446FFF7E3FE01602846FFF7EE
:10846000B3FD1CB1BDE83840FFF7ECBEBDE83840B5
:10847000FFF79EBE10B54378332B04460CD1416AFA
:1084800090F82320FFF716FE014628B1204600226F
:10849000BDE81040FFF7DCBF10BD10B50446806991
:1084A00018B100221146FFF7D3FF6378232B02BFD8
:1084B000A36800229A6110BD70B50F4C267A022E77
:1084C00018D1636AB3B16569E86AFFF761FA2846B3
:1084D000FFF7E3FF04F11C00FFF746FE4670A061C2
:1084E000EFF30983AB63002363612846BDE8704066
:1084F000FFF714BE70BD00BFDC02002010B50446BB
:1085000010B10378F12B07D020466FF0030100F083
:10851000EFFA6FF0030010BD437803F00F03022B56
:1085200006D0032B2DD0012B10D06FF0020108E0F4
:10853000184B1A7A022A01D15B6A4BB96FF002011B
:10854000204600F0D5FA6FF00200E4E7FFF715FED1
:10855000E06AFFF71DFA2046FFF79FFF61780229C6
:1085600014D10D48FFF700FE0A4B41709861EFF3FC
:108570000982A26300225A612046FFF7CFFD002046
:10858000C9E7FFF7FAFDFFF71FFDE1E70020FFF75E
:1085900059FEF1E7DC020020F802002038B51E4C3D
:1085A000237A022B024634D1606AA0B163695A7003
:1085B0004A1C16D1226B002172B94FF0FF30C3E97B
:1085C0000421D86159B10B611448FFF7CDFD022396
:1085D0004370A061012038BD11461269ECE72363A6
:1085E000F2E7E26A002012B1D569A9420BD2C3E9D1
:1085F0000420D96158B10361002AE5D0D0695361E4
:10860000401AD061E0E71046491B1269EBE7E362CC
:10861000F2E70020DFE700BFDC020020F8020020C4
:1086200038B50D4C0D48A26D0D4D0021FFF732FEFF
:10863000636EA8625BB1984758B9E26DE96C206E31
:10864000FFF728FEA864003818BF012038BD0120BC
:10865000FCE70020FAE700BF5CF40108618A00082B
:10866000DC02002010B50446EFF3058333B100208F
:108670006FF0050100F03CFA002010BDFFF792FCFE
:108680000028F4D1DFF808C0204600DFF5E700BF7E
:108690009582000808B5EFF3058313B1054B5869BF
:1086A00008BDFFF77FFC0028F8D1DFF80CC000DF21
:1086B000F6E700BFDC0200203980000810B5044650
:1086C00000F044FAEFF305833BB120466FF005015B
:1086D00000F00EFA6FF0050010BDFFF763FC0028F4
:1086E000F3D1DFF808C0204600DFF5E7FD8400087D
:1086F00030B50C4D6B6C002213B11C698C420AD949
:10870000C0E9022301611BB11C699860641A1C61F5
:108710002AB1D06030BD1A46091BDB68ECE76864FB
:10872000F8E700BFDC0200202DE9F041184D6C6C29
:1087300054B323696E69013B23610127236913BB8D
:10874000E3680BB1A2689A606B640023E86C1A4678
:1087500004F11801FEF74AFF58B1D5E90583214617
:1087600003206B61FEF7FFFB6B6913B9B04508BFCF
:108770000026E378012B09D161692046FFF7B8FF95
:108780006C6C002CDAD16E61BDE8F0816770F7E7A0
:10879000DC02002008B5FEF717FF18B9034B044AA6
:1087A0001A6508BD4FF0FF30FBE700BFDC02002078
:1087B0002987000807B504464FF0FF3300226946B9
:1087C0002046FEF753FF0028F6D1DDE90030984738
:1087D000F2E70000A8B10C4B1B68B3FBF0F00138C6
:1087E000B0F1807F0DD2094BFF2283F823204FF098
:1087F000E02306221A61586100209861044B18702A
:1088000070474FF0FF307047D001002000ED00E0CE
:10881000101D0020074B1A782AB100221A70064B4F
:108820004FF080625A604FF0E022136943F0010379
:1088300013617047101D002000ED00E04FF0E023B1
:108840001B6970474FF0FF307047000008B50A4BB6
:108850000A4A1A600A4B9B1A0A4A13600A4B0B4ACF
:108860001A600B4B9B1A0B4A13600B4A136000F003
:1088700063F800F099F800BF781D002000FC01208B
:1088800000000220741D0020B8160020F88300208C
:1088900000FC0120B4160020B01600200F4A38B5A5
:1088A0000F4B13600B250F4B55601C241046D460F2
:1088B0009360FFF7B5F80C4B0C4A18600C4BD46072
:1088C000C2E9003510460B4B9360FFF7A9F80A4B3D
:1088D0001860BDE8384012F013BA00BF441D0020F4
:1088E000FCEC0108541D0020701D0020141D002008
:1088F00009ED0108241D0020401D002007F014BED2
:10890000024B4FF0FF311868FFF7A2B8701D00202E
:10891000014B1868FFF7B8B8701D0020024B4FF0EC
:10892000FF311868FFF794B8401D0020014B18680C
:10893000FFF7AAB8401D002010B50F4C636A43F43E
:10894000E0236362FCF7E6F8A0680C494FF000539F
:108950001A1802F16042126843F8042B8B42F7D1D7
:10896000054B4FF000529A60F8F7F2FDF9F78CFAD8
:10897000BDE8104000F015B800ED00E0C401002093
:108980007047704708B500F041F8FFF7F9FFFFF7AF
:1089900085FFFFF7F6FFFCF7E9FFBDE80840FFF7AA
:1089A000ADBFFEF7EBBA000007B5104A104B1361DC
:1089B0004FF4805353614423D3600E4B93601823CC
:1089C00093610D480D4B13600021FFF74BFE0346EA
:1089D00028B9064A0A4900900A48FCF7CFFFFEF77B
:1089E000E5FA0023084900931A46F5E7E02D002038
:1089F000E01D00209C1D00208589000813ED010862
:108A000018ED01081D01018034ED01081FB5054B6B
:108A10000FCB8DE80F006846FFF702F8024B186095
:108A200004B010BD30F50108981D002073B506464E
:108A30000C461546FCF79CFF58B906342ABF064B76
:108A4000064953F824100023009332462846FCF7C9
:108A500095FF02B070BD00BF40F5010861EE01084E
:108A600008B500F089F8000007B50023411E009307
:108A700002460023042919D8DFE801F003080C108E
:108A800014000C490C480122FCF778FF0B490C48F4
:108A90000222F9E70B490C480322F5E70B490C4881
:108AA0000422F1E70B490C480522EDE70B490C487D
:108AB000EAE700BF59ED0108250102807AED0108BF
:108AC000260102809FED010827010280D4ED0108F4
:108AD000280102800FEE01082A0102804FEE0108F2
:108AE00000010280014A0146FFF7A0BF3101018069
:108AF000014AFFF79BBF00BF32010180014AFFF727
:108B000095BF00BF37010180014AFFF78FBF00BF4B
:108B10003301018011F1110F02D0024AFFF786BF25
:108B2000704700BF34010180014AFFF77FBF00BFDB
:108B30003801018010B5FFF7ADFD034B1B6813B181
:108B4000BDE81040184710BD042E0020024B1B68E2
:108B500003B11847704700BF042E002008B5FCF78A
:108B600075FDFCF725FFFCF75DFFFCF737FFBDE85F
:108B70000840FCF781BD000008B5024C2368984707
:108B8000FCE700BF8003002070470020704770475B
:108B90000020704710467047002070470120704742
:108BA00070470B7913B14B6B03600123037170475E
:108BB0004FF42F7070470000024881428CBF0020A4
:108BC00001207047A037A00008B5836B38305B697F
:108BD0009847002840F2C220A8BF002008BD012A03
:108BE00002D1016000207047022A05D0032AF9D083
:108BF000002AF7D10260F5E70B680360F2E7012A6B
:108C000002D1016000207047022A05D0032AF9D062
:108C1000002AF7D10260F5E70B680360F2E70B79F1
:108C200070B506465BB101F10C0405460FCC0FC5CB
:108C30000FCC0FC594E8030085E80300012386F8F4
:108C40002830304670BD0A20704790F8743370B5F4
:108C500004460D4663B1836B00F138069B6A3046CB
:108C6000984730462946FAF7FCFC6563002070BD42
:108C700040F2BE20FBE710B54FF488710446FDF7C3
:108C800059F9204610BD0430FDF7FCB90430FDF75A
:108C9000DDB9BFF35B8F0160BFF35B8F704770B5C9
:108CA00000F53954054628340E462046FDF7CEF926
:108CB0002E712046BDE87040FDF7E4B9BFF35B8F2D
:108CC0000078BFF35B8FC0B2003818BF0120704737
:108CD000836810B5044613B1032201469847204625
:108CE00010BD000010B5044B044640F8043BFDF7EE
:108CF000A5F9204610BD00BF8CF5010810B5074B43
:108D00000360044601F05BFE054BC4F8883104F5AE
:108D1000C670FDF7D1F9204610BD00BF44F601082A
:108D20008CF5010810B50446FFF7E8FF20464FF424
:108D3000D871FDF7FFF8204610BD037D10B504463D
:108D40001BB1006808B1FDF7F7F8204610BD000020
:108D500082B030B585B00D4608A981E80C00242208
:108D600001230446CDE90023012102AB242083E83E
:108D70000300221D1A4B82E803002360E56008A966
:108D80004C2204F1100012F03BF8002500230022D1
:108D9000C4E91E23C4E918552946C4F86750E5669E
:108DA000A4F8705084F88050522204F1840011F02D
:108DB00017FC1B9BC4F8E030C4F8D8509022294619
:108DC00004F1E40011F00CFC9DF87030C4F874510B
:108DD000204684F8783105B0BDE8304002B07047D5
:108DE00098F8010882B07FB50E4608A9044681E8CC
:108DF0000C00FA220123CDE90023012102ABFA2065
:108E0000221D82E8030083E803002046154B40F84A
:108E10000C3B00254FF4FC72002111F0E1FB08A986
:108E2000C4E981564C2204F5037011F0E9FFC4E94E
:108E300096551622294604F5187011F0D1FB002230
:108E40000023C4E9A0239DF86C30C4F87852204672
:108E5000A4F87C5284F8883204B0BDE8704002B0B7
:108E6000704700BFA8F8010800220260027182600A
:108E70000273026170472DE9F8430446054600F588
:108E8000AF6700264FF000084FF00009281D40F2A0
:108E90000112002111F0A4FB05F58C7545F8106C4A
:108EA00045E90289BD42F1D1C4F8786584F87C6552
:108EB00004F5B060FFF716FF2046BDE8F88310B553
:108EC000044600F59660FFF7F9FE68B1BFF35B8FCB
:108ED000002384F8B034BFF35B8FD4F8B404BDE84A
:108EE00010400430FDF75ABA10BD13B502AB03E9C8
:108EF0000600032A0B464FF00001816001D90EF0F5
:108F000087FE03EB42029A4201D102B010BD816894
:108F1000022903F10203F2D84C1C846033F8024C9E
:108F200020F81140EFE7BFF35B8F0068BFF35B8F62
:108F3000704738B5456804461030FFF7F4FFD4E9B0
:108F40000123281A1918914288BFD01A38BD70B56C
:108F500000F1100605463046FFF7E5FF0446B8B1BC
:108F60003046FFF7E0FF844212D8EB686A6823447A
:108F7000B3FBF2F102FB1133EB60BFF35B8F56E8FA
:108F8000003F1B1B46E80032002AF8D1BFF35B8F7D
:108F900070BD70B505460C46D1B100F110063046E3
:108FA000FFF7C1FF6A682044904211D8AB682344A0
:108FB000B3FBF2F102FB1133AB60BFF35B8F56E8FA
:108FC000003F234446E80032002AF8D1BFF35B8F0C
:108FD00070BD90F874332DE9F041044633B38068D6
:108FE000FFF7A7FF1125064604F1380704F58E7830
:108FF000D4F81C3101211B6C4046984710F0010049
:1090000016D0BEB1013D17D0A36818689968A36B4C
:1090100032469B690144384698470146A068FFF7ED
:10902000B8FFA068FFF785FF0646E1E740F2BE20E3
:10903000BDE8F0813046FBE72846F9E770B5044605
:1090400016460D4640F25F12002111F0C9FA0023C6
:10905000B6F5AF7F3246C4F8603128BF4FF4AF7227
:109060002946204611F0AEFB4FF4AF71204611F0B7
:10907000DDFBC4F86001204670BD0EB417B505AB2A
:1090800040F25F1153F8042B01930446FCF7F0F90A
:1090900000280EDBB0F5AF7FCABF4FF4AF73C4F842
:1090A0006001C4F86031204603B0BDE8104003B051
:1090B00070470021C4F8601140F25F12204611F0A1
:1090C0008FFAF0E70EB417B50446D0F8600105AB8F
:1090D000C0F5AF7153F8042B019301312044FCF724
:1090E000C7F90028D4F860310FDB1844B0F5AF7F22
:1090F0008ABF4FF4AF73C4F86001C4F860312046F2
:1091000003B0BDE8104003B070470022E254F6E718
:1091100038B50023C0E90033C0E902338B68044648
:109120000D462BB102229847EB68E360AB68A36061
:10913000204638BD10B50446FFF7EAFFA8220021FB
:1091400004F1100011F04CFA04F1200304F1C00105
:10915000002243F8102C10338B42FAD1C4F8B0200F
:1091600084F8B42004F1B800FFF7BCFD204610BD20
:10917000F8B50F4616460021742204461D4611F02C
:109180002FFA00220023C4E91E23C4E92223C4E9E4
:10919000262300210123C4F88010C4F8A010C4F8CD
:1091A000907084F8A430314604F1A800FFF7B0FFB6
:1091B000C4F8B8502046F8BD10B50446006810B198
:1091C00003685B689847204610BD00002DE9F04F0A
:1091D00089B0002492F8008000944FF0010E0194B1
:1091E000CDF80CE0CDF807408DF80080FA4B036015
:1091F000054601719DE80F0004AF4FF0000A4FF0E3
:10920000000B05F2644687E80F00C5E902AB2C7637
:1092100085F8284085F8384085F8424085F8504068
:1092200085F8604085F8704085F8784085F8804082
:1092300085F8854085F88A4085F8984085F8A840EB
:1092400085F8B84085F8C04085F8C84085F8DC400E
:1092500085F8EC4085F8FC4085F80C4185F81C4108
:1092600085F8224185F8304185F8404185F84A412A
:1092700085F84D4185F84F4185F8684185F888416A
:1092800085F89C4185F8AC4185F8BC4185F8C4411E
:1092900085F8CC4185F8D24185F8F04185F8F64152
:1092A00085F8004285F8144285F8284285F8504236
:1092B00085F8604285F8704285F8804285F89042D2
:1092C00085F8A04285F8B04285F8B84285F8C242D8
:1092D00085F8E04285F8004385F8144385F8244377
:1092E00085F8344385F8444385F8544385F864434E
:1092F00085F86C4385F8744385F8804385F890437E
:1093000085F89A4385F89D4385F89F4385F8B843CF
:1093100085F8D84385F8EC4385F8FC4385F80C4480
:1093200085F8144485F81C4485F8224485F84044A7
:1093300085F8464485F8504485F85C4485F86244D5
:1093400086E80F00009401948DF80080CDF8074066
:109350009DE80F0087E80F0005F5966385F874E433
:1093600085F89C44C5F8A04443E902AB85F8B844AD
:1093700085F8C84485F8D84485F8E24485F8F04477
:1093800085F8004585F8104585F8184585F820458D
:1093900085F8254585F82A4585F8384585F84845F6
:1093A00085F8584585F8604585F8684585F87C4519
:1093B00085F88C4585F89C4585F8AC4585F8BC4515
:1093C00085F8C24585F8D04585F8E04585F8EA4539
:1093D00085F8ED4585F8EF4585F8084685F8284677
:1093E00085F83C4685F84C4685F85C4685F8644629
:1093F00085F86C4685F8724685F8904685F896465D
:1094000085F8A04685F8B44685F8C84685F8F04644
:1094100085F8004785F8104785F8204785F83047DC
:1094200085F8404785F8504785F8584785F86247E2
:1094300085F8804785F8A04785F8B44785F8C44784
:1094400085F8D44785F8E44785F8F44785F804485B
:1094500085F80C4885F8144885F8204885F8304888
:1094600085F83A4885F83D4885F83F4885F85848DA
:1094700085F8784885F88C4885F89C4885F8AC488C
:1094800085F8B44885F8BC4885F8C24885F8E048B6
:1094900085F8E64885F8F04885F8FC4885F80249E3
:1094A00097E80F0005F60416009401948DF80080EB
:1094B000CDF8074086E80F009DE80F0087E80F0011
:1094C00005F5156385F814E985F83C49C5F8404968
:1094D00043E902AB85F8584985F8684985F8784929
:1094E00085F8824985F8904985F8A04985F8B04902
:1094F00085F8B84985F8C04985F8C54985F8CA494D
:1095000085F8D84985F8E84985F8F84985F8004A8A
:1095100085F8084A85F81C4A85F82C4A85F83C4AA3
:1095200085F84C4A85F85C4A85F8624A85F8704AA5
:1095300085F8804A85F88A4A85F88D4A85F88F4AE9
:1095400085F8A84A85F8C84A85F8DC4A85F8EC4AC7
:1095500085F8FC4A85F8044B85F80C4B85F8124BCE
:1095600085F8304B85F8364B85F8404B85F8544BE1
:1095700085F8684B85F8904B85F8A04B85F8B04B83
:1095800085F8C04B85F8D04B85F8E04B85F8F04B5B
:1095900085F8F84B85F8024C85F8204C85F8404C4E
:1095A00085F8544C85F8644C85F8744C85F8844CE7
:1095B00085F8944C85F8A44C85F8AC4C85F8B44CEF
:1095C00085F8C04C85F8D04C85F8DA4C85F8DD4C30
:1095D00085F8DF4C02E000BFCCF5010885F8F84CB7
:1095E00085F8184D85F82C4D85F83C4D85F84C4D87
:1095F00085F8544D85F85C4D85F8624D85F8804DB1
:1096000085F8864D85F8904D85F89C4D85F8A24DDE
:1096100097E80F0005F6A456009401948DF8008099
:10962000CDF8074086E80F009DE80F0005F580564D
:1096300087E80F0005F55F6385F8B4ED85F8DC4D2C
:10964000C5F8E04D43E902AB85F8F84D85F8084EC2
:1096500085F8184E85F8224E85F8304E85F8404E34
:1096600085F8504E85F8584E85F8604E85F8654E61
:1096700085F86A4E85F8784E85F8884E85F8984EBC
:1096800085F8A04E85F8A84E85F8BC4E85F8CC4EDE
:1096900085F8DC4E85F8EC4E85F8FC4E85F8024FD7
:1096A00085F8104F85F8204F85F82A4F85F82D4F03
:1096B00085F82F4F85F8484F85F8684F85F87C4F1F
:1096C00085F88C4F85F89C4F85F8A44F85F8AC4FF2
:1096D00085F8B24F85F8D04F85F8D64F85F8E04F22
:1096E00085F8F44F347286F8304086F8404086F8AA
:1096F000504086F8604086F8704086F8804086F8D2
:10970000904086F8984086F8A24086F8C04086F8D7
:10971000E04086F8F44086F8044186F8144186F863
:10972000244186F8344186F8444186F84C4186F855
:10973000544186F8604186F8704186F87A4186F88F
:109740007D4186F87F4186F8984186F8B84186F8D1
:10975000CC4186F8DC4186F8EC4186F8F44186F885
:10976000FC4186F8024286F8204286F8264286F8B6
:10977000304297E80F000094019406F51179CDF876
:1097800007408DF8008086F83C4286F8424289E81E
:109790000F009DE80F0087E80F0005F5945386F849
:1097A00054E286F87C42C6F88042C3E902AB86F8F0
:1097B000984286F8A84286F8B84286F8C24286F8EF
:1097C000D04286F8E04286F8F04286F8F84286F801
:1097D000004386F8054386F80A4386F8184386F85E
:1097E000284386F8384386F8404386F8484386F88D
:1097F0005C4386F86C4386F87C4386F88C4386F895
:109800009C4386F8A24386F8B04386F8C04386F8A6
:10981000CA4386F8CD4386F8CF4386F8E84386F8F6
:10982000084486F81C4486F82C4486F83C4486F8A4
:10983000444486F84C4486F8524486F8704486F8CE
:10984000764486F8804486F8944486F8A84486F8DE
:10985000D04486F8E04486F8F04486F8004586F85F
:10986000104586F8204586F8304586F8384586F854
:10987000424586F8604586F8804586F8944586F826
:10988000A44586F8B44586F8C44586F8D44586F8DC
:10989000E44586F8EC4586F8F44586F8004686F8F7
:1098A000104686F81A4686F81D4686F81F4686F842
:1098B000384686F8584686F86C4686F87C4686F820
:1098C0008C4686F8944686F89C4686F8A24686F82A
:1098D000C04697E80F000094019406F2E469CDF8C1
:1098E00007408DF8008086F8C64686F8D04686F890
:1098F000DC4686F8E24689E80F009DE80F0087E81D
:109900000F0005F5B95386F8F4E686F81C47C6F84B
:109910002047C3E902AB86F8384786F8484786F8FF
:10992000584786F8624786F8704786F8804786F879
:10993000904786F8984786F8A04786F8A54786F8A6
:10994000AA4786F8B84786F8C84786F8D84786F801
:10995000E04786F8E84786F8FC4786F80C4886F822
:109960001C4886F82C4886F83C4886F8424886F819
:10997000504886F8604886F86A4886F86D4886F848
:109980006F4886F8884886F8A84886F8BC4886F864
:10999000CC4886F8DC4886F8E44886F8EC4886F837
:1099A000F24886F8104986F8164986F8204986F864
:1099B000344986F8484986F8704986F8804986F81F
:1099C000904986F8A04986F8B04986F8C04986F8DB
:1099D000D04986F8D84986F8E24986F8004A86F8E0
:1099E000204A86F8344A86F8444A86F8544A86F86B
:1099F000644A86F8744A86F8844A86F88C4A86F85F
:109A0000944A86F8A04A86F8B04A86F8BA4A86F898
:109A1000BD4A86F8BF4A86F8D84A86F8F84A86F8DA
:109A20000C4B86F81C4B86F82C4B86F8344B86F88A
:109A30003C4B97E80F000094019406F68439CDF86A
:109A400007408DF8008086F8424B86F8604B86F818
:109A5000664B86F8704B86F87C4B86F8824B89E81B
:109A60000F009DE80F0087E80F0005F5DE5386F82C
:109A700094EB86F8BC4BC6F8C04BC3E902AB86F842
:109A8000D84B86F8E84B86F8F84B86F8024C86F8F7
:109A9000104C86F8204C86F8304C86F8384C86F806
:109AA000404C86F8454C86F84A4C86F8584C86F867
:109AB000684C86F8784C86F8804C86F8884C86F896
:109AC0009C4C86F8AC4C86F8BC4C86F8CC4C86F89E
:109AD000DC4C86F8E24C86F8F04C86F8004D86F8AF
:109AE0000A4D86F80D4D86F80F4D86F8284D86F8FC
:109AF000484D86F85C4D86F86C4D86F87C4D86F8AE
:109B0000844D86F88C4D86F8924D86F8B04D86F8D7
:109B1000044F86F8144F86F8244F86F82C4F86F8A9
:109B2000344F86F8404F86F8504F86F85A4F86F8E3
:109B30005D4F86F85F4F86F8784F86F8984F86F825
:109B4000AC4F86F8BC4F86F8B64D86F8C04D86F807
:109B5000D44D86F8E84D86F8104E86F8204E86F8EB
:109B6000304E86F8404E86F8504E86F8604E86F8A5
:109B7000704E86F8784E86F8824E86F8A04E86F8AB
:109B8000C04E86F8D44E86F8E44E86F8F44E86F839
:109B9000CC4F97E80F0086F8D44F86F8DC4F86F854
:109BA000E24F06F580560094347005F50056019496
:109BB00006F12409CDF807408DF80080B4713474A3
:109BC000347786F8224089E80F009DE80F0087E887
:109BD0000F0005F5015386F834E086F85C403466E2
:109BE000C3E90AAB86F8784086F8884086F8984042
:109BF00086F8A24086F8B04086F8C04086F8D0408B
:109C000086F8D84086F8E04086F8E54086F8EA40D5
:109C100086F8F84086F8084186F8184186F8204111
:109C200086F8284186F83C4186F84C4186F85C412C
:109C300086F86C4186F87C4186F8824186F890412E
:109C400086F8A04186F8AA4186F8AD4186F8AF4172
:109C500086F8C84186F8E84186F8FC4186F80C424F
:109C600086F81C4286F8244286F82C4286F8324256
:109C700086F8504286F8564286F8604286F874426A
:109C800086F8884286F8B04286F8C04286F8D0420C
:109C900086F8E04286F8F04286F8004386F81043E2
:109CA00086F8184386F8224386F8404386F86043D6
:109CB00086F8744386F8844386F8944386F8A44370
:109CC00086F8B44386F8C44386F8CC4386F8D44378
:109CD00086F8E04386F8F04386F8FA4386F8FD43B9
:109CE00086F8FF4386F8184486F8384486F84C44D2
:109CF00097E80F000094019406F2C449CDF807409C
:109D00008DF8008086F85C4486F86C4486F87444CC
:109D100086F87C4486F8824486F8A04486F8A644F7
:109D200086F8B04486F8BC4486F8C24489E80F003F
:109D30009DE80F0086F8D4E486F8FC44C6F8004598
:109D400087E80F0005F51453C3E902AB86F8184500
:109D500086F8284586F8384586F8424586F8504505
:109D600086F8604586F8704586F8784586F880451F
:109D700086F8854586F88A4586F8984586F8A84588
:109D800086F8B84586F8C04586F8C84586F8DC45AB
:109D900086F8EC4586F8FC4586F80C4686F81C46A5
:109DA00086F8224686F8304686F8404686F84A46C7
:109DB00086F84D4686F84F4686F8684686F8884607
:109DC00086F89C4686F8AC4686F8BC4686F8C446BB
:109DD00086F8CC4686F8D24686F8F04686F8F646EF
:109DE00086F8004786F8144786F8284786F85047D3
:109DF00086F8604786F8704786F8804786F890476F
:109E000086F8A04786F8B04786F8B84786F8C24774
:109E100086F8E04786F8004886F8144886F8244813
:109E200086F8344886F8444886F8544886F86448EA
:109E300086F86C4886F8744886F8804886F890481A
:109E400086F89A4886F89D4886F89F4886F8B8486C
:109E500097E80F00009401948DF80080CDF807403A
:109E600006F6641986F8D84886F8EC4886F8FC4867
:109E700086F80C4986F8144986F81C4986F8224968
:109E800086F8404986F8464986F8504986F85C4984
:109E900086F8624989E80F009DE80F0086F874E9AA
:109EA00086F89C49C6F8A04987E80F0005F52653B7
:109EB000C3E90AAB86F8B84986F8C84986F8D84994
:109EC00086F8E24986F8F04986F8004A86F8104A92
:109ED00086F8184A86F8204A86F8254A86F82A4ADB
:109EE00086F8384A86F8484A86F8584A86F8604A1A
:109EF00086F8684A86F87C4A86F88C4A86F89C4A36
:109F000086F8AC4A86F8BC4A86F8C24A86F8D04A37
:109F100086F8E04A86F8EA4A86F8ED4A86F8EF4A7B
:109F200086F8084B86F8284B86F83C4B86F84C4B55
:109F300086F85C4B86F8644B86F86C4B86F8724B5F
:109F400086F8904B86F8964B86F8A04B86F8B44B73
:109F500086F8C84B86F8F04B86F8004C86F8104C13
:109F600086F8204C86F8304C86F8404C86F8504CE9
:109F700086F8584C86F8624C86F8804C86F8A04CDF
:109F800086F8B44C86F8C44C86F8D44C86F8E44C79
:109F900086F8F44C86F8044D86F80C4D86F8144D7E
:109FA00086F8204D86F8304D86F83A4D86F83D4DBE
:109FB00097E80F0006F6046C86F83F4D86F8584D7A
:109FC00086F8784D86F88C4D86F89C4D86F8AC4D19
:109FD00086F8B44D86F8BC4D86F8C24D86F8E04D43
:109FE00086F8E64D86F8F04D86F8FC4D86F8024E70
:109FF0008CE80F0005F5395086F814EE86F83C4ED3
:10A00000C6F8404EA6F85C4EA6F85E4E86F8604E46
:10A010002430FEF767FE284609B0BDE8F08F00BF88
:10A020002DE9F04F04469DB04FF480500F46FBF7EA
:10A030006BFF00254FF48053C4E901354FF0010355
:10A040002122206023752946C4E90355257724621F
:10A0500004F1240010F0C4FA6D4BA3616D486E4BFF
:10A06000C4F89433002104F59663C4E9125584F8CA
:10A070008C53C4F8905384F8A054C4F8A45443E912
:10A08000020184F8B054C4F8B45404F59760FEF7A4
:10A0900029FE04F59C63614A15930121184604F5D5
:10A0A0004D5BFFF793F80DF1600A5D4B1B930BF1CD
:10A0B000300B04F540565B4B1A9351465846CDE998
:10A0C0001845FFF737F85046FEF702FEDFF86481C7
:10A0D00086F850747F1B18BF012704F5515986F884
:10A0E000517409F1180908F10801442268461197D2
:10A0F00010F086FE98E80C0004F59C614846FEF7D7
:10A1000071FE04F55B53283308F1080144226846C8
:10A11000CDE911B7159310F073FE98E80C0004F523
:10A120009C611598FEF714FEFB220123CDE918234C
:10A130009AE8030016AB83E8030006F66C023A4B7C
:10A1400082E80300C6F86838C6F874984FF47A605D
:10A15000FBF7DAFE4FF47A63C6F87C384FF0010360
:10A1600086F88C38C6F8780810222946C6F8805838
:10A17000C6F88458C6F8885806F5096010F030FA19
:10A1800004F561581022294606F50A6010F028FAF5
:10A1900008F17000FEF768FE04F56357234B1B932C
:10A1A0000837234B1A93524640F6B83321463846B7
:10A1B000CDE91845FEF7DCFF5046FEF789FD4FF468
:10A1C000B5622946C6F8885906F5196010F008FAF4
:10A1D00004F566501030FEF74EFE4946384605F04D
:10A1E00073FF08F128081599384605F06DFF4146C0
:10A1F000384605F069FF96F851342BB196F85014A3
:10A2000004F59C60FEF74BFD20461DB0BDE8F08FC5
:10A210009CF50108A086010060F50108ECF5010835
:10A220008DA20008DF8B0008B8F801089DA2000885
:10A23000FF8B0008F0F50108F8B5054600F28456DA
:10A2400030460F46FBF702FF95F87C35CBB9B5F8E1
:10A2500078454FF48C7202FB0450394610F0D0FD63
:10A2600001340523B4FBF3F303EB8303E41AB5F8DD
:10A270007A35A4B21A1B53425341A5F8784585F8A4
:10A280007C353046BDE8F840FBF7FCBE08B50068F9
:10A2900000F566501030FFF7CFFF08BD08B5006825
:10A2A00000F566501030FFF7C7FF08BD037EC28A75
:10A2B00082B013B9818A914204D030F81230ADF8DF
:10A2C000043001238DF80630BDF80430002063F31C
:10A2D0000F00BDF8063063F31F4002B07047BFF3B4
:10A2E0005B8F0068BFF35B8F7047F8B500F5395698
:10A2F000283605463046FBF7A9FE05F5005393F8CE
:10A30000602EBAB9B3F85C4EB3F85E3E0A34E41A74
:10A310000A2394FBF3F203FB1244A4B205F59467FD
:10A3200005F54B552035AF4206D13046FBF7AAFE66
:10A330002046F8BD0A24F1E73846FFF7D0FF012890
:10A3400004BF04F1FF34A4B207F59467EBE708B546
:10A35000FFF7CBFFB0FA80F0400908BD027EC38A48
:10A3600013B512B9818A99421AD0002230F813101D
:10A37000027601330A22B3FBF2F402FB1433C382E8
:10A38000ADF8041001238DF80630BDF8043000202C
:10A3900063F30F00BDF8063063F31F4002B010BD39
:10A3A0001346F0E72DE9F04F01F53957283785B00E
:10A3B000064638460C46FBF749FE002504F5395899
:10A3C000AB4608F108084FF4946A4046FFF76EFF69
:10A3D000C0F3074310F47F0F1FFA80F900930FD1E9
:10A3E000BBF1000F21D04FF494635D43083405F5B1
:10A3F0009360204402212C44FEF74BFC346016E0AD
:10A4000009FB0AA2224410460192FFF768FF0328C5
:10A41000E6D1019A00211046FEF73BFC4046FFF7CB
:10A420009DFF4D46DDF800B0CFE7C6F800B03846D6
:10A43000FBF728FE304605B0BDE8F08F2DE9F3416B
:10A440000C4601F53956283604F5395705460837C4
:10A450003046FBF7FBFD3846FFF728FF10F47F0F6F
:10A460000190C0F3074307D12B603046FBF70AFE8B
:10A47000284602B0BDE8F081BDF8040008344FF46E
:10A48000946808FB004000F59360FFF728FF03285D
:10A4900001D00023E8E73846FFF760FF83B208FBEE
:10A4A00003F303F59360204402211C44FEF7F1FB03
:10A4B0002C60DAE72DE9F34100F5395628360546D8
:10A4C0003046FBF7C3FD05F5395708374FF494685C
:10A4D0003846FFF7EBFE10F47F0F84B20FD004FB79
:10A4E00008842C442046FFF7FAFE032807D138469B
:10A4F000FFF734FF00212046FEF7CBFBE8E73046AC
:10A5000002B0BDE8F041FBF7BDBD10B504460068E0
:10A51000B0B100F59360FFF7E2FE2368022803F56F
:10A52000936004D10021BDE81040FEF7B2BBFFF7F5
:10A53000D6FE012804D12068032100F59360F2E7DC
:10A5400010BD2DE9F04105460C4601F10807002633
:10A5500007F593684046FFF7C2FE10BB0121404655
:10A56000FEF797FB04F5005191F8603EABB9B1F8E6
:10A570005C3E01EB43020133A2F8486E0A22B3FBB2
:10A58000F2F002FB1033B1F85E2E9BB2D21AA1F8A2
:10A590005C3E5342534181F8603E2F602846BDE83F
:10A5A000F0810136B6B20A2E07F59467D0D10023A8
:10A5B0002B60F3E72DE9F04F01F53956283685B0C9
:10A5C0000C4605463046FBF741FD214602A8FFF741
:10A5D000B8FF029F002F55D194F804A0BAF1020FE2
:10A5E00050D0BAF1010F4FD104F5395909F10809DA
:10A5F0004846FFF75BFE10F47F0F03900DD1002358
:10A600002B60002302A80293FFF77FFF3046FBF781
:10A6100039FD284605B0BDE8F08FBDF80C30019338
:10A620004FF4946808FB03F804F1080708F5936BEE
:10A63000BB445846FFF753FE0328E0D1484604F5D3
:10A640000054FFF78BFE51465846FEF722FB94F864
:10A65000603EB3B9B4F85C3E019904EB43020133A8
:10A66000A2F8481E0A22B3FBF2F102FB1133B4F840
:10A670005E2E9BB2D21AA4F85C3E5342534184F83A
:10A68000603E47442F60BCE7BAF1030FFAD1304671
:10A69000FBF7F8FC0120FBF759FD3046FBF7D6FC31
:10A6A000214603A8FFF74DFFDDF80C80029702A8B2
:10A6B000FFF72BFF03A80397FFF727FFB8F1000F61
:10A6C000E5D0C5F800809CE770B5AEB001240BABB7
:10A6D000CDE92C342EAB13E906005E485D4EADF893
:10A6E0002C40FEF702FC40F20113ADF828300AAB13
:10A6F0002246194606F10C00CDE92A34FEF7F5FB97
:10A7000040F20143ADF8243009AB2246194606F168
:10A710001800CDE92834FEF7E8FB4FF48273ADF85A
:10A72000203008AB2246194606F12400CDE9263434
:10A73000FEF7DBFB4FF40173ADF81C3007AB22468C
:10A74000194606F13000CDE92434FEF7CEFB40F681
:10A750000223ADF8183006AB2246194606F13C003C
:10A76000CDE92234FEF7C1FB40F20513ADF81430F9
:10A7700005AB2246194606F14800CDE92034FEF724
:10A78000B4FB40F20543ADF8103004AB2246194645
:10A7900006F15400CDE91E34FEF7A7FB40F6021384
:10A7A000ADF80C3003AB2246194606F16000CDE946
:10A7B0001C34FEF79AFB284B0D9302250DAB2A465D
:10A7C000194606F16C001A931B95FEF78EFB234B7E
:10A7D0000E9340F20253ADF83C300EAB18930323B6
:10A7E000189919931A4606F17800FEF77EFB1C4B68
:10A7F0000C930CAB2A46194606F18400CDE91635B8
:10A80000FEF773FB0523ADF8083002AB224619466C
:10A8100006F19000CDE91434FEF767FB40F20173B6
:10A82000ADF8043001AB2246194606F19C00CDE993
:10A830001234FEF75AFB40F20153ADF800302246C5
:10A840006B46694606F1A800CDE91034FEF74DFBD2
:10A850002EB070BD082E002002020203020802047E
:10A860000206020790F83C2322B1002280F83C2324
:10A87000F8F7B6BE7047000038B5836B00F13805B5
:10A88000DB690446284698472846FFF7EBFF94F813
:10A8900074332BB1034B044A04484D210DF0C0F929
:10A8A000237138BD0CEF010821EF010842EF0108C8
:10A8B00010B5044B044640F8383BFFF7D3FF204661
:10A8C00010BD00BF9CF5010810B50446FFF7F0FF6E
:10A8D00020464FF45E71FBF72DFB204610BD0000B3
:10A8E00070B5044600F59660FEF7E8F910B1204611
:10A8F000FEF7E5FA04F540561E4DC6F8105F04F564
:10A900007C501430FBF7D8FB04F565503030FEF76F
:10A91000DFF9194BC6F8683804F561503830FEF796
:10A920000CFA04F55050C6F828542C30FBF7C4FB41
:10A9300004F54D503030FEF7CBF9104BC4F8E0343D
:10A9400004F54D50C6F844530830FBF7B5FBC4F886
:10A95000B85404F2BC40FBF7AFFB04F2B440FEF77E
:10A960002BFC04F11800FFF7A3FF2046FEF7E5F9E2
:10A97000204670BD8CF50108B8F80108CCF5010837
:10A98000134602689A4210B507D94468D21AE018F3
:10A9900010F0E6F908B1001B10BD4FF0FF30FBE7E7
:10A9A00070B5044600F5C6760D463046FBF74EFB03
:10A9B000C4F880513046BDE87040FBF763BB38B542
:10A9C000044600F5C6752846FBF740FBD4F88031F5
:10A9D0000BB100221A602846BDE83840FBF752BB95
:10A9E00070B50C4601F5C67605463046FBF72EFBE2
:10A9F00094F884316BB994F8853153B1084940F229
:10AA00005F122846FEF71AFB3046FBF73BFB284651
:10AA100070BD4FF4B272211D284610F0F1F9F3E732
:10AA20000DE50108F7B5D0F86031014418444B78C2
:10AA300003F0DF03582B08BF02310026471A0A46ED
:10AA400000239F4214463FDD2578302D02F101029C
:10AA500029D0DFF87CC01CF805200F2A34D85C1CF4
:10AA60001546A74221D1E31A9B004AB3B2FA82F2FB
:10AA7000183A0C44043AA142A3EB020322D0202B43
:10AA800020DCB5F5803F1DD2A0421BD1AEB2012320
:10AA90008DF80630BDF80630002066F30F0063F332
:10AAA0001F4003B0F0BD0133CBE711F804E01CF800
:10AAB0000EE0BEF10F0FD6D84EEA05150134D0E7EF
:10AAC0000822D6E70023E3E7A142FBD00025DBE71D
:10AAD00054F601082DE9F041D0F86071B9B20729A8
:10AAE000DAB0044602D983792C2B11D00023ADF8BB
:10AAF000003001238DF80230BDF80020BDF802308F
:10AB0000002062F30F0063F31F405AB0BDE8F081EC
:10AB1000062314F80380B8F12A0F04D0013398B249
:10AB20008142F6D8E2E7BFB201AEC6E90074002266
:10AB30002C213046FFF724FF451CADB2AF420CD8A4
:10AB40000E4900235A1C92B23046FEF777FA0021D4
:10AB50003046FFF767FF0090CEE72A464146304671
:10AB6000FFF70EFF83B29F42EAD95B1B013B7A1BC2
:10AB7000934228BF13466119E4E700BF0DE50108C1
:10AB8000F0B505461046B5F86041A3421BD8E41A5B
:10AB9000A2B2824228BF02464FF6FF77013990B237
:10ABA000B84206D0AE1800241FFA84FC634501D8D1
:10ABB00007D1F0BD013416F801CB11F804E0E645E9
:10ABC000F2D0013AEBD24FF6FF70F2E713B507234C
:10ABD0000C4900220446FFF7D3FF10B1002002B059
:10ABE00010BD2046FFF776FF10F47F0F0190F5D0DF
:10ABF000BDF80430981E0C2B18BF072894BF012005
:10AC00000020ECE7D8EF01082DE9F04F0446DBB057
:10AC100000F5C6780DF1040A40464FF0000B0D46D2
:10AC20001F46164604F10409FBF710FA194984F887
:10AC300084B140F25F125046FEF700FA94F86821A2
:10AC400015494B465046FEF73DFABDF864315A4669
:10AC500051462846FFF794FF98B9012384F88531BF
:10AC60004FF4B2722946484610F0CAF8C4E95E674C
:10AC7000404694F88541FBF705FA20465BB0BDE8F5
:10AC8000F08F2846FFF7A2FF0028E6D184F885015F
:10AC9000EEE700BFE0EF0108E4EF010870B5AEB0E9
:10ACA00001240BABCDE92C342EAB13E906005E4832
:10ACB0005D4EADF82C40FEF718F940F20113ADF8E7
:10ACC00028300AAB2246194606F10C00CDE92A3499
:10ACD000FEF70BF940F20143ADF8243009AB2246F0
:10ACE000194606F11800CDE92834FEF7FEF84FF4B6
:10ACF0008273ADF8203008AB2246194606F12400D5
:10AD0000CDE92634FEF7F1F84FF40173ADF81C30AD
:10AD100007AB2246194606F13000CDE92434FEF790
:10AD2000E4F840F60223ADF8183006AB2246194687
:10AD300006F13C00CDE92234FEF7D7F840F20513C6
:10AD4000ADF8143005AB2246194606F14800CDE9AE
:10AD50002034FEF7CAF840F20543ADF8103004ABDA
:10AD60002246194606F15400CDE91E34FEF7BDF81F
:10AD700040F60213ADF80C3003AB2246194606F13B
:10AD80006000CDE91C34FEF7B0F8284B0D93022586
:10AD90000DAB2A46194606F16C001A931B95FEF777
:10ADA000A4F8234B0E9340F20253ADF83C300EABA7
:10ADB00018930323189919931A4606F17800FEF7A1
:10ADC00094F81C4B0C930CAB2A46194606F18400F0
:10ADD000CDE91635FEF789F80523ADF8083002AB4A
:10ADE0002246194606F19000CDE91434FEF77DF8AD
:10ADF00040F20173ADF8043001AB2246194606F16A
:10AE00009C00CDE91234FEF770F840F20153ADF822
:10AE1000003022466B46694606F1A800CDE91034A1
:10AE2000FEF763F82EB070BDBC2E002002020203B4
:10AE30000208020402060207704710B530210446DA
:10AE4000FBF778F8204610BD8369092B9EBF5A1C7A
:10AE5000826120F813107047F8B50D46A822002132
:10AE600004460FF0BDFB2878D5F8601124288AB27B
:10AE70000FD00123C4F8A4306B1E23600023EE180A
:10AE80009A4208D916F8017B2C2F06D001339BB2C9
:10AE9000F6E7062A19D84FF6FF73D4F8A420002647
:10AEA0001FFA81FC634512D30EB1C4F8A4202428F4
:10AEB00009D0D4F8A430272B9FBF6D185A1C44F832
:10AEC0002350C4F8A4202046F8BD0723D7E7EF5C41
:10AED0002C2F01D02A2F06D1272A9FBFEE1844F825
:10AEE0002260013201260133DCE708B583780BB913
:10AEF0000CF08EFE08BD2DE9F74F0D4624220021EF
:10AF000004460FF06DFB2B68D5F804B01A1E18BF6D
:10AF10000122BBF1000F00D00232D5F808A0BAF12F
:10AF2000000F01D00432D2B2D5F80C90B9F1000F65
:10AF300001D00832D2B2D5F81080B8F1000F01D09C
:10AF40001032D2B26F690FB12032D2B2AE690EB1F7
:10AF50004032D2B2ED69002D00F0D18042F0800283
:10AF6000102101206060227019B10222626010225B
:10AF70006270B3B199B204F108000193FFF764FF66
:10AF8000019BB3F5803F0CD3226A013A04EB4202E5
:10AF900011896FEA41416FEA51411181190CFFF7A4
:10AFA00053FFBBF1000F16D01FFA8BF104F108001C
:10AFB000FFF74AFFBBF5803F0DD3236A013B04EB4B
:10AFC00043034FEA1B411A896FEA42426FEA524239
:10AFD0001A81FFF739FFBAF1000F16D01FFA8AF174
:10AFE00004F10800FFF730FFBAF5803F0DD3236A64
:10AFF000013B04EB43034FEA1A411A896FEA4242CC
:10B000006FEA52421A81FFF71FFFB9F1000F16D005
:10B010001FFA89F104F10800FFF716FFB9F5803F28
:10B020000DD3236A013B04EB43034FEA19411A890C
:10B030006FEA42426FEA52421A81FFF705FFB8F108
:10B04000000F16D01FFA88F104F10800FFF7FCFE8C
:10B05000B8F5803F0DD3236A013B04EB43034FEA6D
:10B0600018411A896FEA42426FEA52421A81FFF789
:10B07000EBFEA7B1B9B204F10800FFF7E5FEB7F5A2
:10B08000803F0CD3236A013B04EB4303390C1A893C
:10B090006FEA42426FEA52421A81FFF7D5FEA6B12B
:10B0A000B1B204F10800FFF7CFFEB6F5803F0CD334
:10B0B000236A013B04EB4303310C1A896FEA4242D5
:10B0C0006FEA52421A81FFF7BFFEA5B1A9B204F19F
:10B0D0000800FFF7B9FEB5F5803F0CD3236A013BAA
:10B0E00004EB4303290C1A896FEA42426FEA524289
:10B0F0001A81FFF7A9FE204603B0BDE8F08F29466C
:10B100002FE7000030B50D46DBB004464FF4B272B5
:10B11000002101A80FF064FA2A79144901A8FDF76B
:10B12000ACFF2B792046642B114B40F8043B01A95E
:10B130004FF4B27234BF062507250FF061FE0022DE
:10B140000023C4E95C23C4E95E230023C4F88031F2
:10B15000A4F88431074B84F86851C4F8883104F5A9
:10B16000C670FAF76BFF20465BB030BD2CF00108CB
:10B1700044F601088CF501082DE9F047E4B00C46CF
:10B1800040F25F12214902AD0646FDF757FF04F178
:10B1900008012846FFF7AFFE94F82A3023B394F84D
:10B1A0002E300BB304F12C00FFF79FFE0BAFB0F86D
:10B1B0000090B4F828804FF4B272002138460FF0A6
:10B1C0000FFA6B682C4605EB030AA24510D12D6AD5
:10B1D00004AC04EB4505A54211D10D4900974B463F
:10B1E00042463046FDF76EFF304664B0BDE8F0875A
:10B1F00014F8012B07493846FDF764FFE5E734F8FA
:10B20000022B05493846FDF75DFFE4E70DE501082F
:10B210004EF0010842F0010848F001082DE9F04322
:10B22000074603F03F06006896FAA6F6B6FA86F6D9
:10B23000A1EB000E04464FF0000CF44521463FDA26
:10B240000D78302D04F101040CD0022B33D01D4CAD
:10B25000655D9D4234DA15600CF10104DFF864800D
:10B26000204410E00CF1010CE7E791F8009018F889
:10B270000990994500F1010008DA1168B14041EAEE
:10B2800009011160013474450146EEDBA4EB0C04A6
:10B29000022B06FB04F407D085B1B5FA85F5183DFD
:10B2A000C5F10805761BA41B202CCCBF0020012073
:10B2B0003960BDE8F08364460025CFE70825EFE755
:10B2C0000120F5E754F601082DE9F04103F03F07AE
:10B2D000B7FA87F79446C7F120074FF0200E0268AF
:10B2E0008A4202D10120BDE8F0811478303CE4B2FA
:10B2F0009C42F7DABEEB070EDCF8006002F10102B7
:10B3000005D406FB0344CCF800400260E7E70025C3
:10B31000AB4202DA751B18BF0125A3FB0668B8F122
:10B32000000F00D175B1CCF800608A42144602606B
:10B3300006D02478303CE4B2A34202F10102F4DCEE
:10B340000020D0E7A419CCF80040DED3EDE737B5F4
:10B35000037804462B2B4FF0000308BF0134019300
:10B3600001AA0A2368460D460094FFF7ADFF009A34
:10B37000944206D028B1019BB3F5803F01D295429B
:10B380000DD000238DF80630BDF80430002063F3A3
:10B390000F00BDF8063063F31F4003B030BDADF8B9
:10B3A00004300123EEE737B5437803F0DF030446AA
:10B3B000582B4FF0000308BF0234019301AA102359
:10B3C00068460D460094FFF729FF009A944206D084
:10B3D00028B1019BB3F5803F01D295420DD00023E7
:10B3E0008DF80630BDF80430002063F30F00BDF87F
:10B3F000063063F31F4003B030BDADF804300123C5
:10B40000EEE737B5437803F0DF030446582B4FF0DF
:10B41000000308BF0234019301AA102368460D46B9
:10B420000094FFF7FBFE009A944205D020B1019BE7
:10B43000FF2B01D8954206D000239DF8040040EA76
:10B44000032003B030BD8DF804300123F5E72DE96A
:10B45000F043AFB0054604A8FFF7FEFC059C049836
:10B4600021460130FFF79FFF10F47F0F019000F09D
:10B470009C8195F82A20BDF804302B85002A00F025
:10B480008E81069E601C3146FFF761FF10F47F0F2E
:10B49000019000F08A81BDF80430079CAB85012340
:10B4A00085F82E302146F018FFF7ABFF10F47F4FE0
:10B4B000ADF80C0000F079819DF90C309DF80C601E
:10B4C000002B80F270810899601CFFF79AFF10F43E
:10B4D0007F4FADF80C0000F068819DF80C3004241B
:10B4E00046EA0326F1072FD5671C2EAB03EB870333
:10B4F00053F8A89C2EAB03EB8403494653F8A80CE1
:10B500000130FFF750FF10F47F0F029000F04D81E3
:10B51000BDF90830BDF80880002B12DAA71C2EAB4D
:10B5200003EB870309F1010053F8A81CFFF73BFF69
:10B5300010F47F0F039000F03881BDF80C3048EA1A
:10B540000348C5F808803C46B2072FD5671C2EABD0
:10B5500003EB870353F8A89C2EAB03EB8403494607
:10B5600053F8A80C0130FFF71EFF10F47F0F029074
:10B5700000F01B81BDF90830BDF80880002B12DAFD
:10B58000A71C2EAB03EB870309F1010053F8A81C9D
:10B59000FFF709FF10F47F0F039000F00681BDF85C
:10B5A0000C3048EA0348C5F80C803C4673072FD599
:10B5B000671C2EAB03EB870353F8A89C2EAB03EB61
:10B5C0008403494653F8A80C0130FFF7ECFE10F451
:10B5D0007F0F029000F0E980BDF90830BDF80880C7
:10B5E000002B12DAA71C2EAB03EB870309F1010035
:10B5F00053F8A81CFFF7D7FE10F47F0F039000F05C
:10B60000D480BDF80C3048EA0348C5F810803C46A9
:10B6100037072FD5671C2EAB03EB870353F8A89C85
:10B620002EAB03EB8403494653F8A80C0130FFF717
:10B63000BAFE10F47F0F029000F0B780BDF9083019
:10B64000BDF80880002B12DAA71C2EAB03EB870392
:10B6500009F1010053F8A81CFFF7A5FE10F47F0FB5
:10B66000039000F0A280BDF80C3048EA0348C5F80A
:10B6700014803C46F0062ED5671C2EAB03EB8703E7
:10B6800053F8A89C2EAB03EB8403494653F8A80C4F
:10B690000130FFF788FE10F47F0F029000F08580E4
:10B6A000BDF90830BDF80880002B11DAA71C2EABBD
:10B6B00003EB870309F1010053F8A81CFFF773FEA1
:10B6C00010F47F0F039070D0BDF80C3048EA0348A7
:10B6D000C5F818803C46B1062DD5671C2EAB03EB90
:10B6E000870353F8A89C2EAB03EB8403494653F819
:10B6F000A80C0130FFF757FE10F47F0F029054D0D2
:10B70000BDF90830BDF80880002B11DAA71C2EAB5C
:10B7100003EB870309F1010053F8A81CFFF743FE70
:10B7200010F47F0F039040D0BDF80C3048EA034876
:10B73000C5F81C803C4672062DD5671C2EAB03EB6A
:10B74000870353F8A89C2EAB03EB8403494653F8B8
:10B75000A80C0130FFF727FE10F47F0F029024D0D1
:10B76000BDF90830BDF80880002B11DAA71C2EABFC
:10B7700003EB870309F1010053F8A81CFFF713FE40
:10B7800010F47F0F039010D0BDF80C3048EA034846
:10B79000C5F820803C46F3040BD4002006E00123CA
:10B7A00085F82A306DE603249CE601202FB0BDE821
:10B7B000F0832EAB03EB840353F8A47C2EAB03EB96
:10B7C0008403394653F8A80C0130FFF7ECFD10F460
:10B7D0007F0F0290E9D0BDF90830BDF80860002B5A
:10B7E0000FDA2EAB03EB8404781C54F8A01CFFF78F
:10B7F000DAFD10F47F0F0390D7D0BDF80C3046EA85
:10B8000003466E62C9E7000070B5AEB001240BAB11
:10B81000CDE92C342EAB13E906005E485D4EADF841
:10B820002C40FDF762FB40F20113ADF828300AAB63
:10B830002246194606F10C00CDE92A34FDF755FBE6
:10B8400040F20143ADF8243009AB2246194606F117
:10B850001800CDE92834FDF748FB4FF48273ADF8AA
:10B86000203008AB2246194606F12400CDE92634E3
:10B87000FDF73BFB4FF40173ADF81C3007AB2246DC
:10B88000194606F13000CDE92434FDF72EFB40F6D1
:10B890000223ADF8183006AB2246194606F13C00EB
:10B8A000CDE92234FDF721FB40F20513ADF8143049
:10B8B00005AB2246194606F14800CDE92034FDF7D4
:10B8C00014FB40F20543ADF8103004AB2246194694
:10B8D00006F15400CDE91E34FDF707FB40F60213D4
:10B8E000ADF80C3003AB2246194606F16000CDE9F5
:10B8F0001C34FDF7FAFA284B0D9302250DAB2A46AE
:10B90000194606F16C001A931B95FDF7EEFA234BCE
:10B910000E9340F20253ADF83C300EAB1893032364
:10B92000189919931A4606F17800FDF7DEFA1C4BB8
:10B930000C930CAB2A46194606F18400CDE9163566
:10B94000FDF7D3FA0523ADF8083002AB22461946BD
:10B9500006F19000CDE91434FDF7C7FA40F2017307
:10B96000ADF8043001AB2246194606F19C00CDE942
:10B970001234FDF7BAFA40F20153ADF80030224616
:10B980006B46694606F1A800CDE91034FDF7ADFA23
:10B990002EB070BD702F00200202020302080204C4
:10B9A000020602072DE9F04F0E469DB04C220446D8
:10B9B000002109A80EF014FE7368D6F82080F21852
:10B9C000013B0025049306F1080337460292AC467A
:10B9D000A9460593029B9F4208D1454573D14C224D
:10B9E00009A920460FF00CFA012320E0049A3B78C5
:10B9F0000093624597F9003007DD002B07DB84F8E0
:10BA00004C9020461DB0BDE8F08F002BF7DB4FEACD
:10BA1000CC02D2B2013A00230392009A1A41D10714
:10BA200025D5BCF1000F05D123B9A84526DC84F843
:10BA30004C30E6E7039AD118C9B21CA8002200EBEB
:10BA4000810145453FDA059830F815A051F84C0CB6
:10BA5000CAF30E0E12010EFA02F202431AF4004F5C
:10BA600041F84C2C05F101054FF00102E9D10133F9
:10BA7000072BD2D101370CF1010CABE706EB4502E5
:10BA80001189B2F908200191002AD0DB0DF1180EBE
:10BA9000019A1A41D20705D401330F2BF8D1013591
:10BAA0000123BAE7104A0C2101FB032207CA8EE8E2
:10BAB0000700089AF2460EEB420BD345ECD01AF879
:10BAC000022B132A01D90023B1E71CA9013A01EB8B
:10BAD00082021AF8011C012000FA01F152F84C0C04
:10BAE000014342F84C1CE8E72430002070B5AEB0AA
:10BAF00001240BABCDE92C342EAB13E906005E48D4
:10BB00005D4EADF82C40FDF7F0F940F20113ADF8B1
:10BB100028300AAB2246194606F10C00CDE92A343A
:10BB2000FDF7E3F940F20143ADF8243009AB2246BA
:10BB3000194606F11800CDE92834FDF7D6F94FF47F
:10BB40008273ADF8203008AB2246194606F1240076
:10BB5000CDE92634FDF7C9F94FF40173ADF81C3077
:10BB600007AB2246194606F13000CDE92434FDF733
:10BB7000BCF940F60223ADF8183006AB2246194650
:10BB800006F13C00CDE92234FDF7AFF940F2051390
:10BB9000ADF8143005AB2246194606F14800CDE950
:10BBA0002034FDF7A2F940F20543ADF8103004ABA4
:10BBB0002246194606F15400CDE91E34FDF795F9E9
:10BBC00040F60213ADF80C3003AB2246194606F1DD
:10BBD0006000CDE91C34FDF788F9284B0D93022550
:10BBE0000DAB2A46194606F16C001A931B95FDF71A
:10BBF0007CF9234B0E9340F20253ADF83C300EAB70
:10BC000018930323189919931A4606F17800FDF743
:10BC10006CF91C4B0C930CAB2A46194606F18400B8
:10BC2000CDE91635FDF761F90523ADF8083002AB13
:10BC30002246194606F19000CDE91434FDF755F976
:10BC400040F20173ADF8043001AB2246194606F10B
:10BC50009C00CDE91234FDF748F940F20153ADF8EC
:10BC6000003022466B46694606F1A800CDE9103443
:10BC7000FDF73BF92EB070BD243000200202020314
:10BC80000208020402060207F7B5D0F86031014449
:10BC900018444B7803F0DF03582B08BF023100260D
:10BCA000471A0A4600239F4214463ADD2578302D74
:10BCB00002F1010224D0DFF874C01CF805200F2A1D
:10BCC0002FD85C1C1546A7421CD1E31A9B0022B357
:10BCD000B2FA82F2183A0C44043AA142A3EB0203EE
:10BCE0001DD0202B1BDCFF2D19D8A04217D1EEB29E
:10BCF0000123002066F3070063F30F2003B0F0BDBB
:10BD00000133D0E711F804E01CF80EE0BEF10F0F8C
:10BD1000DBD84EEA05150134D5E70822DBE700231E
:10BD2000E7E7A142FBD00025DFE700BF54F601089A
:10BD3000826810B50AB905F099FFBDE81040C368E4
:10BD40001847F0B591F8A430B1F8A27085B0044658
:10BD50000E463BB9B1F8A020BA4203D12046237465
:10BD600005B0F0BD06EB07130FCB8DE80F000023E5
:10BD7000013786F8A4300A23B7FBF3F203FB1277EE
:10BD80009DE80F00A6F8A27084E80F000123E5E704
:10BD90002DE9F047144690F8B4201F4692B0B0F851
:10BDA000B23000F110061AB9B0F8B0209A424AD069
:10BDB00000EB031010300FC80CAD0DF1180C85E826
:10BDC0000F008CE80F00804638B931466846FFF70F
:10BDD000B8FF012012B0BDE8F08700F5C67A5046E2
:10BDE000FAF734F9D8E95C985046FAF74BF9B4EB16
:10BDF00009044FF47A7167EB0802A4FB014301FBCD
:10BE00000233DDE90812934208BF8C424FF000076D
:10BE100019D08C42934116DB31462846FFF791FF3B
:10BE20009DF840306BB10C9C04F5C6752846FAF7B6
:10BE30000DF9C4F88071A4F884712846FAF722F944
:10BE4000C7E70BF0E5FE0020C4E700002DE9F04F46
:10BE5000ADF5677D8CAC0E460746002115462046A1
:10BE600040F25F124FF000080EF0BAFB8C49C4F8A4
:10BE700060814FF4AF7220460EF0A4FC4FF4AF7116
:10BE800020460EF0D3FCB6F86031C4F8600180B2F1
:10BE900098426ED82246434699B2884261D868D10A
:10BEA0003046FEF793FE0246002862D1B6F8609154
:10BEB0002C21C4E900962046FEF762FD00F101083E
:10BEC0001FFA88F8C1457FD8DFF8D881002540F2F5
:10BED0005F12002120460EF083FB6A1C92B2B2F57D
:10BEE000AF7F4FF0000928BF4FF4AF724146C4F84E
:10BEF000609120460EF066FC4FF4AF7120460EF0C4
:10BF000095FC4946C4F860012046FFF7BDFEB6F82F
:10BF10006051ADF80C00B5F5807F28BF4FF48075F7
:10BF200010F47F4F03ABC0F3072A04AC0DF58C78F7
:10BF30005DD140F20112514620460EF051FB2A46D7
:10BF4000314620460EF05CFF04F805A0C4F8045109
:10BF5000FAF736F84FF4987306460D46A8F8003005
:10BF60005CE016F803C012F8011B8C4503F10103D5
:10BF700092D007F1BC094846FAF768F807F1100BB0
:10BF8000D5E906233846FFF703FF80460028F7D19E
:10BF900059462046FFF7D5FE94F810A0BAF1000FDD
:10BFA0004FD0206801904146FEF7FAFC01980368E3
:10BFB0003146D3F80CA0D5E90623D0470028DFD0BE
:10BFC0004846FAF75FF837E042462A212046FEF756
:10BFD000D7FC85B2A9457FF677AFA5EB0805A9EB9D
:10BFE0000809013D4D4528BF4D46B0446FE740F27A
:10BFF00001124946204693F800A00EF0F1FA2A46B5
:10C00000314620460EF0FCFE04F80590C4F80451B9
:10C01000F9F7D6FFA8F800A006460D4621464FF4D2
:10C02000847247A80EF0ECFE41463846CDE98A6599
:10C03000FFF77EFE4FF0010840460DF5677DBDE835
:10C04000F08F46AD514640F2011228460EF0C8FA74
:10C05000B6F86081B8F5807F28BF4FF480784246FB
:10C06000314628460EF0CCFE05F808A0CDF81C821B
:10C07000F9F7A6FF4FF4987380460E4623804FF4DD
:10C08000847229468DA80EF0BBFE38462146CDE9C4
:10C09000D086FFF74DFE4846F9F7F4FFCAE700BF28
:10C0A000D8EF01080DE5010870B5AEB001240BAB67
:10C0B000CDE92C342EAB13E906005E485D4EADF899
:10C0C0002C40FCF712FF40F20113ADF828300AAB08
:10C0D0002246194606F10C00CDE92A34FCF705FF8B
:10C0E00040F20143ADF8243009AB2246194606F16F
:10C0F0001800CDE92834FCF7F8FE4FF48273ADF850
:10C10000203008AB2246194606F12400CDE926343A
:10C11000FCF7EBFE4FF40173ADF81C3007AB224681
:10C12000194606F13000CDE92434FCF7DEFE40F676
:10C130000223ADF8183006AB2246194606F13C0042
:10C14000CDE92234FCF7D1FE40F20513ADF81430EE
:10C1500005AB2246194606F14800CDE92034FCF72C
:10C16000C4FE40F20543ADF8103004AB2246194638
:10C1700006F15400CDE91E34FCF7B7FE40F6021379
:10C18000ADF80C3003AB2246194606F16000CDE94C
:10C190001C34FCF7AAFE284B0D9302250DAB2A4652
:10C1A000194606F16C001A931B95FCF79EFE234B73
:10C1B0000E9340F20253ADF83C300EAB18930323BC
:10C1C000189919931A4606F17800FCF78EFE1C4B5D
:10C1D0000C930CAB2A46194606F18400CDE91635BE
:10C1E000FCF783FE0523ADF8083002AB2246194662
:10C1F00006F19000CDE91434FCF777FE40F20173AC
:10C20000ADF8043001AB2246194606F19C00CDE999
:10C210001234FCF76AFE40F20153ADF800302246BA
:10C220006B46694606F1A800CDE91034FCF75DFEC7
:10C230002EB070BDD83000200202020302080204B2
:10C240000206020782B0112800F2E080DFE800F069
:10C2500009203A60465460DEDEDEDEDE60DEDEDED1
:10C2600092AE0E2900F2D280DFE801F0080808C67D
:10C2700044C680C6C6809882C4CA080008238DF8C8
:10C28000043001239DF8040040EA032002B0704707
:10C29000092900F2BB8001A353F821F07DC20008F8
:10C2A0007DC200087DC20008F5C300087DC20008F9
:10C2B0007DC200087DC2000801C4000801C4000856
:10C2C00069C300080C2900F2A180DFE801F0939512
:10C2D000959599991395959595939B000D2900F245
:10C2E0009580DFE801F08789078B898989898989A9
:10C2F0004543898D1023C2E70C2900F28780DFE8CF
:10C3000001F07935357B7B7B7B7B7B7F7F4B5100DD
:10C3100012297BD801A353F821F000BF7DC2000889
:10C320007DC20008F5C3000869C3000869C300089E
:10C330006DC300086DC30008F9C30008F9C3000805
:10C34000F9C3000801C4000801C40008F5C30008CF
:10C3500071C300080DC400080DC400080DC4000816
:10C36000F5C300087DC20008012388E7182386E78B
:10C370001C2384E70B2949D8DFE801F006060608EC
:10C380000A0C0E1044121416302378E75C2376E76B
:10C39000502374E74C2372E7442370E714236EE7BD
:10C3A0003C236CE740236AE7C02368E70E292DD8B9
:10C3B00001A353F821F000BF7DC20008F5C30008B7
:10C3C000F5C30008F9C30008FDC30008F9C300085D
:10C3D000FDC3000801C4000801C4000801C400082E
:10C3E00001C4000805C4000809C40008F9C3000816
:10C3F000FDC30008022342E70C2340E724233EE765
:10C4000004233CE728233AE7902338E7002339E761
:10C41000F8B504460F461646BFF35B8F0269BFF3BB
:10C420005B8F9919914232D8BFF35B8F0269BFF3DA
:10C430005B8F934221D2C26841681A44B2FBF1F08B
:10C4400001FB1022891ABFF35B8F2569BFF35B8F55
:10C45000ED1A8D4228BF0D46E26813446268B3FBB3
:10C46000F2F102FB11332168AE42194407D832467B
:10C4700038460EF0C5FC0020F8BD0025ECE72A4642
:10C4800038460EF0BDFC2168721B7819F1E70120D7
:10C49000F2E782B0BFF35B8F0369BFF35B8F4A1C87
:10C4A0009A4211D8C36819444368B1FBF3F203FB05
:10C4B000121103685B5C8DF8043001239DF80400C1
:10C4C00040EA032002B070470023F7E7F7B5D51E16
:10C4D000ADB2092D089C2DD840F2092727FA05F5A1
:10C4E000ED0727D50E2B10D1FFF7D3FF10F47F4FA8
:10C4F000ADF804001CD09DF80430232B26D8DB00B7
:10C5000002332380002003B0F0BD102B12D10A317A
:10C51000FFF7BFFF10F47F4FADF8040008D09DF87F
:10C520000430372B12D8C3EBC3039B000C33E8E76E
:10C530000220E8E719461046FFF784FE10F47F4F0B
:10C54000ADF8040002D09DF80430DAE70120DAE704
:10C550007FB500230C460193029303930C22838B37
:10C5600001A90546FFF754FF50B9267B0199029AAD
:10C57000039B21606260A36026B1AB8B0C33AB835D
:10C5800004B070BD01232373F7E7F0B585B0002335
:10C59000CDE901330393002300930C46838B1022D3
:10C5A00069460646FFF734FF074640B9237C4BB186
:10C5B0009DE80F0084E80F00B38B1033B383384637
:10C5C00005B0F0BD9DE80F0084E80F00012323743F
:10C5D000F2E72DE9F043002287B00023CDE90023E4
:10C5E000CDE90223CDE904230C46838B182269464A
:10C5F0000546FFF70DFF80B9DDE90089DDE9026737
:10C60000DDE90423217EC4E90089C4E90267C4E9A5
:10C61000042329B1AB8B1833AB8307B0BDE8F0839B
:10C6200001232376F6E72DE9F04F0E46A7B0174613
:10C630000021282204461AA80DF0D2FFF9F7C0FC09
:10C64000F36872683B44CDE90901B3FBF2F102FBE8
:10C6500011333268D35CFA2B0BD0382200212046EC
:10C660000DF0BEFF01232370A385204627B0BDE84F
:10C67000F08FBFF35B8F3369BFF35B8FDB1B062B40
:10C68000069308D83822002120460DF0A9FF022386
:10C6900023700723E8E72422002111A80DF0A0FF52
:10C6A000BFF35B8FD6F81080BFF35B8F3D4601353B
:10C6B00029463046FFF7EDFE10F47F4FADF84000FD
:10C6C0007CD0129A9DF84010022A69D802F1980392
:10C6D00002F101090DEB03020B06CDF8489002F8B8
:10C6E000541CE4D411AB03934B440593039B049374
:10C6F000DDE90423934221D19DF8641001EB41024E
:10C7000002EB0903DBB2DA1CA8EB0708D2B29045B2
:10C7100054D35B1ADBB20793FF230593079B0133C6
:10C720004FF000083B4445460C93DDE90323934258
:10C7300046D1B5F5FA6F98BF00237CE0049B13F84F
:10C7400001AB04934FF0000B4AFA0BF212F0010F09
:10C750002ED0691C3046FFF79CFE10F47F4FADF8D9
:10C760003C002BD0023529463046FFF792FE10F4EC
:10C770007F4FADF8400021D09DF840109DF83C203F
:10C7800002EB01221999092992B209D826AB481C5B
:10C7900003EB4101199021F84C2C12F4004FD7E71C
:10C7A00001253822002120460DF01AFF257070E780
:10C7B0000BF1010BBBF1070FC6D199E70225F0E79A
:10C7C000039B1B780B934FF000090B9B43FA09F373
:10C7D000D80751D508EB0902D2B24FF0000A059BE9
:10C7E0000133DBB226A9059301EB43034FF0000BA5
:10C7F00033F84C3C0893089B43FA0BF3D9072FD529
:10C8000010A94FF0000300910C99ADF840300AEBED
:10C810000B032944DBB230460D92FFF757FEBDF8FB
:10C8200040100D9A29448DB2411EC9B20129034618
:10C8300016D8B5F5FA6F079A88BF0123033215445D
:10C840005A1ED2B2012A1FFA85F822D8204600F8D3
:10C85000083B302200210DF0C3FEA4F82C8004E731
:10C860000BF1010BBBF10F0FC5D1089B0AF1100AA8
:10C870001B045FFA8AFAB2D409F10109B9F1070F72
:10C88000A3D1039B08F10808013303935FFA88F8EA
:10C890004BE7069B984502D920460223D7E70DF1C6
:10C8A000440CBCE80F001AAD0FC5BCE80F000FC563
:10C8B000DCF800302B60791C00234744B94213D3C5
:10C8C00004F1080543BB2370099B24931AAE0A9B0D
:10C8D00025930FCE0FC50FCEADF88C800FC596E80F
:10C8E0000F0085E80F00C0E6F26870680A44B2FBEA
:10C8F000F0F500FB15223068825C5BBA5A4093B2B7
:10C90000C2F30312534083EA03339BB25A0102F489
:10C91000FF5253400131D1E70123D4E737B500235B
:10C920000022CDE900230C46838B08226946054688
:10C93000FFF76EFD40B9DDE90023217AC4E9002349
:10C9400021B1AB8B0833AB8303B030BD012323721D
:10C95000F7E7F0B585B00023CDE9013300934FF040
:10C960007E5303930C46838B102269460646FFF7DD
:10C970004FFD074640B9237C4BB19DE80F0084E88A
:10C980000F00B38B1033B383384605B0F0BD9DE87C
:10C990000F0084E80F0001232374F2E77FB5002322
:10C9A0000C460193029303930C22838B01A9054645
:10C9B000FFF72EFD50B9267B0199029A039B216057
:10C9C0006260A36026B1AB8B0C33AB8304B070BD47
:10C9D00001232373F7E737B504220D46838B0DEB54
:10C9E00002010446FFF714FD30B9019B2B600123BF
:10C9F0002B71A38B0433A38303B030BD37B5838B76
:10CA00000C46022201A90546FFF702FD38B9A278BB
:10CA1000BDF80430238022B1AB8B0233AB8303B06B
:10CA200030BD0123A370F7E737B504220D46838B91
:10CA30000DEB02010446FFF7EBFC30B9019B2B60C4
:10CA400001232B71A38B0433A38303B030BD37B50F
:10CA5000838B0D4602220DF106010446FFF7D8FC38
:10CA600038B9BDF806302B800123AB70A38B02339D
:10CA7000A38303B030BD37B50023CDE900330822CE
:10CA8000838B0C4669460546FFF7C2FC024640B957
:10CA9000237A4BB16B4603CB20606160AB8B0833CC
:10CAA000AB83104603B030BD6B4603CB012320603F
:10CAB00061602372F2E737B5838B0D4601220DF1D9
:10CAC00007010446FFF7A4FC38B99DF807302B7026
:10CAD00001236B70A38B0133A38303B030BD2DE919
:10CAE000F043002287B00023CDE90023CDE90223E3
:10CAF000CDE904230C46838B182269460546FFF7CF
:10CB000087FC80B9DDE90089DDE90267DDE90423FE
:10CB1000217EC4E90089C4E90267C4E9042329B17C
:10CB2000AB8B1833AB8307B0BDE8F08301232376CA
:10CB3000F6E737B500230C46ADF804300222838BAC
:10CB400001A90546FFF764FC50B9A1789DF80420BF
:10CB50009DF905302270637021B1AB8B0233AB833A
:10CB600003B030BD0123A370F7E7F0B5074689B0E5
:10CB70001C220C4601A800210DF032FDBB8B1C22AB
:10CB800001A93846FFF744FC844658B9237F63B1B6
:10CB900001AD0FCD0FC495E8070084E80700BB8BFB
:10CBA0001C33BB83604609B0F0BD01AD0FCD2646F6
:10CBB0000FC695E80700012386E807002377EEE714
:10CBC00037B5838B0C46022201A90546FFF720FCEE
:10CBD00038B9A278BDF80430238022B1AB8B023380
:10CBE000AB8303B030BD0123A370F7E737B5838B68
:10CBF0000D46082269460446FFF70AFC40B9DDE904
:10CC00000023C5E9002301232B72A38B0833A383E0
:10CC100003B030BDF0B506468BB00D460127062A9D
:10CC200033D8DFE812F007008900EB006601E70166
:10CC30004F029E02072B07FA03F700F06882802F4D
:10CC400018DC082F0ADC002F1FDD013F072F1CD83E
:10CC5000DFE807F02B321B941B1B1B35052B34D050
:10CC6000062B38D0042B10D106F504712846FFF7A7
:10CC700070FE1FE00B2B52D0B7F5006F09DC092BBB
:10CC800032D00A2B3AD0082B2BD0012420460BB0EF
:10CC9000F0BD0D2B7FD00E2B4BD00C2BF5D106F514
:10CCA0002E712846FFF7AAFE04E006F10801284687
:10CCB000FFF734FE0446E9E706F11801F7E706F549
:10CCC00000712846FFF744FCF4E706F58471284616
:10CCD000FFF764FEEEE706F530712846FFF779FCB2
:10CCE000E8E706F1F801F2E700F194012846FFF7C2
:10CCF00055FE0028C9D106F1A401E8E700F1E801DA
:10CD00002846FFF74BFE0028BFD106F1B4012846A4
:10CD1000FFF761FE0028B8D106F1BC01DFE000F1A9
:10CD2000C4012846FFF731FC0028AED106F1D80136
:10CD3000CDE706F15001BAE7052B07FA03F2F8D068
:10CD4000202A1EDC082A17DC002A9EDD013A072A69
:10CD50009BD801A353F822F0ABCC0008B9CC000853
:10CD60008BCC0008D3CD00088BCC00088BCC0008FE
:10CD70008BCC0008D9CD0008042B86D106F14001E8
:10CD800095E7082B34D0B2F5807F0ADC062B29D03A
:10CD9000072B7FF47AAF06F16C012846FFF744FEBB
:10CDA00088E7092B7FF471AFAB8B012201A92846DC
:10CDB000FFF72EFB044600287FF468AF96F87D202D
:10CDC0009DF8043086F87C30AAB1AB8B0133AB837D
:10CDD0005CE700F128016AE700F138012846FFF717
:10CDE00036FE67E700F160012846FFF744FE61E781
:10CDF00000F17401D1E786F87D70E6E7062B07FAAB
:10CE000003F270D0402A21DC082A19DC002A7FF7BF
:10CE10003CAF013A072A3FF638AF01A353F822F09E
:10CE20009FCE0008CFCE00088BCC0008D5CE0008DE
:10CE30008BCC00088BCC00088BCC0008F7CC00080A
:10CE4000042B4AD0052B3FF467AF1EE7092B3FF4B4
:10CE500048AFB2F5007F08DC072B3FF467AF082B23
:10CE60007FF413AF00F1E80131E70A2B3FF42DAF57
:10CE70000B2B7FF40AAFAB8B022201A92846FFF7E8
:10CE8000C7FA044600287FF401AF96F81A21BDF8CE
:10CE90000430A6F818319AB986F81A7110E0AB8BF5
:10CEA000022201A92846FFF7B3FA044600287FF4BE
:10CEB000EDAE96F88220BDF80430A6F8803012B1AD
:10CEC000AB8B023383E7012386F88230F8E700F169
:10CED0008401FCE600F19401F9E600F1B401284672
:10CEE000FFF779FDE6E600F1C4012846FFF74DFBA8
:10CEF000E0E6082B07FA03F761D0B7F5807F27DC5F
:10CF0000042B50D0102F19DC013F072F3FF6BDAE88
:10CF1000072F3FF6BAAE01A353F827F089CF0008D8
:10CF20008FCF00088BCC000895CF00088BCC000871
:10CF30008BCC00088BCC00089BCF0008062B35D08B
:10CF4000072B39D0052B7FF4A0AE00F5A471C4E601
:10CF50000C2B3DD0B7F5805F09DC0A2B32D00B2BB0
:10CF600033D0092B7FF491AE00F5D471AFE6112BCD
:10CF700034D0122B38D00D2B7FF487AE00F5E6713C
:10CF80002846FFF7F2FD95E600F590712CE700F5D5
:10CF900098718CE600F5A07120E700F5A271284693
:10CFA000FFF789FD86E600F5A371F8E700F5B47197
:10CFB0002846FFF794FD7DE600F5C47187E600F58D
:10CFC000CC7184E600F5DC7189E700F5E07186E755
:10CFD00000F5E4712846FFF7ACFD6BE600F5F6714D
:10CFE0002846FFF7EDFD65E600F5F8712846FFF7E6
:10CFF000FDFD5FE6062B07FA03F25AD0402A10DC4B
:10D00000032B21D0082A04DC012B3FF458AE022B5D
:10D0100029E6042B4AD0052B7FF437AE00F51771B3
:10D0200055E60C2B4BD0B2F5805F07DC072B43D0C5
:10D03000082B7FF42AAE00F5237148E60D2B7FF410
:10D0400024AE00F52B714AE72422002101A80DF03F
:10D05000C7FAAB8B242201A92846FFF7D9F9044669
:10D0600000287FF413AE96F8483206F5097C63B1C8
:10D0700001AE0FCEACE80F000FCEACE80F00336866
:10D08000CCF80030AB8B2433A1E60DF1040EBEE8E2
:10D090000F00ACE80F00BEE80F00ACE80F00DEF8B0
:10D0A0000030CCF8003086F84872EBE700F51371D9
:10D0B0000DE600F51B710AE600F51F7107E600F5A5
:10D0C000277104E6052B07FA03F73ED0202F21DC59
:10D0D000082F19DC002F7FF7D8AD013F072F3FF64F
:10D0E000D4AD01A353F827F09FCC0008D7CC00089B
:10D0F0008BCC00083FD100088BCC00088BCC0008FB
:10D100008BCC000845D10008042B7FF4BEAD06F59A
:10D110004471DCE5082B1ED0B7F5807F07DC062BB9
:10D1200016D0072B7FF4B1AD00F55071CFE5092B78
:10D1300014D00A2B7FF4A9AD00F55A71CFE600F5A3
:10D14000387135E700F54071C1E500F54871BEE57D
:10D1500000F54C71BBE500F55471B8E500F5587168
:10D16000BDE6082B07FA03F758D0B7F5807F27DC18
:10D17000042B4AD0102F19DC013F072F3FF685AD55
:10D18000072F3FF682AD01A353F827F0F3D1000833
:10D19000F9D100088BCC0008FFD100088BCC000827
:10D1A0008BCC00088BCC000805D20008062B2FD0B2
:10D1B000072B30D0052B7FF468AD00F566718CE548
:10D1C0000C2B34D0B7F5805F09DC0A2B29D00B2B50
:10D1D0002AD0092B7FF459AD00F57E7177E5112B2C
:10D1E00028D0122B29D00D2B7FF44FAD00F21C411B
:10D1F000C6E600F55C71F7E500F5607157E500F5EE
:10D200006471EBE500F56571C9E600F29631C6E69A
:10D2100000F56E71CCE600F5767158E500F57A718F
:10D2200055E500F581615AE600F5826157E600F5A3
:10D230008361CFE600F23C41D2E600F58861D5E695
:10D240002DE9F04FADF2E44D9C460E4604920546A2
:10D250001C46BCE80F000DF1240E77460FC7BCE852
:10D260000F000FC7DCF80090C7F8009000220027DD
:10D270000023F046CDE912238DF858708DF86870C0
:10D280008DF878708DF882708DF890708DF8A070A0
:10D290008DF8B0708DF8B8708DF8C0708DF8C570CD
:10D2A0008DF8CA708DF8D8708DF8E8708DF8F87028
:10D2B0008DF800718DF808718DF81C718DF82C7146
:10D2C0008DF83C718DF84C718DF85C7158978DF824
:10D2D00070718DF880718DF88A718DF88D718DF86F
:10D2E0008F718DF8A8718DF8C8718DF8DC718DF88B
:10D2F000EC718DF8FC718DF804728DF80C728DF85C
:10D3000012728DF830728DF836728DF840728DF889
:10D3100054728DF868728DF890728DF8A0728DF845
:10D32000B0728DF8C0728DF8D0728DF8E0728DF801
:10D33000F0728DF8F872C0978DF820738DF84073F5
:10D340008DF854738DF864738DF874738DF884734D
:10D350008DF894738DF8A4738DF8AC738DF8B47355
:10D360008DF8C0738DF8D0738DF8DA738DF8DD7396
:10D370008DF8DF738DF8F8738DF818748DF82C74B0
:10D380008DF83C748DF84C748DF854748DF85C7481
:10D390008DF862748DF880748DF886748DF89074B1
:10D3A0008DF89C74B8E80F000DF5976CACE80F0091
:10D3B000B8E80F00ACE80F003368CEF80030B3686F
:10D3C0000498CEF80830F36872688DF8A27413FAE6
:10D3D00080F34FF0010AB3FBF2F002FB10338DF83B
:10D3E000B474CCF800908DF8DCA4BDF81010CEF821
:10D3F0000420CEF80C30BFF35B8F3369BFF35B8F33
:10D400005B1A226ACEF8103063688EF8147003EB52
:10D410004203DBB2A28CCEF8184053449A4238BF84
:10D420003B46AEF81C306378A27803971B0243EAB0
:10D43000024322780297134305933A463B46B84687
:10D440004FEAC801C9B201F1070C06915FFA8CFCE2
:10D450001046C2B2624529D30722059902EBC802E1
:10D460000AFA02F20A4065D0069908F1010808316B
:10D470005FFA88F8CAB2E3E7494612A80692FFF7B6
:10D48000C9FB069A78B1BDF82210B9F81C300B44DC
:10D49000D9F81810898C8B4201DCA9F81C300BF1EB
:10D4A0000103DBB2CCE701230293F8E705990AFAFE
:10D4B00000FE1EEA010F3BD0039904EB410EBEF8BB
:10D4C00008905FFA83FBBBF10E0F0AD9039B01336F
:10D4D000DBB219F4004F039328D00137FFB20023C9
:10D4E000AEE749FA03FE1EF0010F03F10103E8D095
:10D4F0000DF124094FF000010DF12200ADF82210CA
:10D50000B9F81C10009004980BEB0713DBB2014430
:10D510003046CDE90623FEF7D9FFDDE906230028D2
:10D52000AAD04FF0000385F898340BE000273B4663
:10D5300001308EE7A38CBDF84010023B99420DD01C
:10D5400085F898249DF838201AB1099808B1F8F7A1
:10D55000F3FC28460DF2E44DBDE8F08F029B43B189
:10D560004FF4936212A928460DF04AFC85F898A45E
:10D57000E8E7029BD7E7000070B5AEB001240BAB23
:10D58000CDE92C342EAB13E906005E485D4EADF8B4
:10D590002C40FBF7AAFC40F20113ADF828300AAB8F
:10D5A0002246194606F10C00CDE92A34FBF79DFC12
:10D5B00040F20143ADF8243009AB2246194606F18A
:10D5C0001800CDE92834FBF790FC4FF48273ADF8D6
:10D5D000203008AB2246194606F12400CDE9263456
:10D5E000FBF783FC4FF40173ADF81C3007AB224608
:10D5F000194606F13000CDE92434FBF776FC40F6FD
:10D600000223ADF8183006AB2246194606F13C005D
:10D61000CDE92234FBF769FC40F20513ADF8143074
:10D6200005AB2246194606F14800CDE92034FBF748
:10D630005CFC40F20543ADF8103004AB22461946BD
:10D6400006F15400CDE91E34FBF74FFC40F60213FF
:10D65000ADF80C3003AB2246194606F16000CDE967
:10D660001C34FBF742FC284B0D9302250DAB2A46D8
:10D67000194606F16C001A931B95FBF736FC234BF9
:10D680000E9340F20253ADF83C300EAB18930323D7
:10D69000189919931A4606F17800FBF726FC1C4BE3
:10D6A0000C930CAB2A46194606F18400CDE91635D9
:10D6B000FBF71BFC0523ADF8083002AB22461946E8
:10D6C00006F19000CDE91434FBF70FFC40F2017332
:10D6D000ADF8043001AB2246194606F19C00CDE9B5
:10D6E0001234FBF702FC40F20153ADF80030224641
:10D6F0006B46694606F1A800CDE91034FBF7F5FB4F
:10D700002EB070BD8C310020020202030208020418
:10D7100002060207C36819444368B1FBF3F203FB36
:10D7200012110368585C7047F8B505464F1C002479
:10D730005618BE4203D8B4FA84F04009F8BD394601
:10D740002846FFF7E7FF64BA80EA04039CB2C3F3FC
:10D7500003135C4084EA0434A4B2630103F4FF536E
:10D760005C400137E5E72DE9F04F002389B0904692
:10D77000CDE904330C460546F8F722FCCDE9020159
:10D7800041462046FFF7C6FFFB280AD01822002199
:10D7900028460CF025FF01232B70284609B0BDE870
:10D7A000F08F1FFA88F7791C89B2BFF35B8F23696A
:10D7B000BFF35B8F4A1C9A4257D82046FFF7AAFF57
:10D7C00001900028E2D1BFF35B8FD4F810A0BFF323
:10D7D0005B8FAAEB080ABAF1080F46D9F91C89B287
:10D7E0002046FFF797FF00F00F03C0F3071B9B4590
:10D7F0000093CBD3391D89B22046FFF78BFF791DEB
:10D80000064689B22046FFF785FF06EB0026B6B232
:10D8100006F108021FFA82F9B9F5FA6FB6D8D145B8
:10D8200023D84A4641462046FFF77EFF0028ADD068
:10D83000B91C89B220462C46FFF76CFF019B04F807
:10D84000083B009B8DF81330029B0693039B0793C4
:10D850008DF811008DF812B0ADF81460ADF8169087
:10D8600004AB0FCB84E80F0097E71822002128466D
:10D870000CF0B6FE02238FE770B5AEB001240BABFF
:10D88000CDE92C342EAB13E906005E485D4EADF8B1
:10D890002C40FBF72AFB40F20113ADF828300AAB0D
:10D8A0002246194606F10C00CDE92A34FBF71DFB90
:10D8B00040F20143ADF8243009AB2246194606F187
:10D8C0001800CDE92834FBF710FB4FF48273ADF854
:10D8D000203008AB2246194606F12400CDE9263453
:10D8E000FBF703FB4FF40173ADF81C3007AB224686
:10D8F000194606F13000CDE92434FBF7F6FA40F67C
:10D900000223ADF8183006AB2246194606F13C005A
:10D91000CDE92234FBF7E9FA40F20513ADF81430F3
:10D9200005AB2246194606F14800CDE92034FBF745
:10D93000DCFA40F20543ADF8103004AB224619463C
:10D9400006F15400CDE91E34FBF7CFFA40F602137E
:10D95000ADF80C3003AB2246194606F16000CDE964
:10D960001C34FBF7C2FA284B0D9302250DAB2A4657
:10D97000194606F16C001A931B95FBF7B6FA234B78
:10D980000E9340F20253ADF83C300EAB18930323D4
:10D99000189919931A4606F17800FBF7A6FA1C4B62
:10D9A0000C930CAB2A46194606F18400CDE91635D6
:10D9B000FBF79BFA0523ADF8083002AB2246194667
:10D9C00006F19000CDE91434FBF78FFA40F20173B1
:10D9D000ADF8043001AB2246194606F19C00CDE9B2
:10D9E0001234FBF782FA40F20153ADF800302246C0
:10D9F0006B46694606F1A800CDE91034FBF775FACD
:10DA00002EB070BD40320020020202030208020460
:10DA100002060207F8B504460E461746BFF35B8FB1
:10DA20000269BFF35B8F934221D2C56842681D44EF
:10DA3000B5FBF2F102FB1155521BBFF35B8F056979
:10DA4000BFF35B8FED1A954228BF1546E268134479
:10DA50006268B3FBF2F102FB11332168AF42194453
:10DA600007D83A463046BDE8F8400DF0C9B9002560
:10DA7000ECE72A4630460DF0C3F921687A1B70198D
:10DA8000F1E770B50C4688B01C220021064601A8BB
:10DA90000CF0A6FDA369207F996F421C8A4204D333
:10DAA00000233046337708B070BD03EB420203EB2E
:10DAB0004003918C9A8CBFF35B8F2369BFF35B8F1C
:10DAC0009942EDD80139531C20468A1A01A9FFF763
:10DAD000A1FF142101A80CF0A9FE01AC07900FCC06
:10DAE00035460FC594E80700012385E80700D8E70D
:10DAF000013814289ABF024B185C0020704700BF01
:10DB000070F7010830B585B004AC0A4D04E90F0088
:10DB10001724013C01D1204607E00322291D0DF105
:10DB200002000CF097FC10B9286805B030BD0C3528
:10DB3000EFE700BF88F7010830B50B1A9B10002BE8
:10DB400008DC0B1A022B20D0032B19D0012B21D07B
:10DB5000084607E014780578A54203D04578A54229
:10DB600001D1013030BD8578A54201D10230F9E7FD
:10DB7000C578A54201D10330F4E70430013BDEE76C
:10DB8000047813789C42EDD00130047813789C42DD
:10DB9000E8D00130047813789C4218BF0846E1E7CA
:10DBA0002DE9F74306468DF80720BFF35B8F0A691E
:10DBB000BFF35B8F934205D300233046337103B02C
:10DBC000BDE8F083CC68BFF35B8F0A69BFF35B8F5E
:10DBD000CD684F68D1F8008014442B44B4FBF7F2B1
:10DBE00007FB1244B3FBF7F207FB12339C4208EB2E
:10DBF00003001CD808EB07090DF107024946FFF79F
:10DC00009BFF814508D144440DF10702214640465F
:10DC1000FFF792FF8442CFD0A0EB08037D1B1D4489
:10DC2000B5FBF7F307FB135535600123C5E7444403
:10DC30000DF107022146EBE72DE970438EB0054652
:10DC40000C46014606A8FFF71CFF9DF834303BB395
:10DC50000C9E06AB1E449DF818302B2B4FF003038F
:10DC600014BF06A90DF119010093324602AB04A8B6
:10DC700008F054FE049B9E4210D1059B73B9DDE968
:10DC800002890123C4E9008923722B7F01332B779A
:10DC9000207A80F001000EB0BDE870830023F1E728
:10DCA0000120F8E70000000030B585B005461022DD
:10DCB0000C46684600210CF093FC28466946FFF7A5
:10DCC000BBFF0546B0B99DF808307BB10CA3D3E982
:10DCD0000023DDE900010DF0DFFE0EF075FB237A75
:10DCE00033B90123C4E90001237203E009F090FF76
:10DCF000C4E90001284605B030BD00BFAFF3008085
:10DD00000000000065CDCD412DE9F04300228BB02D
:10DD10000023CDE90423CDE90623CDE908230DF145
:10DD2000100980460E4600254C4610220021684608
:10DD30000CF056FC69464046FFF77EFF074698B94F
:10DD40009DF80830A3B1DDE900230135ADB2032D04
:10DD5000E9E80223E9D1337E35465BB10FCC0FC52C
:10DD600094E8030085E8030038460BB0BDE8F08373
:10DD700009F04EFF0FCC0FC594E80300012385E89E
:10DD800003003376F0E72DE9F04389B005460C46F1
:10DD90002022002168460CF023FC69462846FFF744
:10DDA000B3FFD8B99DF8183083B1217EDDE9008931
:10DDB000DDE90267DDE9042351B9C4E90423012345
:10DDC000C4E90089C4E90267237607E009F020FF6F
:10DDD000C4E90089C4E90267C4E9042309B0BDE8C5
:10DDE000F083F0B58FB005460C46014606A8FFF754
:10DDF00048FE9DF8343023B30C9E06AB1E449DF8BC
:10DE000018302B2B4FF0030314BF06A90DF1190195
:10DE10000093324603AB04A807F040F8049B9E42EF
:10DE20000DD1059B5BB9039F0123237127602B7FD5
:10DE300001332B77207980F001000FB0F0BD002373
:10DE4000F3E70120F9E72DE9F04387B0002303AFA2
:10DE5000002680460C460393049305933D46B14645
:10DE600001A94046CDE90199FFF7BBFF034678B908
:10DE70009DF8082082B10136B6B2019A47F8042B0A
:10DE8000032EEDD1227B4AB195E8070084E8070014
:10DE9000184607B0BDE8F08309F0BAFE95E8070020
:10DEA00084E8070001222273F2E7F0B58BB002AEDE
:10DEB00005460C46102200213046CDE900110CF039
:10DEC0008FFB69462846FFF78CFF18B101252846CD
:10DED0000BB0F0BD28463146FFF7B5FF05460028D8
:10DEE000F4D19DF8043013B19DF814300BB909F04A
:10DEF0008FFE96E807000AAB03E90700227C009F2B
:10DF0000069706AB1AB10FCB84E80F00DFE70FCB03
:10DF100084E80F0001232374D9E730B585B00546A6
:10DF20000C461022002168460CF05AFB6946284630
:10DF3000FFF789FF90B99DF80C3053B1257B00990C
:10DF4000019A029B3DB9A3600123216062602373A3
:10DF500004E009F05DFE21606260A36005B030BDA1
:10DF600070B58AB002AE05460C461022002130463C
:10DF70000CF036FB002331462846CDE90033FFF78D
:10DF800062FF18B1012528460AB070BD28466946CF
:10DF9000FFF727FF05460028F4D19DF8143013B190
:10DFA0009DF804300BB909F033FE96E8070006AB84
:10DFB00083E80700217C009A099219B10FCB84E80D
:10DFC0000F00E0E70FCB84E80F0001232374DAE7AA
:10DFD00013B502AB03E90600092A0B464FF0000116
:10DFE000416101D909F014FE03EB42029A4201D1CA
:10DFF00002B010BD4169082903F10203F2D84C1C9C
:10E00000446133F8024C20F81140EFE7F0B50139D4
:10E01000B5B00446152900F28A81DFE811F0EB0063
:10E0200016002F00380053005C0065006E007B0076
:10E0300089009600A300B300CF0001011A01290155
:10E04000380141015D01790182014FF48273ADF81D
:10E05000A430012729AB019302973A4619462EA80E
:10E060002EADFFF7B5FF0FCD26460FC695E803008E
:10E0700086E803002776204635B0F0BD4FF40173E3
:10E08000ADF8A430012729AB03930497E5E7A94B2A
:10E09000299303F1007303F2FE632A9329AB0593DE
:10E0A0000599042306931A462EA8FFF791FF2EAD7B
:10E0B0000FCD26460FC695E8030086E8030001232E
:10E0C0002376D8E740F60203ADF8A430012729AB48
:10E0D00007930897C1E740F60213ADF8A430012773
:10E0E00029AB09930A97B8E740F60223ADF8A430AC
:10E0F000012729AB0B930C97AFE78F4B299340F681
:10E100000223ADF8A83029AB0D9303230D990E938C
:10E110001A46C9E7894B299303F1007303F2FE7392
:10E120002A9329AB0F9304230F9910931A46BBE748
:10E13000834B299340F60223ADF8A83029AB119305
:10E140000323119912931A46AEE77E4B299340F6AA
:10E150000223ADF8A83029AB13930323139914932A
:10E160001A46A1E7784B299303F102232A9340F240
:10E170000253ADF8AC3029AB1593052315991693CE
:10E180001A4691E7714B299303F1807303F54073AD
:10E190002A9303F1806303F580732B9303F140739B
:10E1A00003F580632C9340F60333ADF8B43029AB0C
:10E1B00017930923179918931A4675E7634B299308
:10E1C00003F1807303F540732A9303F1A06303F511
:10E1D00000732B9303F1007303F540732C9340F607
:10E1E0000333ADF8B43029AB1993092319991A9365
:10E1F0001A4659E7564B574DCDE92953564B2B93A9
:10E2000003F1A06303F6FF332C9340F60523ADF82A
:10E21000B43029AB1B9309231B991C931A4643E77F
:10E220004B4B4C48CDE9290303F1806303F581335F
:10E230002B9303F1806303F6FF232C9340F6052311
:10E24000ADF8B43029AB1D9309231D991E931A46CE
:10E250002AE74249424BCDE9291340F60223ADF8A3
:10E26000AC3029AB1F9305231F9920931A461BE757
:10E270003C4A3D4BCDE9292340F60223ADF8AC30B2
:10E2800029AB21930523219922931A460CE7374B9A
:10E29000299329AB23930223239924931A4603E756
:10E2A000334B299303F1807303F540732A9303F1F1
:10E2B000806303F580732B9303F1407303F5806350
:10E2C0002C9340F60633ADF8B43029AB25930923DF
:10E2D000259926931A46E7E6254B299303F1807387
:10E2E00003F540732A9303F1A06303F500732B93A6
:10E2F00003F1007303F540732C9340F60633ADF839
:10E30000B43029AB27930923279928931A46CBE6E3
:10E3100040F60443ADF89C30012727AB29932A9798
:10E320009BE6182200212EA80CF05AF9BFE6002324
:10E33000C6E600BF0402020802080209040102083E
:10E34000040104060401040702010202030103029E
:10E350000500040101020103050105040401050192
:10E360000504020904010502050502090206020767
:10E370000601060200B589B0014601A8FFF746FE76
:10E380009DF81C0009B05DF804FB10B58EB0014685
:10E3900004466846FFF73AFE9DF8180050B1214642
:10E3A00007A8FFF733FE9DF834302BB10C980038E6
:10E3B00018BF01200EB010BD09F02AFCF7B58D6919
:10E3C0008B5C8E182B2B0D4408BF01360A230446A4
:10E3D000002701AA2946684600960197FCF774FFBA
:10E3E000009B9E4203D010B19D42019A03D0277139
:10E3F000204603B0F0BD012322602371F8E770B519
:10E400008AB005460C46014602A8FFF73AFB9DF884
:10E41000243083B102A968460022FFF7CFFFDDE96F
:10E42000000184E803002B7F01332B77207980F0F3
:10E4300001000AB070BD0120FBE72DE9F0438BB06D
:10E4400007460E46014602A8FFF71BFB9DF8243045
:10E450004FF0000883B3089B02AA02EB03099DF862
:10E4600008302B2B14BF15460DF1090501AA002415
:10E470000A234946684600950194FCF725FF009A57
:10E48000954217D0A0B1019BB3F5803F12D29145C0
:10E4900010D11FFA83F80123B370A6F800803B7FE8
:10E4A00001333B77B07880F001000BB0BDE8F0831A
:10E4B0000346F1E72346EFE70120F6E72DE9F043B5
:10E4C0008BB007460E46014602A8FFF7DAFA9DF820
:10E4D00024304FF000087BB3089B02AA02EB03092B
:10E4E0009DF808302B2B14BF15460DF1090501AA24
:10E4F00000240A234946684600950194FCF7E4FE8F
:10E50000009A954216D098B1019BFF2B12D89145E5
:10E5100010D15FFA83F80123737086F800803B7F87
:10E5200001333B77707880F001000BB0BDE8F083D9
:10E530000346F1E72346EFE70120F6E72DE9F04F28
:10E540000E46A9B0174600218022054608A80CF007
:10E5500047F8F7F735FDF36872683B44CDE90E01E3
:10E56000B3FBF2F102FB11333268D35C242B06D0EB
:10E570008822002128460CF033F8012319E03B469D
:10E580000A22314606A8FFF70BFB9DF81CC0BCF120
:10E59000000F10D1BFF35B8F3369BFF35B8FDB1BC1
:10E5A000B3F5A07FE4D88822614628460CF018F81D
:10E5B00002232B70D5E0069BF068D6F804E0D6F86D
:10E5C00000A05A1E02440133DB1BB2FBFEF10EFB1E
:10E5D00011229BB21AF802200292B3F5A07FADF887
:10E5E0003030C5D8002138180B4601220C46884629
:10E5F0000390BDF830000190904203D8002940D02C
:10E600000B933EE0039800EB0209B9FBFEFB0EFB07
:10E610001B991AF80990B9F12C0F23D126982728B5
:10E6200009D800F1010CCDF898C00DF1A00C0CEB4D
:10E63000400020F85C2C4FF0000C64BA88EA09080E
:10E6400089EA04091FFA89F4C9F3031984EA090461
:10E6500084EA0434A4B2600100F4FF500132444063
:10E6600092B2C6E7B9F12A0F38D101B10B93269BBC
:10E67000272B06D8591C269128A901EB430323F820
:10E680005C2C269B28AA02EB430333F85E2C019BEB
:10E690009A1A029B0D3B18BF012392B2C3F10501E8
:10E6A0008A4237D100220492019A1344043B3B442E
:10E6B000022204A93046FFF7ADF90DF1120104A8BA
:10E6C000FCF79FFE10F47F4FADF81400C0F3072154
:10E6D0004BD09DF814304446A34238E0A9F1200005
:10E6E0005E2813D8B9F1240F3FF442AFBCF1000FFC
:10E6F000A1D00A2A3FF63CAF092B9ED803F1A00116
:10E700006944013301F8809C614696E7B9F10D0F29
:10E71000ECD02DE7C3F107039A4217D100230493ED
:10E72000019B013B5B1A3B44042204A93046FFF7DE
:10E7300071F905A904A8FCF736FE10F47F0F0590C7
:10E74000C0F3074111D0BDF81430C5E7032A7FF4A8
:10E750000FAF2846002300F8083B802208A90CF0E0
:10E760004FFB284629B0BDE8F08F882202E707B5A5
:10E770000B46816901441844FCF715FE03B05DF8AF
:10E7800004FB30B58BB005460C46014602A8FFF7E6
:10E7900078F99DF82430EBB1002102A8FFF7E7FFDC
:10E7A00010F47F0FA3780190C0F307420ED0BDF89C
:10E7B000042022803BB12B7F01332B77A07880F09F
:10E7C00001000BB030BD0123A370F4E7002BF2D0A1
:10E7D000A270F0E70120F4E730B58BB005460C4697
:10E7E000014602A8FFF74DF99DF82430EBB1002156
:10E7F00002A8FFF7BCFF10F47F0FA3780190C0F3CD
:10E8000007420ED0BDF8042022803BB12B7F01339C
:10E810002B77A07880F001000BB030BD0123A370EE
:10E82000F4E7002BF2D0A270F0E70120F4E700003B
:10E830002DE9F04305468DB00E460124062A33D853
:10E84000DFE812F007008A00F3009501EF015D0296
:10E85000AD02072B04FA03F400F07782802C18DC59
:10E86000082C0ADC002C1FDD013C072C1CD8DFE83B
:10E8700004F029301B331B1B1B36052B35D0062B10
:10E8800039D0042B10D105F504713046FFF768FB31
:10E890001DE00B2B53D0B4F5006F07DC092B33D0F0
:10E8A0000A2B3BD0082B2CD00124A6E00D2B7AD0CC
:10E8B0000E2B4ED00C2BF7D105F52E713046FFF7FD
:10E8C00060FF04E005F108013046FFF7EDF904466A
:10E8D00093E005F11801F7E705F14001F4E705F5CC
:10E8E00000713046FFF719FBF1E705F584713046FA
:10E8F000FFF7A9FAEBE705F530713046FFF743FA69
:10E90000E5E705F1F801F2E700F194013046FFF781
:10E910009AFA0028C8D105F1A401E8E700F1E8015E
:10E920003046FFF790FA0028BED105F1B401304619
:10E93000FFF757FA0028B7D105F1BC0105E100F156
:10E94000C4013046FFF7B1FA0028ADD105F1D80176
:10E95000CDE705F15001B7E7042B04FA03F2BBD071
:10E96000102A17DC013A072A9ED8072A9CD801A34F
:10E9700053F822F0C5E80008D3E80008A9E8000829
:10E9800003EA0008A9E80008A9E80008A9E80008C7
:10E9900009EA0008082B3DD0B2F5807F09DC052B81
:10E9A000D7D0072B80D105F16C013046FFF727FD4A
:10E9B0008DE7092B7FF478AF314603A8FFF761F8A4
:10E9C0009DF82830002B3FF46FAF099903AB194431
:10E9D0001846FCF716FD10F47F4F95F87D30C2B253
:10E9E000C0F307211CD085F87C20B3B1337F0133FD
:10E9F000337795F87D4084F0010420460DB0BDE8E2
:10EA0000F08300F128015FE700F138013046FFF79D
:10EA100014FD5CE700F17401C7E785F87D40E5E788
:10EA2000002BE3D085F87D10E0E7062B04FA03F213
:10EA300000F08F80402A21DC082A19DC002A7FF7A9
:10EA400033AF013A072A3FF62FAF01A353F822F064
:10EA5000E9EA00083BEB0008A9E8000841EB0008E0
:10EA6000A9E80008A9E80008A9E8000817E90008D3
:10EA7000042B68D0052B3FF45FAF15E7092B3FF45B
:10EA800040AFB2F5007F08DC072B3FF45FAF082BE7
:10EA90007FF40AAF00F1E80129E70A2B3FF425AF24
:10EAA0000B2B7FF401AF314603A8FEF7EAFF9DF878
:10EAB0002830002B3FF4F8AE002103A8FFF757FEE3
:10EAC00010F47F0F95F81A310190C0F3074249D036
:10EAD000BDF80420A5F81821002B40D0337F013366
:10EAE000337795F81A4186E7314603A8FEF7C9FF48
:10EAF0009DF82830002B3FF4D7AE002103A8FFF784
:10EB000036FE10F47F0F95F882300190C0F3074273
:10EB10000ED0BDF80420A5F880202BB1337F01333F
:10EB2000337795F8824066E7012385F88230F5E770
:10EB3000002BF3D085F88220F0E700F18401D6E6BF
:10EB400000F19401D3E600F1B4013046FFF749F932
:10EB5000BDE600F1C4013046FFF7A7F9B7E685F836
:10EB60001A41BBE7002BB9D085F81A21B6E7072B6D
:10EB700004FA03F443D0802C18DC042B39D0102C79
:10EB800009DC022B2CD0032B2DD0012B7FF48CAE73
:10EB900000F5987198E6052B2ED0062B7FF484AEF5
:10EBA00000F5B4713046FFF7AFF890E60B2B2FD08D
:10EBB000B4F5006F09DC092B24D00A2B25D0082BD3
:10EBC0007FF472AE00F5CC7191E6112B23D0122B9D
:10EBD0007FF46AAE00F5F8713046FFF72DF876E65F
:10EBE00000F5A07112E700F5A2713046FFF766FC50
:10EBF0006DE600F5A371F8E700F5A4717DE600F578
:10EC0000C47174E600F5D47171E600F5DC719CE71F
:10EC100000F5E07199E700F5F6713046FFF7DCFD8D
:10EC200055E6062B04FA03F460D0402C10DC032BCD
:10EC300021D0082C04DC012B3FF451AE022B21E63D
:10EC4000042B50D0052B7FF42FAE00F517714EE644
:10EC50000C2B51D0B4F5805F07DC072B49D0082B73
:10EC60007FF422AE00F5237141E60D2B7FF41CAE3C
:10EC700000F52B7169E72422002103A80BF0B0FCFA
:10EC80000DF10C0809274FF0000901A93046CDE924
:10EC90000199FFF7A6F8044600287FF4AEAE9DF870
:10ECA00008309BB1013F019B48F8043BBFB2002FE5
:10ECB000EBD195F8483205F509764BB103AD0FCD90
:10ECC0000FC60FCD0FC62B68336096E608F0A0FF85
:10ECD00003AF0FCF0FC60FCF0FC63B6833600123C2
:10ECE00085F8483289E600F5137100E600F51B71DE
:10ECF000FDE500F51F71FAE500F52771F7E5052B35
:10ED000004FA03F43FD0202C22DC082C1ADC002C5F
:10ED10007FF7CAAD013C072C3FF6C6AD01A353F8FF
:10ED200024F000BFB9E80008F7E80008A9E80008E7
:10ED30007BED0008A9E80008A9E80008A9E8000898
:10ED400081ED0008042B7FF4AFAD05F54471CEE5ED
:10ED5000082B1ED0B4F5807F07DC062B16D0072BBE
:10ED60007FF4A2AD00F55071C1E5092B14D00A2B38
:10ED70007FF49AAD00F55A71E7E600F5387111E7B6
:10ED800000F54071B3E500F54871B0E500F54C7150
:10ED9000ADE500F55471AAE500F55871D5E6072BED
:10EDA00004FA03F43AD0802C15DC042B30D0102C5C
:10EDB00009DC022B26D0032B27D0012B7FF474AD66
:10EDC00000F5607180E5052B25D0062B7FF46CAD36
:10EDD00000F56E71E6E60B2B29D0B4F5006F09DC67
:10EDE000092B1ED00A2B1FD0082B7FF45DAD00F538
:10EDF0007A717CE5112B1DD0122B7FF455AD00F5F7
:10EE00008861E9E600F5647100E600F56571ECE6FD
:10EE100000F29631E9E600F566716EE500F576716F
:10EE200065E500F57E7162E500F581618DE600F52E
:10EE300082618AE600F23C41EFE600BF2DE9F04F27
:10EE4000ADF2FC4D8046DDF820059A46FEF750FEF7
:10EE5000DAF878300130C0B298428B46914602D839
:10EE60001B1A022B07D9002388F8983440460DF26C
:10EE7000FC4DBDE8F08F9AE80F0018AD10AF0024EC
:10EE800087E80F0000220023C5E900232C7485F8D1
:10EE9000204085F8304085F83A4085F8484085F8AC
:10EEA000584085F8684085F8704085F8784085F8C6
:10EEB0007D4085F8824085F8904085F8A04085F82F
:10EEC000B04085F8B84085F8C04085F8D44085F852
:10EED000E44085F8F44085F8044185F81441C5F80C
:10EEE000184185F8284185F8384185F8424185F870
:10EEF000454185F8474185F8604185F8804185F8AE
:10EF0000944185F8A44185F8B44185F8BC4185F861
:10EF1000C44185F8CA4185F8E84185F8EE4185F895
:10EF2000F84185F80C4285F8204285F8484285F87A
:10EF3000584285F8684285F8784285F8884285F815
:10EF4000984285F8A84285F8B042C5F8B84285F8DD
:10EF5000D84285F8F84285F80C4385F81C4385F8BB
:10EF60002C4385F83C4385F84C4385F85C4397E88F
:10EF70000F000DF2BC4686E80F0008AE012385F8AD
:10EF80006C34DBF8003085F8644385F86C4385F811
:10EF9000784385F8884385F8924385F8954385F84A
:10EFA000974385F8B04385F8D04385F8E44385F866
:10EFB000F44385F8044485F80C4485F8144485F836
:10EFC0001A4485F8384485F83E4485F8484485F865
:10EFD000544485F85A4485F894443360DBF804308F
:10EFE000DBF80810B160DBF80C1073601FFA89F2CF
:10EFF00011FA89F9B9FBF3F103FB1193F360BFF345
:10F000005B8FDBF81030BFF35B8F0DF104099B1AA7
:10F01000DDF82015336148463475C6F818A03477FA
:10F02000FEF7F4FF99F818B0BBF1000F02D188F891
:10F0300098B41BE7D9F8143009EB430ACA4523D129
:10F040004FF0020931463846FEF71BFD3B7F002B8F
:10F0500048D03B78532B2FD101213846FFF787FB4F
:10F0600010F47F0FC5F85804C0F3074330D188F877
:10F070009834337D002B3FF4F9AE306800283FF41C
:10F08000F5AEF6F759FFF1E699F8013099F800204E
:10F0900031462846FFF7CCFB48B1B269337F926F07
:10F0A0000133934200D8337709F10209C6E75C4681
:10F0B000FAE74FF00109C5E7542B1CD1012239466C
:10F0C0000DF59660FFF77AF995F85434002BCED001
:10F0D000B269337F926F0133934200D83377B9F12D
:10F0E000010FE6D14CB14FF49362294640460BF034
:10F0F00087FE0123BBE70023B9E788F89844B8E707
:10F1000070B5AEB001240BABCDE92C342EAB13E9B6
:10F1100006005E485D4EADF82C40F9F7E6FE40F281
:10F120000113ADF828300AAB2246194606F10C004F
:10F13000CDE92A34F9F7D9FE40F20143ADF8243085
:10F1400009AB2246194606F11800CDE92834F9F733
:10F15000CCFE4FF48273ADF8203008AB224619463E
:10F1600006F12400CDE92634F9F7BFFE4FF4017310
:10F17000ADF81C3007AB2246194606F13000CDE948
:10F180002434F9F7B2FE40F60223ADF8183006AB8E
:10F190002246194606F13C00CDE92234F9F7A5FED6
:10F1A00040F20513ADF8143005AB2246194606F1BE
:10F1B0004800CDE92034F9F798FE40F20543ADF858
:10F1C000103004AB2246194606F15400CDE91E3436
:10F1D000F9F78BFE40F60213ADF80C3003AB224674
:10F1E000194606F16000CDE91C34F9F77EFE284B84
:10F1F0000D9302250DAB2A46194606F16C001A93B1
:10F200001B95F9F772FE234B0E9340F20253ADF8B3
:10F210003C300EAB18930323189919931A4606F144
:10F220007800F9F762FE1C4B0C930CAB2A4619468A
:10F2300006F18400CDE91635F9F757FE0523ADF840
:10F24000083002AB2246194606F19000CDE914348D
:10F25000F9F74BFE40F20173ADF8043001AB2246E2
:10F26000194606F19C00CDE91234F9F73EFE40F252
:10F270000153ADF8003022466B46694606F1A800FE
:10F28000CDE91034F9F731FE2EB070BDF432002014
:10F2900002020203020802040206020770B5A2B0CD
:10F2A00004460D46684611461A46FFF747F99DF891
:10F2B00000602EB97C2202A905F160000BF0A0FDD0
:10F2C000BDF8183026702046636022B070BD2DE96D
:10F2D000F3419846089B0E4619680B6801A81B6805
:10F2E00014469847019D002D64D0B5F88C20B8F8DD
:10F2F00010309A4253D328462423414600F8083B55
:10F300007C220BF07DFDD5F88870B8F81080BFF333
:10F310005B8F3369BFF35B8F9C4235D2F3687268B1
:10F320002344B3FBF2F102FB1133D21ABFF35B8F1C
:10F330003569BFF35B8F2D1B954228BF1546F368D7
:10F3400031681C447368B4FBF3F2A84503FB124414
:10F3500021441BD8424638460BF052FD0020019B49
:10F360007BB1BFF35B8FD3F89020BFF35B8F022A92
:10F37000019B22D1BFF35B8F0022C3F89020BFF323
:10F380005B8F02B0BDE8F0810025D8E72A463846F9
:10F390000BF036FD3168A8EB05027819DCE7002395
:10F3A0002B702B726B8100220023C5E904234FF4DC
:10F3B0004970D4E740F22330D1E7BFF35B8FD3F835
:10F3C0009030BFF35B8F012BDBD1019B0322BFF396
:10F3D0005B8FD2E72DE9F04F1D4685B0D0F8743130
:10F3E0000391924600F1E4041822064602FB03480A
:10F3F00000274FF02A09444503D1384605B0BDE83F
:10F40000F08F6369032B06DC012B0BDC0ED9384629
:10F4100018340746EFE71A1F012AF8D895F820207C
:10F4200022B9F4E795F82020002AF0D1208AAA8991
:10F43000904222D804F1030C002291B2884207D9ED
:10F4400015F802E01CF801BFF34502F10102F4D007
:10F45000411A18BF4FF0FF3189B229FA03F3DB07D5
:10F460000ED50029D3D0039900942B46524630463E
:10F47000FFF72DFF0028CAD0CAE74FF6FF71ECE76F
:10F480000029C4D1EFE770B5ADF5966D064604AC22
:10F49000DDF8C00400902046FFF7D0FC9DF8A834AA
:10F4A000B3B103AD2846F168FBF784F8286860B172
:10F4B00021464FF493620BF0A3FC00242846FBF78F
:10F4C00024F820460DF5966D70BD4FF41674F5E7DF
:10F4D00040F22234F5E72DE9F04700F160050446DB
:10F4E000DCB00E46904695E80F00FEF70BFB074692
:10F4F000FEF740FF80F0010084F880002B46424672
:10F5000031462046FFF766FF94F88030814693B974
:10F5100094F878315BB13846FEF737FF38B1009781
:10F520002B46424631462046FFF7ADFF00B948461C
:10F530005CB0BDE8F087D4F8E0A0BAF1000FF6D0D7
:10F5400003AF4FF4B272002138460BF049F8B4F81B
:10F550007040002293B2A34205D32A463946504652
:10F56000FCF774FCE3E7D7F86001B0F5AF7F0DD28C
:10F57000F368716843441344B3FBF1FC01FB1C3393
:10F580003168CB5C3B54411CC7F860110132E1E7A4
:10F5900070B5AEB001240BABCDE92C342EAB13E922
:10F5A00006005E485D4EADF82C40F9F79EFC40F237
:10F5B0000113ADF828300AAB2246194606F10C00BB
:10F5C000CDE92A34F9F791FC40F20143ADF824303B
:10F5D00009AB2246194606F11800CDE92834F9F79F
:10F5E00084FC4FF48273ADF8203008AB22461946F4
:10F5F00006F12400CDE92634F9F777FC4FF40173C6
:10F60000ADF81C3007AB2246194606F13000CDE9B3
:10F610002434F9F76AFC40F60223ADF8183006AB43
:10F620002246194606F13C00CDE92234F9F75DFC8B
:10F6300040F20513ADF8143005AB2246194606F129
:10F640004800CDE92034F9F750FC40F20543ADF80D
:10F65000103004AB2246194606F15400CDE91E34A1
:10F66000F9F743FC40F60213ADF80C3003AB224629
:10F67000194606F16000CDE91C34F9F736FC284B39
:10F680000D9302250DAB2A46194606F16C001A931C
:10F690001B95F9F72AFC234B0E9340F20253ADF869
:10F6A0003C300EAB18930323189919931A4606F1B0
:10F6B0007800F9F71AFC1C4B0C930CAB2A46194640
:10F6C00006F18400CDE91635F9F70FFC0523ADF8F6
:10F6D000083002AB2246194606F19000CDE91434F9
:10F6E000F9F703FC40F20173ADF8043001AB224698
:10F6F000194606F19C00CDE91234F9F7F6FB40F209
:10F700000153ADF8003022466B46694606F1A80069
:10F71000CDE91034F9F7E9FB2EB070BDA833002015
:10F72000020202030208020402060207F0B58FB0CB
:10F7300006460C46684611461A46FCF774FF9DF8CB
:10F74000007057B902AD0FCD04F516740FC40FCD7C
:10F750000FC495E80F0084E80F00BDF82C30377017
:10F76000304673600FB0F0BD10B50022044651F86A
:10F77000223054F82200184003D10132132AF6D166
:10F7800010BD0120FCE72DE9F3419846089B0F4688
:10F7900019680B6801A81B6816469847DDF804C075
:10F7A000BCF1000F6CD0BCF88C20B8F824309A4221
:10F7B00058D36446FA2304F8083B45460FCD0FC4DE
:10F7C0000FCD0FC495E80F0084E80F00DCF88850D7
:10F7D000B8F82480BFF35B8F3B69BFF35B8F9E4219
:10F7E00035D2FB687A683344B3FBF2F102FB113384
:10F7F000D21ABFF35B8F3C69BFF35B8FA41B9442AB
:10F8000028BF1446FB6839681E447B68B6FBF3F2D8
:10F81000A04503FB126631441BD8424628460BF034
:10F82000EFFA0020019B7BB1BFF35B8FD3F89020F0
:10F83000BFF35B8F022A019B25D1BFF35B8F0022B0
:10F84000C3F89020BFF35B8F02B0BDE8F0810024C5
:10F85000D8E7224628460BF0D3FA3968A8EB040211
:10F860002819DCE700238CF800308CF80830ACF85D
:10F870000A3000220023CCE904234FF44970D1E779
:10F8800040F22330CEE7BFF35B8FD3F89030BFF365
:10F890005B8F012BD8D1019B0322BFF35B8FCFE796
:10F8A00008B54C220AF0D6FDB0FA80F0400908BD38
:10F8B0002DE9F047AAB00546894616A819461F4605
:10F8C0009246FCF76FF89DF8A430002B39D0D5F89C
:10F8D000043205F10C04542202FB0348002644457F
:10F8E00003D130462AB0BDE8F0874C22211D03A881
:10F8F0000BF086FA236D012B06D0022B19D09BB199
:10F90000304654340646EAE716A903A8FFF72CFF51
:10F910000028F5D000943B46524649462846FFF75A
:10F9200032FF0028ECD0ECE716A903A8FFF7B8FFD8
:10F93000EEE716A903A8FFF7B3FF80F00100C0B2FD
:10F94000E6E740F22236CCE770B5ADF5966D044699
:10F9500004AE00F5037000903046FDF771FC9DF891
:10F96000A834BBB103AD2846D4F80812FAF722FE3A
:10F97000286860B14FF4936231460BF041FA0024DD
:10F980002846FAF7C2FD20460DF5966D70BD4FF47E
:10F990001674F5E740F22234F5E72DE9F04100F561
:10F9A000167894B0434604460E461746FFF780FF8C
:10F9B000414605466846FBF7F5FF94F888327BB16F
:10F9C0009DF84C3063B104F503716846FFF7CCFE37
:10F9D00030B143463A4631462046FFF7B5FF00B9FD
:10F9E000284614B0BDE8F08170B5AEB001240BAB71
:10F9F000CDE92C342EAB13E906005E485D4EADF820
:10FA00002C40F9F772FA40F20113ADF828300AAB36
:10FA10002246194606F10C00CDE92A34F9F765FAB9
:10FA200040F20143ADF8243009AB2246194606F1F5
:10FA30001800CDE92834F9F758FA4FF48273ADF87D
:10FA4000203008AB2246194606F12400CDE92634C1
:10FA5000F9F74BFA4FF40173ADF81C3007AB2246AF
:10FA6000194606F13000CDE92434F9F73EFA40F6A4
:10FA70000223ADF8183006AB2246194606F13C00C9
:10FA8000CDE92234F9F731FA40F20513ADF814301C
:10FA900005AB2246194606F14800CDE92034F9F7B6
:10FAA00024FA40F20543ADF8103004AB2246194663
:10FAB00006F15400CDE91E34F9F717FA40F60213A7
:10FAC000ADF80C3003AB2246194606F16000CDE9D3
:10FAD0001C34F9F70AFA284B0D9302250DAB2A4680
:10FAE000194606F16C001A931B95F9F7FEF9234BA2
:10FAF0000E9340F20253ADF83C300EAB1893032343
:10FB0000189919931A4606F17800F9F7EEF91C4B8B
:10FB10000C930CAB2A46194606F18400CDE9163544
:10FB2000F9F7E3F90523ADF8083002AB2246194690
:10FB300006F19000CDE91434F9F7D7F940F20173DA
:10FB4000ADF8043001AB2246194606F19C00CDE920
:10FB50001234F9F7CAF940F20153ADF800302246E9
:10FB60006B46694606F1A800CDE91034F9F7BDF9F6
:10FB70002EB070BD5C3400200202020302080204B1
:10FB80000206020770B586B005460C466846114667
:10FB90001A46FDF7E8FD9DF800602EB906AB13E9A3
:10FBA0000F00283484E80F00BDF80E302E70284670
:10FBB0006B6006B070BD2DE9F041044688461546DD
:10FBC0009AB300F110073846F9F7ADF96668284492
:10FBD000B0422AD83846F9F7A6F9D4E90123361AF3
:10FBE000F1189142206888BFD61AB54218441ED831
:10FBF0002A4641460BF004F93846F9F794F9626851
:10FC00002844904211D8A3682B44B3FBF2F102FBC5
:10FC10001133A360BFF35B8F57E8003F2B4447E8E5
:10FC20000032002AF8D1BFF35B8FBDE8F081324685
:10FC300041460BF0E5F82068AA1B08EB0601D9E75E
:10FC40002DE9F7434FF0000980464C46012500F1AD
:10FC5000100600F120073846F9F765F9854213D3FD
:10FC6000230A0DF10701304601228DF80730FFF716
:10FC7000A2FF01220DF1070130468DF80740FFF782
:10FC80009AFF03B0BDE8F0833846F9F74CF96A1CD7
:10FC900090420CD3D8F81C301D44D8F81430B5FB72
:10FCA000F3F103FB1155D8F8103013F8059064BA3E
:10FCB00089EA0404A3B2C4F30314634083EA033360
:10FCC0009BB25C0104F4FF545C401546C3E713B5D6
:10FCD00000F110042046F9F73AF9FA2301220DF158
:10FCE000070120468DF80730FFF765FF02B010BD11
:10FCF0002DE9FF41CDE90012064603F11000BDF8E1
:10FD00000480BDF828700B9C1D46F9F70CF980455E
:10FD10001DD84FF000081036B84503D1002004B0BC
:10FD2000BDE8F081EA686B6822444244B2FBF3F11B
:10FD300003FB11222B680DF10F019B5C8DF80F3036
:10FD400001223046FFF737FF08F10108E4E740F2EF
:10FD50002130E4E703687BB1BFF35B8FD3F89020D9
:10FD6000BFF35B8F022A036807D1BFF35B8F0022CA
:10FD7000C3F89020BFF35B8F7047BFF35B8FD3F85E
:10FD80009030BFF35B8F012BF6D103680322BFF3E2
:10FD90005B8FEDE72DE9F04F836D00F1480895B0DA
:10FDA00004468946164608EBC30BC24647465F45E4
:10FDB00018D194F82B20012A42D094F8291094F8F5
:10FDC0003930994204D194F83B3001339A423AD009
:10FDD00004F11000F9F7BBF84FF49876304615B0EF
:10FDE000BDE8F08F396801B33B79DA071DD50B68A0
:10FDF00006A81B689847069DA5B1B5F88C20E38D31
:10FE00009A4214D3AC46FB230CF8083B04F12803B8
:10FE10000FCB8CE80F003346E28DD5F888104846AA
:10FE2000FDF7F8FD06A8FFF795FF0837BFE70023A9
:10FE30002B702B726B8100220023C5E90423F1E7AC
:10FE40002046FFF744FF06360196A38D009304F188
:10FE5000280797E806004B462046FFF749FF06466D
:10FE600000285FD194F82B2094F82A309A4226D1AA
:10FE70002046FFF7E5FEE1680B6804F110091D68F4
:10FE80004A46334604A8A8479DF81030A3B9324625
:10FE9000494606A8FCF7C7FB9DF8183063B9A36D67
:10FEA0004FF0FA0B08EBC308C2450ED1E0680368B7
:10FEB00000225B68494698474846F9F748F897E8B2
:10FEC0000F00383484E80F0088E7DAF8001031B307
:10FED0009AF804309B0722D50B6803A81B68984743
:10FEE000DDF80CE0BEF1000F16D075460DF1200CC8
:10FEF00005F808BBBCE80F000FC5BCE80F000FC534
:10FF00009CE80F0085E80F000023BEF82C20DEF8E7
:10FF100088104846FDF77EFD03A8FFF71BFF0AF196
:10FF2000080AC1E740F2213658E7000070B5AEB0CC
:10FF300001240BABCDE92C342EAB13E906005E484F
:10FF40005D4EADF82C40F8F7D0FF40F20113ADF84C
:10FF500028300AAB2246194606F10C00CDE92A34B6
:10FF6000F8F7C3FF40F20143ADF8243009AB224655
:10FF7000194606F11800CDE92834F8F7B6FF4FF41A
:10FF80008273ADF8203008AB2246194606F12400F2
:10FF9000CDE92634F8F7A9FF4FF40173ADF81C3012
:10FFA00007AB2246194606F13000CDE92434F8F7B4
:10FFB0009CFF40F60223ADF8183006AB22461946E6
:10FFC00006F13C00CDE92234F8F78FFF40F205132B
:10FFD000ADF8143005AB2246194606F14800CDE9CC
:10FFE0002034F8F782FF40F20543ADF8103004AB3F
:10FFF0002246194606F15400CDE91E34F8F775FF84
:020000040801F1
:1000000040F60213ADF80C3003AB2246194606F158
:100010006000CDE91C34F8F768FF284B0D930225EA
:100020000DAB2A46194606F16C001A931B95F8F79A
:100030005CFF234B0E9340F20253ADF83C300EAB05
:1000400018930323189919931A4606F17800F8F7C4
:100050004CFF1C4B0C930CAB2A46194606F184004E
:10006000CDE91635F8F741FF0523ADF8083002ABAE
:100070002246194606F19000CDE91434F8F735FF11
:1000800040F20173ADF8043001AB2246194606F187
:100090009C00CDE91234F8F728FF40F20153ADF887
:1000A000003022466B46694606F1A800CDE91034BF
:1000B000F8F71BFF2EB070BD1035002002020203BE
:1000C000020802040206020770B50B460446D1E995
:1000D000010188B002AA82E80300226F022A14D824
:1000E0000026511C01938DF810601C2301AD21677F
:1000F00003FB02440FCDCDE905660FC4079695E8D2
:10010000070084E8070008B070BD0120FBE700008D
:1001100070B5AEB001240BABCDE92C342EAB13E996
:1001200006005E485D4EADF82C40F8F7DEFE40F26A
:100130000113ADF828300AAB2246194606F10C002F
:10014000CDE92A34F8F7D1FE40F20143ADF824306E
:1001500009AB2246194606F11800CDE92834F8F714
:10016000C4FE4FF48273ADF8203008AB2246194626
:1001700006F12400CDE92634F8F7B7FE4FF40173F9
:10018000ADF81C3007AB2246194606F13000CDE928
:100190002434F8F7AAFE40F60223ADF8183006AB77
:1001A0002246194606F13C00CDE92234F8F79DFEBF
:1001B00040F20513ADF8143005AB2246194606F19E
:1001C0004800CDE92034F8F790FE40F20543ADF841
:1001D000103004AB2246194606F15400CDE91E3416
:1001E000F8F783FE40F60213ADF80C3003AB22465D
:1001F000194606F16000CDE91C34F8F776FE284B6D
:100200000D9302250DAB2A46194606F16C001A9390
:100210001B95F8F76AFE234B0E9340F20253ADF89C
:100220003C300EAB18930323189919931A4606F124
:100230007800F8F75AFE1C4B0C930CAB2A46194673
:1002400006F18400CDE91635F8F74FFE0523ADF829
:10025000083002AB2246194606F19000CDE914346D
:10026000F8F743FE40F20173ADF8043001AB2246CB
:10027000194606F19C00CDE91234F8F736FE40F23B
:100280000153ADF8003022466B46694606F1A800DE
:10029000CDE91034F8F729FE2EB070BDC43500202A
:1002A0000202020302080204020602077047036802
:1002B0001847000010B5054B03600446F3F7FAFF3A
:1002C0002046F4F753F9204610BD00BF58F301084B
:1002D00010B50446F4F754F9204610BD10B5044695
:1002E000006818B1A168091AF5F724FE204610BD70
:1002F000F8B50D46042106461746F6F7FCF8044605
:1003000090B107602946F6F79BFA29462046F6F792
:100310009AFA20460549F6F799FA224630460449EA
:10032000BDE8F840F6F7AAB9F8BD00BFAD02010874
:10033000AF0201082DE9F04F744C9FED757AD4EDB2
:10034000007A74482DED028B9FED738A67EE887AF0
:100350008DB0FCEEE77A17EE903AD4ED017A67EEB5
:10036000887A1FFA83F9FCEEE77A17EE903AD4ED1B
:10037000057A67EE887A1FFA83F8FCEEE77A17EEC3
:10038000903AD4ED047A67EE877A9FB2FCEEE77A72
:10039000CDED027AD4ED067A9DF808A067EE877A53
:1003A000FCEEE77ACDED027AD4ED077A9DF80830BD
:1003B000029367EE887AFCEEE77A17EE903AD4ED76
:1003C000087A67EE887A9EB2FCEEE77A17EE903AEA
:1003D0009DB2F3F772F894F82D2094F82F1094F84A
:1003E00038B0DFF83CC1DFF83CE18DF814909200A2
:1003F00042EA410294F82E108DF816800A4394F8D0
:1004000078108DF8187042EAC10294F831108DF816
:100410001AA042EA011294F8321007EE900A42EA5A
:10042000411294F8370094F830104FEA8B0B4BEAE6
:10043000400B42EA811294F8340094F833104BEAEE
:10044000000042EAC11294F835B0039294F83640A5
:10045000DCF8042040EACB001168DEF8042040EA12
:100460000414DCF8000012680140DEF8000067EEBA
:10047000887A003902EA0002FCEEE77A18BF01210F
:10048000003A18BF012244EA811117EE903A41EA7E
:10049000C2114FF4C97202980492082229FA02F993
:1004A00028FA02F8D7408DF81B009BB240F2931057
:1004B0000B928DF815908DF817808DF819700890B3
:1004C00003988DF82A30D3408DF82B30009204AB7E
:1004D0008DF824008DF825108DF826608DF82850B1
:1004E000D640D5400D488DF827600ECB8DF82950A9
:1004F000F3F7BCFB0B9B009308AB0ECB0748F3F75D
:10050000B5FB0DB0BDEC028BBDE8F08F803600204E
:100510000000C842587D002000007A44187C00206A
:100520003C7D0020207D002010B55E4C5E488AB0E6
:1005300009F068FC20465D4A3221FFF7D9FE2046CB
:100540005B4A2821FFF7D4FE5A4B069407930024F8
:10055000594B0894009306AB0ECB5848F5F76AFE4A
:100560002146102202A80AF03BF8554C08238DF8CA
:1005700014305448002202A9F3F796FB40B1029BC5
:1005800040F29132934218D040F28242934226D0F8
:100590004D48002202A9F3F787FB00283FD0029BB9
:1005A0006FF4D27213440B2B39D8DFE803F02C44DC
:1005B000515E383838383838386B9DF80C30C3F312
:1005C000801284F87820C3F3800203F04403442BA4
:1005D00084F87920DCD0204600F034FFD8E7BDF85D
:1005E0000C309FED3A7A07EE903AF8EEE77A204623
:1005F00067EE877A9FED367A67EE877A17EE901A64
:1006000000F042FFC4E7BDF80C309FED327A07EEF0
:10061000903AF8EEE77A67EE877AC4ED0F7A2046D3
:1006200000F0F2FD20690BF0DFF902460B462A4884
:10063000F4F708FF9DE7BDF80C309FED267A07EE32
:10064000903AF8EEE77A67EE877AC4ED107AE6E73B
:10065000BDF80C309FED1F7A07EE903AF8EEE77A7E
:1006600067EE877AC4ED117AD9E7BDF80C309FEDBB
:10067000197A07EE903AF8EEE77A67EE877AC4EDDA
:10068000127ACCE79DF80C3003F0030284F8502076
:10069000C3F38102C3F3011384F8512084F852306C
:1006A000BDE700BF947F002057F001083503010823
:1006B000FD060108076400089D680008707E0020A0
:1006C00080360020187C0020107B00207816A83E81
:1006D0008FC2753DCDCCCC3D65F0010807B506480D
:1006E000836C0093436C026CC16B803001F02AF87C
:1006F00003B05DF804FB00BF803600202DE9F04315
:100700002DED068B584C8FB0204600F0DDFEFFF734
:10071000E5FF04F1800001F0E1F894F83730E0647F
:1007200083F0010545EA430594F82F304F48B4F9AA
:100730005C70B4F9266094F82C90B4F82880648D2D
:1007400045EAC30501F0C8F80AEE100A474801F06F
:10075000C5F809EE900A454801F0BAF809EE100A0A
:10076000424801F0B7F808EE900A404801F0ACF8B2
:1007700008EE100A3D4801F0A9F89FED3D7A8DF88A
:100780000C702AEE07AA4FF4C3730293FCEECA6AF8
:1007900069EE879A40F2862306934FF425730A93F5
:1007A00029EE079A16EE903AFCEEE96ABCEEC97A99
:1007B0008DF82C3016EE903A8DF82D3017EE103A59
:1007C0009FED2C7A8DF82E3068EE878A28EE078A06
:1007D000FCEEE86A07EE900A16EE903A67EE877A2A
:1007E000BDEEC88AFDEEE77A8DF82F3018EE103A8C
:1007F0000822ADF8303017EE903A8DF80E601741B0
:100800001641EDB28DF80D708DF80F608DF8105017
:100810008DF81190ADF8323000920DEB0203099281
:100820008DF81C808DF81E4028FA02F8D4400D92F5
:1008300011488DF81D800ECB8DF81F40F3F716FA86
:10084000099B009306AB0ECB0B48F3F70FFA0D9BF9
:1008500000930AAB0ECB0948F3F708FA0FB0BDECD2
:10086000068BBDE8F08300BF8036002000370020F3
:100870000000C84200007A44187C0020107B002051
:1008800070B5B8B0012415ABCDE9363438AB13E9F7
:100890000600B648ADF85440F8F727FB40F20113C4
:1008A000ADF8503014AB19462246B148CDE9343486
:1008B000F8F71BFB40F20143ADF84C3013AB19467F
:1008C0002246AC48CDE93234F8F70FFB4FF482737F
:1008D000ADF8483012AB19462246A748CDE930346E
:1008E000F8F703FB4FF40173ADF8443011AB194630
:1008F0002246A248CDE92E34F8F7F7FA40F6022353
:10090000ADF8403010AB194622469D48CDE92C3455
:10091000F8F7EBFA40F20513ADF83C300FAB19468F
:1009200022469848CDE92A34F8F7DFFA40F2054329
:10093000ADF838300EAB194622469348CDE928343D
:10094000F8F7D3FA40F60213ADF834300DAB194680
:1009500022468E48CDE92634F8F7C7FA8C4B179318
:10096000022517AB2A4619468A4824932595F8F79D
:10097000BCFA894B189340F20253ADF8643018ABBF
:10098000229303231A46229984482393F8F7ADFA59
:10099000834B169316AB2A4619468248CDE920357B
:1009A000F8F7A3FA0523ADF830300CAB1946224610
:1009B0007D48CDE91E34F8F798FA40F20173ADF89E
:1009C0002C300BAB194622467848CDE91C34F8F799
:1009D0008CFA40F20153ADF828300AAB2246194692
:1009E0007348CDE91A34F8F780FA724B1A68D507C4
:1009F00008D471481C60F3F7A9FC704A70496E482E
:100A0000F5F754F86F4B1A68D40706D401221A6020
:100A10006D496A4A6D48F5F749F800224FF4D061F4
:100A20006B486C4DF5F7DAFC644A6B496848F5F79A
:100A30003DF800224FF4D0616848F5F7CFFC5F4ADB
:100A400065496648F5F732F8654B00241E46214695
:100A500003F140001D601C61F5F750FB06F15C00DE
:100A6000F5F7ECFA2346304600944FF48042182103
:100A7000F5F7D4FB514A5B493046F5F717F85A4B66
:100A800021461D6003F140001D461C61F5F736FB51
:100A900005F15C00F5F7D2FA2346284600944FF49E
:100AA00080421821F5F7BAFB444A4E492846F4F72C
:100AB000FDFF4E4A4E482521F2F740FD3F4A4D4981
:100AC0004B48F4F7F3FF1C2221464B4809F088FD00
:100AD00049480221F3F7B8FD384A48494648F4F737
:100AE000E5FF1C222146464809F07AFD44480321CF
:100AF000F3F7AAFD314A41494148F4F7D7FF414B8A
:100B00000094192218214048F3F778F82B4A3F49FE
:100B10003D48F4F7CBFF3E4B0094162215213D488B
:100B2000F3F76CF8254A39493A48F4F7BFFF2C230C
:100B30003222CDE9073224211123CDE905310720E6
:100B40002023CDE903302D23CDE901430123009378
:100B5000222223232121304800F0FAF8174A2F4996
:100B60002D4838B0BDE87040F4F7A0BF40800020A9
:100B70004C8000205880002064800020708000207D
:100B80007C8000208880002094800020A0800020AD
:100B900002020203AC80002002080204B880002098
:100BA00002060207C4800020D0800020DC800020E4
:100BB000E88000207C36002000800020C801002052
:100BC000B502010878360020DD020108F47F00201C
:100BD000947F00201CF40108FB630008347F002090
:100BE000707E002051630008AC7D002033335340F9
:100BF000587D0020653500083C7D0020D1020108A9
:100C0000207D002020A10700187C0020553D000811
:100C100040420F00107B002080360020210C01088C
:100C200038B5044600F59960F9F75AFE04F594606A
:100C3000F3F7CEFB04F59160F3F7CAFB04F58E6081
:100C4000F3F7C6FB04F58B60F3F7C2FB04F588608D
:100C5000F3F7BEFB04F572751F4BC4F8C833284682
:100C6000F3F728FB2846F3F781FC04F55070F3F7FF
:100C7000A1F804F54A70F3F7ABFB04F53070F2F716
:100C800071FC04F52A70F3F7A3FB04F51070F2F77A
:100C900069FC04F50A70F3F79BFB04F5E070F2F7CA
:100CA00061FC04F5D470F3F793FB04F5A070F2F740
:100CB00059FC04F59470F3F78BFB04F1C000F2F7D4
:100CC00051FC04F1A800F3F783FB04F16000F3F793
:100CD0007FFB204638BD00BF58F3010810B4D0E9AF
:100CE00001320168541001EB6200D20748BF0A5973
:100CF0005DF8044B48BFD35818470368D3F8B823AE
:100D0000D3F8AC331B041360704738B51C2204467B
:100D10000D46002109F064FC20462946F3F79BFCB0
:100D2000204638BD70B50023836000F11006002313
:100D300003730446016030461546F3F7E2FB304684
:100D4000F3F750FB2046294600F05AFF204670BDBD
:100D50002DE9F0479146704A044698464FF0E173FA
:100D600086B000200025C4E9092304F160074FF094
:100D70007E53E36420606060A060E0602061606199
:100D8000A061E0612062E06320646064A064C4E963
:100D90000B55C4E90D552565E56538460E46F3F754
:100DA000B0FB3846F3F71EFB5C4BA3655C4FA4F821
:100DB000785004F1800000F093FC04F1C00A314641
:100DC000584E3A465046F2F7B9FB3246514604F5C2
:100DD0008C7004F5A07AFFF7A5FF3A4649465046C5
:100DE000F2F7ACFB04F5E0793246514604F5CC70DD
:100DF000FFF798FF3A4641464846F2F79FFB04F555
:100E000010783246494604F50670FFF78BFFBDF9AE
:100E100038103A464046F2F791FB3246414604F517
:100E2000267004F53078FFF77DFFBDF93C103A4697
:100E30004046F2F783FB3246414604F5507604F50E
:100E40004670FFF76FFFBDF940103046F2F7D0FF54
:100E5000BDF9441004F56470FFF757FFBDF9481061
:100E600004F56B70FFF751FF04F57270F3F7A0FA09
:100E7000BDF94C1004F58160FFF747FFBDF9501034
:100E800004F22440FFF741FF04F58860F3F739FBD3
:100E900004F58B60F3F735FB04F58E60F3F731FB57
:100EA00004F59160F3F72DFB04F59460F3F729FB4B
:100EB000BDF95820BDF95410C4F8B85484F8BC5496
:100EC00004F5986000F038FDD4F89033D4F89C23F2
:100ED00002941B041360D4F8AC33D4F8B8231B0479
:100EE0001360D4F80834D4F814241B041360D4F825
:100EF0002434D4F830241B0413600B4BCDE90335A4
:100F00000A4B009302AB30460ECBF2F79BFF204614
:100F100006B0BDE8F08700BF00004C1D3661823B83
:100F2000333353400000704259140108DD0C0108AE
:100F300007EE100AB5EEC07AF1EE10FA0BD4F7EE18
:100F4000007AB4EEE77AF1EE10FAD4BF17EE100A89
:100F500017EE900A704700207047000007EE901AC5
:100F60009FED117AF4EEC77AF1EE10FA04D577EE20
:100F7000A77A17EE900A7047DFED0C6AF4EEE67A76
:100F8000F1EE10FA37EEC77A53BFDFED097ADFEDE5
:100F9000096ADFED097A37EE677A58BFF0EE006A2A
:100FA000E7EE267AE5E700BF9A99193E9A99593FEC
:100FB0003433333F2449123F9A99993EF7B5089F3D
:100FC0000C4615461E4623B33E784EB913784BB9EE
:100FD0000846F3F773FA2046F3F704FA01232B705F
:100FE00003B0F0BD6846F3F74FFADDE900014FF4B6
:100FF0007A7200230BF068F980B26428F0D90123DB
:101000003B702046F3F721FA2046F3F757FA2E708B
:10101000E6E73B701378002BE2D0F2E790ED037A1D
:10102000D0ED027A77EEC77A9FED6E7AF0EEE77A2E
:10103000F4EEC77AD0ED007A9FED6B7AF1EE10FAFC
:10104000F4EEC77ACCBF01230023F1EE10FA2DE9AC
:10105000F3410446C0F2B9809FED647AF4EEC77A9A
:10106000F1EE10FA00F2B180D0ED017A9FED607AD6
:10107000F4EEC77AF1EE10FAC0F2A7809FED5D7A28
:10108000F4EEC77AF1EE10FA8CBF01270027D4EDF9
:10109000057A9FED597AF4EEC77AF1EE10FAC0F2B4
:1010A00096809FED567AF4EEC77AF1EE10FA94BF6F
:1010B0000122002294ED077AF5EE046AB4EEE67A96
:1010C000F1EE10FA82F00106C0F28380DFED4C7A77
:1010D000B4EEE77AF1EE10FA7BD894ED087AB4EE2C
:1010E000E67AF1EE10FA74DBB4EEE77AF1EE10FA7C
:1010F0008CBF0125002594ED067AF5EE007AB4EE5A
:10110000E77AF1EE10FA66DD94ED047AB4EEE77A50
:10111000F1EE10FACCBF4FF001084FF0000804F1D7
:101120003002009204F5886104F597622046FFF7CB
:1011300045FF04F13103009304F2B9423B4604F544
:101140008B612046FFF73AFF04F13203009304F26B
:10115000BA42334604F58E612046FFF72FFF04F1B3
:101160003303009304F2BB422B4604F59161204601
:10117000FFF724FF94F834305BB194ED047ADFED8F
:10118000217AB4EEE77AF1EE10FA44BF002384F836
:101190003430B8F1000F02D0012384F8343094F8D1
:1011A0003030DBB994F8312052B994F832203AB992
:1011B00094F83430A3B994F833200AB994F82E3057
:1011C00084F82F3002B0BDE8F08101275FE70022EC
:1011D00070E701258FE74FF00008A0E70023EFE755
:1011E0001346EDE7CDCCCC3D3BDFCF3EA69B843F05
:1011F00054E3E53EBE9F8A3FA4701D3FFED4783F76
:1012000000003440CDCC4C3DF7B5044600F58C7061
:1012100000F0E2FC206004F5CC7000F0DDFC6060C2
:1012200004F5067000F0D8FC606104F5267000F04B
:10123000D3FCE06104F5467000F0CEFCD4ED007AFA
:101240009FED657A206277EEC77A9FED647AC7EEEC
:10125000877A04F1600617EE900AFFF769FED4ED75
:10126000017A9FED5F7AA06077EEC77A9FED5D7A95
:10127000C7EE877A06EE900A17EE900AFFF758FE3F
:10128000D4ED057A9FED587AE06077EEC77A9FED4E
:10129000577AC7EE877A06EE100A17EE900A76EEB6
:1012A000866AFFF745FEF6EE007A66EEA76AA06151
:1012B000C4ED046A2046FFF7B1FE21692046FFF71E
:1012C0004DFE9FED4B7A206107EE900A67EE877A1C
:1012D0003146FDEEE77A684617EE903A1DB2A584D6
:1012E000F3F7D2F83046009FF3F7E8F894F85E3051
:1012F00053BB0123A4F85C5084F85E30002DD4F871
:10130000243408DB94ED067ADFED3A7AB4EEE77A1E
:10131000F1EE10FA52DD012284F83820D4F82C24A2
:101320001360012384F83630D4F81034D4F808243C
:101330001A6004F55070F2F77DFD003818BF0120E7
:1013400084F82D0003B0F0BD07EE907AF8EE677ACE
:1013500017EE900A0AF048FB1DA3D3E9002301F120
:1013600000410AF0C3FC0646A06D0F460AF03CFBA4
:101370000B460246394630460AF0B8FC0AF046FEF3
:1013800006F0E4FA07EE905AB4F95C30B8EEE76A7A
:1013900007EE903A07EE100AF8EEE77AF7EE006AE9
:1013A00076EEC76A67EE877AE6EE867AFDEEE77A32
:1013B00017EE903A1DB2A4F85C509FE7002284F823
:1013C00038201B04D4F83024AAE700BFAFF3008014
:1013D0000000000080842E413BDFCF3EAE47213F1E
:1013E00054E3E53ED24D223FA4701D3FB4C8B63E43
:1013F00000FEFF46EC51B83D30B5012389B080F8BE
:101400002E30D0F89833D0F890231A600B4CD0F8D7
:10141000B433D0F8AC231A6000210025CDE90511C2
:10142000CDE90245064A0490009204AB079200F50C
:1014300072700ECBF2F767FF09B030BD80841E00DA
:10144000FB0C0108002380F82E30D0F89033D0F840
:101450009C231B041360704790F878300BB190F810
:10146000793090F82E205AB953B190ED067ADFED1D
:10147000057AB4EEE77AF1EE10FA01DDFFF7BCBFB2
:10148000FFF7E0BFEC51B83D07EE901AF5EEC07AD9
:10149000F1EE10FA14DBB1EE047AF4EEC77AF1EE55
:1014A00010FA0DD890ED067ADFED067AB4EEE77A01
:1014B000F1EE10FACCBF0123002380F835307047DD
:1014C0000123FAE76666663F90F82C30013303F09B
:1014D0000F0380F82C30704730B5AFB001240BAB50
:1014E000CDE92C342EAB13E906006448ADF82C404E
:1014F000F7F7FBFC40F20113ADF828300AAB1946B0
:1015000022465F48CDE92A34F7F7EFFC40F2014369
:10151000ADF8243009AB194622465A48CDE92834A3
:10152000F7F7E3FC4FF48273ADF8203008AB1946AF
:1015300022465548CDE92634F7F7D7FC4FF401731E
:10154000ADF81C3007AB194622465048CDE924348B
:10155000F7F7CBFC40F60223ADF8183006AB19467E
:1015600022464B48CDE92234F7F7BFFC40F2051381
:10157000ADF8143005AB194622464648CDE9203473
:10158000F7F7B3FC40F20543ADF8103004AB194651
:1015900022464148CDE91E34F7F7A7FC40F6021376
:1015A000ADF80C3003AB194622463C48CDE91C345B
:1015B000F7F79BFC3A4B0D9302250DAB19462A46D3
:1015C00038481A931B95F7F790FC374B0E9340F26F
:1015D0000253ADF83C300EAB189303231A4618990A
:1015E00032481993F7F781FC314B0C930CAB194639
:1015F0002A463048CDE91635F7F777FC0523ADF8D4
:10160000083002AB194622462B48CDE91434F7F7CF
:101610006CFC40F20173ADF8043001AB1946224670
:101620002648CDE91234F7F760FC40F20153ADF8DB
:10163000003022466B4669462148CDE91034F7F761
:1016400054FC204B1A68D10708D41F481C60F2F7DD
:101650007DFE1E4A1E491C48F4F728FA1D4B1A68E5
:10166000D20709D401221A601B49184A1B482FB01F
:10167000BDE83040F4F71ABA2FB030BDF480002036
:10168000008100200C81002018810020248100208E
:10169000308100203C8100204881002054810020BE
:1016A0000202020360810020020802046C81002013
:1016B00002060207788100208481002090810020AA
:1016C0009C8100207C36002000800020C801002082
:1016D000B502010878360020DD020108F47F002001
:1016E00038B500F1280504462846F2F70AFF4FF006
:1016F0007E52002322610122284623606360A3609A
:10170000E3606361A361A2832362F2F76BFE20466C
:1017100038BD10B5002300F1280403604360C360A6
:101720004FF07E524361836101230261838320462F
:10173000F2F78BFE2046F2F7C1FE2046BDE81040CE
:10174000F2F750BE30B52DED028B83B007EE901A44
:1017500006EE902A06EE103A9DED087ADFED558AE6
:1017600076EEA76A37EE067AF6EE007A27EE277A4B
:1017700066EEA76ADFED507AC0ED008AB4EEE77A34
:10178000F1EE10FA0446B7EE008A70DD77EE666A75
:101790000546C6EE877A2835F4EEE87AF1EE10FABF
:1017A00048BFF0EE687AF4EEC87AF1EE10FAC8BFDE
:1017B000F0EE487AC0ED007A2846F2F746FE294658
:1017C0006846F2F761FEDDE900010AF03FFD9FED9A
:1017D0003B7A06EE900AC6EE877A2846C4ED027A76
:1017E000F2F76CFE2846F2F7FDFD94ED005ADFEDAE
:1017F000345AD4ED016A237FC4ED058A75EE655A2B
:1018000026EEA87AA5EEA87ACBBB94ED026AB5EED7
:10181000C06AF1EE10FA0DDDD4ED034A637F75EE78
:10182000644AC4EE867AC4ED057A8BBB0123C4ED0D
:10183000067A6377D4ED067AA7EEA87AD4ED087A13
:1018400038EE478AB0EE667AA6EE257AB4EEE77AED
:10185000F1EE10FAD8BFF0EE477AF5EEC07AF1EE6D
:1018600010FA54BFC4ED017AC4ED018A09E0FFF714
:1018700050FF18EE100A03B0BDEC028B30BD38EEFD
:10188000478A002384ED035A237784ED048AF0E726
:10189000DFED0C4A76EE244A86EE244AD4ED064A61
:1018A00078EE443A67EE847AE3EEA47AC4ED067AE1
:1018B000C0E700BF000000000000C84200247449D7
:1018C000EC51B83DCDCC4C3E4069704780697047C3
:1018D00040687047806870470068704700697047CB
:1018E00070477047704710B530210446F4F722FB6B
:1018F000204610BD10B530210446F4F71BFB2046EE
:1019000010BD10B530210446F4F714FB204610BD7D
:101910000022017107498260C260026142618261F6
:10192000C26102624262016080F82A2080F82E20A3
:10193000704700BF5CF7010838B50446428001805B
:1019400001210830F8F76CFB04F540554B2104F5F4
:101950007D50FFF7DDFF0B4BC5F8403F04F57D5090
:101960004C213030FFF7D4FF074BC5F8703F04F52A
:101970007E504D212030FFF7CBFF044BC5F8A03F30
:10198000204638BDC8F80108E4F8010800F901084C
:1019900070B5AEB001240BABCDE92C342EAB13E9FE
:1019A00006005E485D4EADF82C40F7F79EFA40F217
:1019B0000113ADF828300AAB2246194606F10C0097
:1019C000CDE92A34F7F791FA40F20143ADF824301B
:1019D00009AB2246194606F11800CDE92834F7F77D
:1019E00084FA4FF48273ADF8203008AB22461946D2
:1019F00006F12400CDE92634F7F777FA4FF40173A6
:101A0000ADF81C3007AB2246194606F13000CDE98F
:101A10002434F7F76AFA40F60223ADF8183006AB23
:101A20002246194606F13C00CDE92234F7F75DFA6B
:101A300040F20513ADF8143005AB2246194606F105
:101A40004800CDE92034F7F750FA40F20543ADF8ED
:101A5000103004AB2246194606F15400CDE91E347D
:101A6000F7F743FA40F60213ADF80C3003AB224609
:101A7000194606F16000CDE91C34F7F736FA284B19
:101A80000D9302250DAB2A46194606F16C001A93F8
:101A90001B95F7F72AFA234B0E9340F20253ADF849
:101AA0003C300EAB18930323189919931A4606F18C
:101AB0007800F7F71AFA1C4B0C930CAB2A46194620
:101AC00006F18400CDE91635F7F70FFA0523ADF8D6
:101AD000083002AB2246194606F19000CDE91434D5
:101AE000F7F703FA40F20173ADF8043001AB224678
:101AF000194606F19C00CDE91234F7F7F6F940F2E9
:101B00000153ADF8003022466B46694606F1A80045
:101B1000CDE91034F7F7E9F92EB070BDA8810020A7
:101B2000020202030208020402060207000000008B
:101B3000F0B52DED028B044683B000F11005294667
:101B40006846F2F7A1FC2068009EF1F7A5FC08EEBC
:101B5000100A2846F2F7B2FC237B4BB9012384ED2F
:101B6000028A237318EE100A03B0BDEC028BF0BD9D
:101B700007EE906AF8EE677A17EE900A09F034FFE4
:101B800013A3D3E9002301F100410AF0AFF80646A0
:101B900060680F4609F028FF02460B46304639467A
:101BA0000AF0A4F80AF032FA05F0D0FED4ED026A89
:101BB00007EE900AB7EE007A37EE677A67EEA67AFC
:101BC000E7EE087AB0EE678AC4ED027ACAE700BF92
:101BD0000000000080842E4110B52DED028B0446DC
:101BE000FFF7A6FF08EE100A2068F1F773FC07EE76
:101BF000900A68EE277ABDEC028B17EE900A10BDB2
:101C000010B50446084609F0EFFE08A3D3E9002307
:101C100009F042FF02460B46002003490AF066F82D
:101C20000AF0F4F9606010BD0000F03F182D445434
:101C3000FB2119400048704718F9010810B5034B03
:101C40000360044604F090FF204610BD74FA0108BA
:101C500010B5054B0360044604F086FF2046F4F7F8
:101C600067F9204610BD00BF74FA010808B50420CA
:101C700004F0DAFE024B034A0349036005F002FB5D
:101C800074FA01083D1C010860FA01082DE9F041D1
:101C900091F800C00024BCF12D0FC0E9001408BF6A
:101CA0000131A2EB010508BF0124022D32DD4F787E
:101CB00091F802C00E7887F061088CF06E0E4EEA43
:101CC000080E86F06E084EEA080E1EF0DF0F16D1E1
:101CD000CD1C056014BB2A4C1C60AA421CD0CB78DA
:101CE000282B19D104318A4216D00B78392B34D8DD
:101CF0002F2B3BD8292B0FD1013101600CE08CF048
:101D0000660287F06E073A4386F06906324312F0A6
:101D1000DF0205D016234360BDE8F081194CDBE7F4
:101D2000072D10DD184E8D1C01F1070E15F8017FEF
:101D300016F801CBAE458CEA070C42EA0C02F5D14D
:101D400012F0DF0F16D0033101601CB10F4A1A6088
:101D5000BDE8F0814FF0FF42F9E75F2BA3F14105A9
:101D6000A3F1610402D007D8192DD5D801318A42D8
:101D7000BBD1D1E70831E7E7192CCDD8F6E700BF92
:101D80000000C07F0000C0FF2CF90108000080FFA8
:101D90002DE9F04FB0F8F471ADF2044D02AB7D2F98
:101DA00083E8060000F2F48004AE4FEA870801469B
:101DB0000446002542463046A6F8F45109F020F8C2
:101DC000B6F8F4313B449BB20093AFB12946714D54
:101DD00008EB040C23461A6808460021E2FB0501C3
:101DE00043F8040B9C45F6D131B17D2F18D044F84F
:101DF00027100137A4F8F47104F12403DFF8988167
:101E0000019327464FF0010A0DF5027958F8045F57
:101E10004FF00003A9F8F43155B1009B7D2B21D977
:101E200000200DF2044DBDE8F08F002840F08880BE
:101E3000019B04379F420AF1010AE7D1B4F8F4117B
:101E400071B101398BB20A4606E0591E1A46A4F850
:101E5000F4318BB222B1013A54F82220002AF4D096
:101E60000120DEE79A0031464846A6F8F43108F032
:101E7000C7FFB9F8F411009B194489B2A9F8F4110D
:101E80008B46002973D000224B4609EB810C8E460D
:101E9000186811460022E5FB001243F8041B9C451C
:101EA000F6D17146002A39D07D29B9D0B4F8F401B1
:101EB00049F82E204B1C9BB25045A9F8F4319B46A3
:101EC00050D20AEB0B057D2DAAD82A1A920004EBFA
:101ED0008000002108F084FBA4F8F451BBF1000F4E
:101EE000A6D000204D463946024604E06046013245
:101EF0005A450B6099D251F804CF55F8043B13EBC7
:101F00000C032CBF4FF0010C4FF0000C0028EDD05B
:101F1000013334BF60464CF00100E8E7B4F8F40147
:101F20008245CED8A0EB0A039E45DAD90AEB0B0511
:101F30007D2D3FF675AFA842C7D3A4F8F451D0E782
:101F4000D3440BF18042013AB4F8F41104EB82025D
:101F50008B4513D252F8043F01330BF1010B136090
:101F6000F6D265E7A0EB0A035B45DFD3B9E7B4F827
:101F7000F4015045BFF45CAF5546A6E77C293FF617
:101F80004FAF012344F821301944A4F8F4114FE76E
:101F900005F03EFE2D171BFFD02402082DE9F04F5F
:101FA0001F46002383B03B601546CA698B69072A28
:101FB0008E46814603EB020615DD4FF0303203E01A
:101FC0000833F11A07290EDD18685968914208BFD5
:101FD0009042F5D09E4208D09C4601339CF80020E8
:101FE000302A40F0BD809E42F6D1DEF82010002954
:101FF00000F0B380DEF824208C18072A0CDD4FF0A7
:10200000303303E00831621A072A05DD08684A68A0
:102010009A4208BF9842F5D08C4200F09E800B4651
:1020200002E09C4200F09980194601330A78302A78
:10203000F7D08C4200F091803A68DFF838B3A446BC
:10204000AE46ACEB0103072B40F3E781AEEB020396
:10205000072B40F2E28108684C68B0F1303044F15F
:10206000CF34A50083001B1845EA90754FEA102075
:1020700044EB050540EA0460DB186D411B1845EB95
:10208000142403F0FF00C3F3074542F21076C4F3B3
:10209000074306FB05330126A5FB0665B44D4FF04B
:1020A000640805FB00F504F0FF0408FB0454A0FBE2
:1020B00008050832301843EB040308313A6008245D
:1020C00003EB830040008C45A0F1300009D0964519
:1020D00007D911F8013B01340132092C3A6003445D
:1020E000EED196455BF83450B9F8F4A100F0988130
:1020F000BAF1000F14D0484609EB8A080026009375
:102100002C46056833460026E4FB053640F8043BC0
:102110004045F6D1009B1EB1BAF17D0F40F0CB8057
:10212000C3B1B9F8F461A9F10405002409E055F838
:10213000040FC01804F101042CBF01230023286000
:1021400008D3A642F3D17D2E04D049F826300136BB
:10215000A9F8F4618C457FF474AF03B0BDE8F08F4B
:1021600066453FF442AFDFF80CB2CDF804E000233F
:10217000AE46A6EB0C02072A40F33481AEEB030215
:10218000072A40F22F81DCF80010DCF80400B1F1DE
:10219000303140F1CF3084008A00521844EA917403
:1021A0004FEA112140EB040441EA006192186441B6
:1021B000521844EB1020C0F30741C2F3074442F227
:1021C000107505FB04110125A4FB0554684C02F0B1
:1021D000FF0204FB02F44FF0640800F0FF0008FB6C
:1021E0000040A2FB08240833AA1841EB00010CF1BF
:1021F000080C3B60082001EB810252006645A2F109
:10220000300209D09E4507D91CF8011B013001336B
:1022100009283B601144EED19E455BF83000B9F8C7
:10222000F4A14FD0BAF1000F12D04A4609EB8A0848
:1022300000240093156823460024E0FB053442F88F
:10224000043B4245F6D1009B14B1BAF17D0F2BD16E
:10225000C1B1B9F8F451A9F10404002009E054F81F
:10226000042F521800F101002CBF0121002122602F
:1022700008D38542F3D17D2D04D049F825100135CE
:10228000A9F8F45166457FF474AF7546DDF804E0B3
:10229000DEF8201000293FF460AFDEF824208C180F
:1022A000002B7FF4C6AEA8E649F82A400AF1010ADD
:1022B000A9F8F4A1CCE749F82A600AF1010AA9F8C3
:1022C000F4A12DE7DDF804E0BAF1000F17D00022E9
:1022D000A9F10405144693460096984655F8046FF4
:1022E000134601345A46E0FB0632A2452B60F5D86E
:1022F000009E43461AB1BAF17D0F40F0878099B134
:10230000B9F8F451A9F10404002009E054F8042FAD
:10231000521800F101002CBF01210021226003D3DB
:102320008542F3D17D2D6BD1A6EB0C02072A5CDD33
:102330004FF0303201E0072C57DDDCF80000DCF80C
:1023400004100CF1080C914208BF9042A6EB0C045B
:10235000F1D0DEF82020E2B1DEF82410072902EBEC
:102360000106C8BF012440F314814FF0303107E06B
:1023700040420F0030240208BCF1070F40F3BF8039
:10238000156850680832884208BF8D42A6EB020CDF
:10239000F2D0B9F8F4613046A6B14A460021B00047
:1023A00009EB860C0A249E4615680B460021E5FBC6
:1023B000043142F8043B9445F6D1734611B17D2EA9
:1023C00040F0C580A9F104010844884200F0AE80C5
:1023D00051F8042F01320A60F7D201333B6003B099
:1023E000BDE8F08F0021084605E7664503D1D5E03A
:1023F000664500F094801CF8012B302AF8D0A8E73D
:1024000049F825100135A9F8F4518DE749F82A203B
:102410000AF1010AA9F8F4A171E700231C464FE66E
:102420006446AC46BAF1000F17D00020A9F10406AB
:10243000054686469846934656F8043F02460135BF
:102440007046ECFB0320AA453260F5D843465A4655
:1024500018B1BAF17D0F40F08280A3B1B9F8F4C190
:10246000A9F10406002509E056F8040FC01805F18B
:1024700001052CBF01230023306004D3AC45F3D108
:10248000BCF17D0F5CD1631A072B35DD4FF0303383
:1024900001E0072E30DD0D6848680831984208BF1A
:1024A0009D42A4EB0106F4D0B9F8F401054690B1C1
:1024B0004B460021850009EB800E0A2694461C68D5
:1024C0000A460021E4FB062143F8042B7345F6D1AC
:1024D000624600294AD1A9F104016C188C424FD000
:1024E00051F8043F01330B60F8D201323A6034E610
:1024F00011F8013B302BD7D18C42F9D12DE6B242F5
:1025000002D106E0964204D012F8011B3029F9D01E
:102510003FE7002C7FF43DAF03B0BDE8F08FDEF85D
:102520002020002A3FD103B0BDE8F08F7C2E3FF67B
:1025300054AF012249F826201644A9F8F4614CE76B
:1025400049F82C300CF1010CA9F8F4C19BE749F8CB
:1025500026100136B6B2A9F8F461B00032E749F8A6
:102560002A000AF1010AA9F8F4A176E77D28B2D081
:1025700049F82010013080B2A9F8F4018500AAE7DB
:102580007C28B2D8012349F820301844A9F8F40176
:10259000ABE7964218BF0124B6D1FAE6DEF8202058
:1025A000002A3FF4DAADDEF82410072902EB010619
:1025B000C8BF00243FF7D9AEB24218BF0024A3D150
:1025C000CBE500BF82B02DE9F04F8A46ADF21C4D3D
:1025D00007468868DDF84894DAF800600DF58861F0
:1025E00081E80C0042F21073DAF80C10984271F195
:1025F000000310D3DFF838B34FF00008054642F26D
:10260000107200230C4609F0AFFEAB4578EB0404D2
:1026100006F10406F2D3642871F1000326D3030DFA
:1026200043EA0133C3F31302C0F313031344C1F3AA
:1026300013221344BA4A03EB1173A2FB0342D208DC
:1026400002EB820202EB82029B1AB64AC31AB64818
:1026500061F1000103FB02F200FB0122A3FB003049
:1026600002449B08023643EA827091080A284FF020
:10267000000888AD71F100014FF4FC72414603ACD3
:10268000284628BF0136CDF80C8007F0A9FF234665
:10269000514640F201322846FFF780FC039BC3F10C
:1026A00001039E191AD4862EB1467DD9DFF88482A3
:1026B00043460AACB0464FF00A0A1E4604E0A9F1B0
:1026C0008709B9F1860F6ED9C4E9006A284694E8F3
:1026D0000600FFF75DFB0028F1D1B1E009F5004AE3
:1026E000CDF848A40DF588630FCB06AC1AF10A0F9C
:1026F00084E80F000A46C0F21F8109F5004909F17C
:102700000B0940F2FE73994500F39C804FEAD02BF1
:102710004BEA425BC2F3D322414642EA09580AAC73
:102720004FEA1853A3F234434FF4FC72204600934F
:1027300007F056FF1BEB0B0B48EB08082BF00103CF
:102740000133C8F31402236042F4001343F1000381
:102750000B930223A4F8F431009B16F1860FA3EB30
:10276000060CC6F1000980F2F383DFF8C881CDF8CA
:1027700004C03A4643464F46B0460DF1100B1E4684
:10278000914603E0873F862F40F2A8810A23CBF8C9
:102790000060CBF804309BE806002046FFF7F8FA0B
:1027A0000028EFD1C6E14646B9F10C0FB5F8F43177
:1027B00040F292815D48B646002198461E46A6B179
:1027C0002A4605EB860C00241368A2460024E3FB8E
:1027D00000A442F804AB6245F6D134B17D2E2CD072
:1027E000721C45F82640012196B2A9F10D09B9F1F4
:1027F0000C0FE4D83246434676469646002900F050
:102800006B81A5F8F4217246B9F1000F40F0F28116
:1028100016F01F0840F034811F2E26D89ABB0020E6
:102820000021C7E9000140F2FE33BB6038460DF2DB
:102830001C4DBDE8F04F02B0704709B1A5F8F46136
:1028400005F0E6F90AAC4FF4FC724146204607F069
:10285000C7FE4FF400130122C4E900230223A4F8A9
:10286000F43140F2CB33009376E774090EEB561641
:102870007D2EE5D8002A40F0E48140F2FE340022AB
:10288000BC6013463EE0531E012A55F823004FF06A
:10289000000600F08380022A40F09E80899B296810
:1028A000002B00F0E181B3FA83F4A4F1200501FAD2
:1028B00005F5A3402B43C4F1200521FA05F52B4370
:1028C000A1400026002877D0B0FA80F0C0EB42107B
:1028D000CA0AC1F30A0100F2FE34B1F5806F42EA80
:1028E0004352BC604FEAD32368D9511C43F1000323
:1028F0000022B3F5001F08BF914269D100F2FF34F6
:10290000BC60134640F2FE718C42C7E900238DDDA6
:1029100040F2FF7300200021C7E90001BB6085E79A
:102920001F85EB51F5285C8F295C8FC29573C248D7
:10293000FFE0F505D0240208CAF101043F2C00F3A2
:10294000858220FA04F3C4F1200002FA00F0034368
:10295000A4F1200022FA00F00343DB1822FA04F469
:102960006441414613F1010844F100090AAC4FF4F7
:10297000FC72204607F034FE0223C4F80080CDF834
:102980002C90A4F8F431B9F1000F40F02C8301230E
:10299000A4F8F431A3F234430093DDE62968B1FAD8
:1029A00081F35C4221FA04F403F1200501FA03F3F8
:1029B0002343A940002887D1402087E702F0010582
:1029C00003D1002E91D1002D8FD123F4801399E7EC
:1029D0000A4623F4801395E7931EB0FA80FC55F85D
:1029E0002310D31E0CF1200E55F8233006FA0EF4F6
:1029F00003FA0CFACCF1000601FA0EF800FA0CFC0E
:102A000023FA06F6CEF1400948EA0A0844EA0C0423
:102A1000AEF1200ACEF1200C48EA060801FA0AFAC3
:102A200021FA09F621FA0CFC23FA09F103FA0EF354
:102A300053EA0803CEF1200320FA03F344EA030427
:102A400041EA0A0146EA040341EA0C0100FA0EF4E5
:102A500014BF01260026032A41EA04017FF632AFA3
:102A600002F18044033C05EB8404B44602E0AC422E
:102A700000F0F88154F8046D002EF8D0012621E70B
:102A8000C8F12009BEF1000F00F0FB800023AC4626
:102A90001C4623FA09F0DCF80030013403FA08F18F
:102AA000014374454CF8041BF3D333FA09F300F0E7
:102AB000DF80BEF17D0F3FF4C3AE0EF1010292B292
:102AC00045F82E30A5F8F4211F2E00F2D480531EB5
:102AD000002655F82300DEE69E4694E64B46B946AE
:102AE000B9F10C0FDDF804C046461F4636D9B4F8DC
:102AF000F411C048D3464FF0000EB24611B35E4603
:102B0000234604EB810800228B4601941968144681
:102B10000022E1FB004243F8044B4345F6D15946FD
:102B2000019CB34672B17D2906D1BEF1000F01D0E0
:102B3000A4F8F41105F06CF844F82120013189B2B1
:102B40004FF0010EA9F10D09B9F10C0FD6D8564678
:102B5000DA46BEF1000F01D0A4F8F411B9F1000F6C
:102B600040F0FA81BCF1000F00F3A480B5F8F481C5
:102B7000424640F0BF80B4F8F461B04500F289806D
:102B8000464500F2A58004EB880405EB880807E0C1
:102B900058F8042D54F8043D9A427AD8C0F01C81AC
:102BA000A845F5D106AB0FCB1AF10A0F87E80F0045
:102BB000C0F21E820B46C10A41EA4351144602F19B
:102BC0000B00DB0A01F00102891843F10003002227
:102BD000B3F5001F08BF9142B86040F0F8800C3494
:102BE000BC60134640F2FE708442C7E900237FF7C1
:102BF0001DAE8DE6804B53F83940BEF1000F40D03A
:102C000000212B4605EB8E08F44618680A46002181
:102C1000E0FB042143F8042B4345F6D1624600292A
:102C200040F0708116F01F0840F07D811F2E7FF666
:102C30002AAE0EEB561EBEF17D0F4FEA56143FF63C
:102C4000FFAD92002946A60005EB840007F030FC9A
:102C500032460021284607F0C3FCB5F8F42122448F
:102C6000A5F8F42192B2D9E5B1FA81F420341CE63A
:102C70001F2E7FF608AE740902EB56167D2EE0D9A2
:102C8000DEE51F2E7FF6CBADB6F57C6FFFF4F5AD1C
:102C9000D6E506AB0FCB1AF10A0F87E80F007FDBF2
:102CA0000B46C10A144641EA435102F10B00DB0A0C
:102CB000012289E7B4F8F4011CF01F0E064640F02B
:102CC0009D80BCF11F0F00F2CF80B5F8F48154E76E
:102CD00006AB0FCB1AF10A0F87E80F0036DBC00AEC
:102CE00040EA4150CB0A02F10B04BC60024623F4D7
:102CF000801377E7009BF31A13F01F0C40F0D68087
:102D00001F2B7FF638AF08EB53117D294FEA53197B
:102D10003FF610AFB4F8F461002A3FF431AF4FEA48
:102D2000880B5A4629464FEA890805EB890007F0C7
:102D3000BFFB42460021284607F052FCB5F8F4815B
:102D4000C844A5F8F4811FFA88F816E7CAF1010A09
:102D5000BAF13F0F00F3D0800B46CAF1200103FA0D
:102D600001F120FA0AF20A43AAF1200123FA01F143
:102D70000A4323FA0AF302F001014FF0FF30B0FAE0
:102D800080F040090140511843F10003A3F580127F
:102D90000A430CBF01220022C7E90013BA6045E5CF
:102DA000CAF1010ABAF13F0F00F3C0800B46CAF125
:102DB000200103FA01F120FA0AF20A43AAF12001E4
:102DC00023FA01F10A4323FA0AF30121DBE70A4659
:102DD00023F48013044605E706AB0FCB1AF10A0F64
:102DE00087E80F00B2DBC00A40EA4150CB0A02F18B
:102DF0000B047AE79573C248F8240208CEF1200844
:102E0000002800F0DD8021464FEA800B04EB8009AA
:102E10000023CDF800A023FA08FA0B6803FA0EF29B
:102E200042EA0A0241F8042B4945F4D133FA08F387
:102E3000DDF800A07ED07D283FF47CAE44F8203041
:102E4000013080B2A4F8F40106463AE70AAC4FF428
:102E5000FC724146204607F0C3FB0123C4F80480FE
:102E6000236094E566462DE500EB5C137D2B4FEA6D
:102E70005C193FF65FAEB5F8F48100283FF47DAEF3
:102E80004FEA800B5A4621464FEA890604EB890037
:102E900007F00EFB32460021204607F0A1FBB4F8F4
:102EA000F4614E44A4F8F461B6B266E6CCF1200EAB
:102EB000B8F1000F00F08E8028464FEA880B05EB32
:102EC0008809002222FA0EF6026802FA0CF1314358
:102ED00040F8041B4845F5D132FA0EF262D0B8F141
:102EE0007D0F3FF427AE45F8282008F1010292B289
:102EF000A5F8F421904603E700210A460B464FF05F
:102F0000FF303CE7BEF17D0F3FF49AAC45F82E1040
:102F10000EF1010E1FFA8EFE16F01F08A5F8F4E15F
:102F200072463FF4D1ADC8F12009AFE50022134647
:102F3000012128E7BCF11F0F7FF6C7AE00EB5C1044
:102F40007D284FEA5C193FF6F5ADB5F8F48199E7B5
:102F500016F10C0FFFF6CBAD364BB4F8F4E153F895
:102F60003900BEF1000F3FF4FDAD0021234604EB14
:102F70008E09A0461A680C460021E2FB004143F886
:102F8000044B9945F6D1444600293FF4EBADBEF120
:102F90007D0F3FF4CFAD48F82E100EF1010EA8F8CA
:102FA000F4E1DFE51F2B7FF6E6AD08EB5318B8F12F
:102FB0007D0F4FEA53193FF6BDADB4F8F461B0E6AA
:102FC000BCF11F0F0BD8B5F8F431002B7FF461AEC4
:102FD0009846D8E51F2B23D8B4F8F461D0E5BCF5AA
:102FE0007C6FF0D3A6E5A3F235430093FFF7B4BBA3
:102FF000CAF1010ABAF13F0F16DC0B46CAF12001F3
:1030000003FA01F120FA0AF20A43AAF1200123FA95
:1030100001F10A4323FA0AF302F001010020AEE6AF
:10302000B3F57C6FD8D385E500210A460B460846E8
:10303000A5E600BFF82402082DE9F04FA7B09142A1
:103040008046039300F0E3810B7804932D2B4FF01F
:1030500000034FF000044FF000050CBF012018469C
:10306000CDE92233CDE92433CDE91C45CDE91E4518
:1030700020938DF885308DF886308DF8840000F02F
:1030800061810D460020AC462C46864602950AE03A
:103090001B184EEB0505DB186D41F81845EBE77E74
:1030A000A24200F06181264614F8019BA9F1300785
:1030B0005FFA87FA4FEA8E05BAF1090F4FEA8003EB
:1030C00045EA9075A346E3D9029DCDF808E0A6EB4A
:1030D000050E4FEAEE73B24222957746CDF88CE0AA
:1030E0009A4608BF934600F04781B9F12E0F00F0D1
:1030F000E9810024B346059457EA0A0E00F03F81A7
:10310000309B13F0010E40F0978171460123142F7C
:103110008DF885307AF10003CDF880B080F284819B
:10312000059B029A1F9214F1160143F100022D290A
:1031300072F10002CDE91D301C9480F0A8819DF849
:103140008620002A00F0F782029B50EA030240F03A
:103150002C83C64B0693029B09934FF000499C4673
:103160001D4607939A463F23CDE90A9304F5AB73B6
:10317000074602460C900146064686464FF0000977
:103180000893D319BDF920200D9145EB0C0C1101CA
:10319000069D0F93DDE9093769580C9D1091E1FBFD
:1031A00007531946079B2B44069D0C9305EB02150C
:1031B000530007930F9A6B680E936546E3FB072550
:1031C000531845F1000CC3F308026FF4FF7557194B
:1031D0000993002F00F0A584DDE90C23B2F1FF3F35
:1031E00008BFB3F1FF3F00F03E87A1490B9B4FEAB8
:1031F000DC7204FB01F102EB21413F31CB1A02F1F9
:103200000905C2F11701A2F11706099A0B9103F201
:10321000FF370CFA01F1EA400A430A932CFA06F14F
:103220002CFA05F3002F42EA0102079340F3F986D6
:103230000D9B022B0C9B73F100011ED2059B211DDF
:1032400043F100031C2973F1000316D202F00301BD
:10325000012912D102FA06F30B992CFA05F6AE40B9
:1032600022FA01F11E430E43099902FA05F3B4450F
:1032700008BF994208BF22F00102079B013243F1C7
:1032800000055208B5F5800F42EAC5724FEA5501B4
:1032900080F0588721F4801140F2FE75AF4240F370
:1032A000AB865EEA0A0200F0FE81BDF92020069B93
:1032B00011015E5803EB0211530007934B680B9307
:1032C000029B002B00F0CA86B3FA83F2029BA2F1A4
:1032D000200500FA05F59246C2F1200103FA02F238
:1032E00020FA01F12A430A4300FA0AF1A6FB025729
:1032F000A6FB01E30B9E0892A6FB01C615EB0C058D
:1033000077414FF0000C4FF0000928BF4FF0010942
:103310001EEB0C0E6B41CDE909E30646029B0B9DAB
:1033200005934FF000003B4628BF4FF0010C0746C5
:10333000E5FB02371B1813EB0C0249EB0707C2F33E
:1033400008031BE34D1CAA4200F098804878A0F1C6
:103350003004092C7FF696AE2E283FF493AEC8E9D0
:1033600000132946012013E0029D2295571BCDF83A
:1033700008E04FEAE77A239757EA0A046CD1049BE6
:10338000C8F8001000202D2BC8F8040000F0A2841B
:10339000551A022D74DD4F788B780E7887F0610C0A
:1033A00083F06E0444EA0C0486F06E0C44EA0C04CC
:1033B00014F0DF0F00F0158383F0660387F06E07CB
:1033C0003B4386F06906334313F0DF0358D1072DE2
:1033D00040F3AD84274D8C1CCF1D14F8016F15F8F8
:1033E000012BBC4282EA060243EA0203F5D113F044
:1033F000DF0F40F09C840831C8F80010002200283C
:1034000000F041851C4B0399C1E9002302E016231B
:10341000C0E90013404627B0BDE8F08F2E2B40F0E6
:103420004E81624500F04B811CF8013B302BF5D1F9
:10343000013F6AF1000AF4E75A4507D09BF800E023
:103440000EF0DF0EBEF1450F00F0EE82309B9B07C1
:1034500095D500218E4659E6309B13F0010400F00B
:103460002B8300245E460594F0E700BF80FA010834
:103470006A5203002CF901080000F0FFC8F80010A0
:1034800016234046C8F8043027B0BDE8F08F029BF1
:1034900050EA030240F0B8809DF88620002A40F0F0
:1034A00026860022134604992D29039908BF43F06C
:1034B00000430A6040460022C8E900B24B6027B0D2
:1034C000BDE8F08F171B072FD8BFA34666DDCDE9F7
:1034D0000948CDE905E5CDE907C6DFF8B8A2DDF872
:1034E00008800B93A3464FF0640932E04FEA8C0545
:1034F000E41945EA97754CEB050524196D4114EB69
:103500000E0445EB1C25C4F30746C5F3074742F2FA
:10351000107303FB06770123A6FB036C974B04F0A3
:10352000FF0403FB04FC05F0FF0509FB05C5A4FB34
:10353000094C341947EB0505A0FB0A040AFB0844B3
:1035400028180BF1080B44F10008A2EB0B04072C20
:103550001ADDDBF80050DBF80460B5F1303746F1D6
:10356000CF3C15F1463546F146363D4346EA0C065A
:1035700005F0803506F080364FEA172E2E434FEACD
:1035800087044EEA0C6EB1D0DDE905E5DDE907C63A
:10359000CDF80880099C0B9BDDF828805A4524D083
:1035A000CDE905E5DDF80890DA460BE01EEB0000FA
:1035B00049EB070700187F41281847F100095245D9
:1035C000D3460ED09AF80050303DEDB24FEA89074D
:1035D000092DD3464FEA800E47EA90770AF1010A97
:1035E000E4D9DDE905E5CDF80890A4EB0B09BEEBC5
:1035F0000907249463EBE97AABEB04044FEAE9731F
:10360000259405934C4677E5059B14F5AB7F73F144
:10361000FF324DDB40F23512944273F10002C0F2EA
:10362000C4809DF88620002A42D0029BB3F1FF3F60
:1036300008BFB0F1FF3F3BD1514B069304F5AB728D
:1036400003EB021511014FF0FF37595853006A6818
:103650000793A1FB0715A2FB07278E1855EB07035D
:103660004FF0000C4FF0000E28BF4FF0010E11EB91
:103670000C01754128BF4FF0010C9A18029B05936D
:103680004FF0000347F10007D21812EB0C02CDE90E
:1036900009154FF0FF319A4606464EEB0707C2F375
:1036A000080308916AE140F2FF7291457FF4FDAD95
:1036B00022234046C8E900B327B0BDE8F08F142F9D
:1036C0007AF1000AFFF62CAD012300202D4F2E4C7D
:1036D0008DF886300246B54200F0FF824FEA820C38
:1036E00083004CEA907C1B1842EB0C0215F801CBCE
:1036F000DB18ACF1300C52411CEB030042EBEC72D6
:10370000874274EB0203E6D2761B74184EEBE67325
:1037100014F11601CDE91E02029243F100022D2997
:1037200072F10002CDE91C430593BFF46DAF9DF823
:103730008620002A39D1154A92ED007AF7EE007AF8
:1037400077EE276A77EEC77AF4EE676AF1EE10FA41
:1037500022D10021814202994FF400128A4124D3E0
:1037600008F064F9059B002BC0F2FC83084B03EBC7
:10377000C403D3E9002308F08FF9C2E140420F00EF
:1037800080FA0108FFFF63A7B3B6E00D84030020B1
:103790002827020800E1F505059B002B80F29C819B
:1037A000029B50EA03023FF47CAE029B002B40F0E8
:1037B000B581B0FA80F202F1200A04F5AB720892EA
:1037C00012B2C14B06931501AAF120015E590D9664
:1037D00003EB0215530007936B68029D099300FAEF
:1037E00001F105FA0AF9CAF1200220FA02F249EAC7
:1037F000010949EA020900FA0AF1A1FB033CA9FB0D
:103800000652ED1852EB0C02A6FB01674FF0000CBC
:103810004FF0000E28BF4FF0010E16EB0C036F4166
:103820000B934FF00005099B2E46E9FB032628BFAA
:103830004FF0010C521912EB0C03C3F308020A9368
:103840006FF4FF731A444EEB060E0B9D3E46002AA2
:1038500000F0D282B6F1FF3F08BFB5F1FF3F00F0A4
:10386000A8819A4A4FEADE7104FB02F201EB224280
:103870003F32A2EB0A0A0A9A01F10907C1F11703C4
:103880000EFA03FC1739FA400AF2FF3942EA0C0239
:10389000B9F1000F2EFA01FC42EA0C022EFA07FCE5
:1038A00040F36982022D76F100061CD2059D261D8B
:1038B00045F100051C2E75F1000514D202F0030538
:1038C000012D10D102FA01F10CFA07F522FA03F3E7
:1038D0000D431D430A9B02FA07F7AE4508BFBB42E2
:1038E00008BF22F0010201324CF100015208B1F58B
:1038F000800F42EAC1724FEA510580F01C8340F20A
:10390000FE76B1459DF8861000F3CF8225F4801A2B
:103910009646002900F00E84029B461C43F10001EC
:1039200056EA010540F0D1820D9B4FF0FF32A3FB18
:103930000216099BA3FB02C211EB0C0556EB020316
:103940004FF000004FF0000728BF0127091875410C
:1039500028BF0120CDE9091513EB0C034FF000013E
:1039600042F100065B181A188A464FF0FF3147EB08
:103970000607C2F3080308910E4605916FF4FF7025
:103980000344002B00F06A81504B03FB04F4241421
:10399000F843C00F04F27244241AA0F1200107FA80
:1039A00000F302FA01F1A4EB0A040B43A4F500446E
:1039B000C0F120013E3C22FA01F10B43002C02939E
:1039C00002FA00F0C0F22281059B334300F04181EE
:1039D000029B50EA030200F0AD8143EA0453024621
:1039E00061E5CB1CC8F80030002400286AD1384DAE
:1039F00003989A42C0E900453FF40CADCB78282BE0
:103A00007FF408AD04318A423FF404AD0B78392BC2
:103A100000F2C5822F2B00F2CD82292B7FF4FAAC65
:103A20000131C8F80010F5E40BF101094A453FF4F3
:103A30000DAD9BF801E0BEF12D0F00F02782BEF125
:103A40002B0F00F09882AEF1300EBEF1090F3FF659
:103A5000FDAC00230021CDE906358E4611E0B1F121
:103A6000805F7EF1000509DA8D006D184EEB0B0EBC
:103A70006D194EEB0E0E59194EF1000E4A454D468A
:103A80000CD099F80030303BDBB24FEA8E0B092B9B
:103A90004D464BEA917B09F10109E0D9AB46DDE9DE
:103AA000063513B149426EEB4E0E059B641843EB8D
:103AB0000E030593FFF72ABB21465E46A6460594F2
:103AC000FFF724BB034D93E780FA01086A52030015
:103AD0000000F87F0000F8FFC24A52F8341002EBF1
:103AE000C4068142726802998A414FEAC405FFF414
:103AF0005CAEBD4C2C4407F099FFD4E9002307F0DD
:103B0000CBFF049B2D2B02D101F100431946039BEF
:103B1000C3E900010023C8E900B37BE4B3FA83FAE8
:103B20004BE6079B591C069B03EBC10253F831106F
:103B300053680A9A0F93A1FB02231392A1FB06126A
:103B4000CDE911210F99139AA1FB066192195941F0
:103B5000119B0A9E3D4628BF01253D4302EB03050C
:103B600013954FF000020F9D1346E5FB0613129DBF
:103B70000CBF174601278E185119A9421199139DA0
:103B80008D412CBF11460121711847EB03050D9B98
:103B900059180C9B6B4128BF0122CDE90C31002A3A
:103BA0003FF41AAB099B5A1C09924CF1000CFFF729
:103BB0001CBB059B8D4A14F11B0643F10005532ED7
:103BC00004FB02F275F100054FEA22424FEADE7172
:103BD000C0F0B78081F00101029B059306460A9868
:103BE000A1F1200300FA03F302F272440EFA01F28B
:103BF0001A43641AC1F1200320FA03F3A4EB0A0468
:103C0000A4F5004413433E3C88400293029B159365
:103C1000169416AB149093E803008DE8030014ABE0
:103C20000CCB1CA918A8FEF7CDFC059BDDF868900D
:103C30003343DDE918EA03D05EEA0A0300F0BE82EE
:103C400040F2FF7399453FF433AD4AEA0953724697
:103C500029E4029B024643EA045324E40798069DA4
:103C60000293013005EBC00355F83000D3F804C0CF
:103C7000089BA0FB0393A0FB01E0ACFB011519EB33
:103C800001016B4101444FF0000928BF0125069155
:103C9000089928BF02954D46ECFB013513EB09034B
:103CA000069919EB0E0CF44581412CBF49460121C0
:103CB0005B1802990A9841EB05090999591849EBD3
:103CC0000000994270EB0900BFF45EAE013247F18B
:103CD000000759E64D1CFFF744BBDDE92446DFF839
:103CE00014C1434F0292264425469146AE4215D058
:103CF0004FEA890283001B1842EA907249EB0202E4
:103D000015F8019BDB18A9F13009524119EB0300AA
:103D100042EBE979844577EB0903E7D2651B6C1820
:103D20004EEBE573CDF808900593FFF7F9B9033131
:103D3000FFF762BB002C3FF4BBAC23050022FFF76A
:103D4000B2BB3F320A44A2EB0A0A0A9A01F1090502
:103D5000EA402EFA05FCC1F117050EFA05F51739F0
:103D60000AF2FF392A432EFA01F1B9F1000F42EAB3
:103D700001023FF7B8ADC9F101053F2D9DF886104E
:103D800000F3FD80C5F12006EA400CFA06F6324346
:103D9000A5F120062CFA06F6324301322CFA05F57D
:103DA00045F100054FEA520EB5F5001F4EEAC57EFB
:103DB0004FEA550A34BF00220122002900F0458154
:103DC000029B461C43F1000156EA010518BF9146CB
:103DD0007BD15EEA0A037FF4A7ADBAF5801FBFF47A
:103DE000A3AD65E438260208282702086A520300BA
:103DF000B3B6E00DFFFF63A7079B5E1C069B03EBBA
:103E0000C60553F836C06B680C93A9FB0C35CDE999
:103E10001035A1FB0C35CDE90E530C9BA1FB031C07
:103E2000109B5D18119B53EB0C0C164628BF012606
:103E300016434FF000020C9E0E9B61469446E9FB30
:103E4000061C0CBF1646012611EB02090F991D44F2
:103E500053188B420E9B9D412CBF154601250B9B91
:103E600019EB050146EB0C065D1857EB060128BF60
:103E700001220E46002A3FF4EDAC0A9B5A1C0A921E
:103E80004EF1000EEDE4D04BFFF7BDBA0BF1020985
:103E900001234A453FF4DAAA99F800E0AEF1300E6A
:103EA000BEF1090F3FF6D2AAD4E500293FF400ACD9
:103EB000029B461C43F1000156EA01023FF434AD77
:103EC0004FF0000EF24640F2FF79002900F08281A7
:103ED000B1FA81F2134691400B92203A06FA02F2AF
:103EE0001143C3F1200226FA02F29E40099B0A43C5
:103EF000A3FB063109910D990A92A1FB025C5D19A1
:103F0000A1FB06120C93099B07925CEB0302079B33
:103F10004FF000074FF0000228BF012705EB030C0C
:103F20003D4657188F427CEB030734BF01271746E5
:103F30009446FFF726B90AF5806940F2FE72914572
:103F40009DF88610B1DC002900F0F180029B461C30
:103F500043F1000156EA01023FF4E6AC4FF0000ED7
:103F6000F246B2E7994B624203EBC203D3E9002366
:103F700007F0BCFEC5E50BF10209002389E7002923
:103F80003FF496AB029B461C43F1000156EA010246
:103F90003FF48EAB4FF0000EF246F14695E75F2BF3
:103FA000A3F14104A3F1610004D000F2BC80192CFC
:103FB0003FF630AA01318A427FF428ADFFF72ABAD2
:103FC000079BC1F12005CA4003FA05F52A43A1F178
:103FD000200523FA05F52A43013223FA01F141F1C4
:103FE0000005B5F5001F4FEA520242EAC5724FEADA
:103FF000550134BF00270127514508BF72457FF4A2
:1040000054A94F457FF451A9029B18433FF41DAEBC
:104010005EEA0A037FF419AEB9F1000F3FF448AB32
:1040200013E6C7F101013F29CADD5EEA0A027FF407
:104030003CA9B9F1000F7FF438A9029B50EA0302B2
:104040007FF436AB86469A46FFE55EEA0A033FF404
:104050002FAB4AEA02537246FFF725BAB0FA80F254
:104060002032FFF733B9059B14F11B0243F1000125
:10407000532A71F100016CD3029B002B00F0958054
:10408000B3FA83F2029B0E9EA2F1200500FA05F519
:104090009246C2F1200103FA02F220FA01F1109BCC
:1040A0002A430A4300FA0AF1A6FB01C6A3FB025702
:1040B00015EB0C057741A3FB01E34FF0000C4FF02B
:1040C000000928BF4FF001091EEB0C0E6B41CDE932
:1040D00009E30646029B05934FF000003B460E9D08
:1040E000089228BF4FF0010C0746FFF721B9059B46
:1040F00014F5AB7F73F1FF32FFF6D3A940F235120E
:10410000944273F10002FFF624A8314A02FB04F442
:104110002414A4F5F8440D3C002CBFF69AAD029B84
:104120000593064672E519283FF674A942E78E46C4
:104130008A468AE552EA0A033FF487AD4AEA095300
:10414000FFF7B1B90A9B002203F580671146FFF71C
:10415000A3B84FEADC71099A0B9B01F10905C1F183
:104160001706EA402CFA05F70CFA06F6184D17392F
:1041700032432CFA01F10A4304FB05F501324FEA00
:10418000254547F100063F3505EBDC755208B6F5CD
:10419000800FA5EB030542EAC6724FEA560108D22A
:1041A00005F2FF3721F4801126E7B0FA80F22032C1
:1041B00068E7002205F5806711461DE7B9F1000F99
:1041C0003FF476AA3CE500BF0000F07F28270208F4
:1041D0006A520300B6FA86F220327BE682B02DE9FD
:1041E000F04F8A46ADF21C4D07468868DDF84894CA
:1041F000DAF800600DF5886181E80C0042F2107376
:10420000DAF80C10984271F1000310D3DFF85CB3B8
:104210004FF00008054642F2107200230C4608F0E9
:10422000A3F8AB4578EB040406F10406F2D3642846
:1042300071F1000326D3030D43EA0133C3F31302E4
:10424000C0F313031344C1F313221344C34A03EB13
:104250001173A2FB0342D20802EB820202EB82023C
:104260009B1ABF4AC31ABF4861F1000103FB02F267
:1042700000FB0122A3FB003002449B08023643EA04
:10428000827091080A280AAD71F100014FF4FC72A6
:104290004FF0000103AC284628BF0136039106F019
:1042A0009FF92346514672222846FDF777FE039B6D
:1042B000C3F101039E191AD4862EB0466ED9DFF8D9
:1042C000B0A2534688ACB2464FF00A091E4604E03D
:1042D000A8F18708B8F1860F5FD9C4E900692846BC
:1042E00094E80600FDF754FD0028F1D1A1E009F59E
:1042F0000048CDF848840DF588630FCB06AC18F163
:10430000270F84E80F00C0F2F18009F5004328333D
:10431000FE2B00F39080C1F3162141EAC35313F042
:10432000FF4FC3F3160240F0A781921812F1010962
:104330006FF09503019388AC4FF4FC720021204686
:1043400006F04EF9019AC4F80090012316F1860F89
:10435000A4F8F431A2EB0601C6F1000980F2A583AE
:10436000DFF80CA2009623464E465446B9460DF19E
:10437000100B0F469A4603E0873E862E40F2878157
:104380000A23CBF80040CBF804309BE806005046E7
:10439000FDF7FEFC0028EFD1A7E15646B8F10C0F5F
:1043A000B5F8F43140F271816F48B6460021994664
:1043B0001E46A6B12A4605EB860C00241368A246C9
:1043C0000024E3FB00A442F804AB6245F6D134B10B
:1043D0007D2E2BD0721C45F82640012196B2A8F103
:1043E0000D08B8F10C0FE4D832464B467646964697
:1043F000002900F04A81A5F8F4217246B8F1000FB7
:1044000040F0CE8116F01F0840F00A811F2E17D809
:104410001ABB00200021C7E900017E23BB6038469B
:104420000DF21C4DBDE8F04F02B0704709B1A5F880
:10443000F46103F0EDFB6823DFF8389101937AE72C
:1044400074090EEB56167D2EF3D8002A40F0CF816A
:104450007E220023BA6018463DE0531E012A55F81B
:1044600023104FF0000652D0022A40F085800B9BAB
:104470002C68002B00F0CE81B3FA83F0A0F1200568
:1044800004FA05F583402B43C0F1200524FA05F515
:104490002B4384400026002947D0B1FA81F1002542
:1044A00003F0FF0EC1EB42114FF0800CA54201F169
:1044B0007E027CEB0E00BA604FEA132337D25C1CFD
:1044C00003F17F4301330020002B44D101F17F022F
:1044D0000023BA601846FE2AC7E900309FDDFF239B
:1044E00000200021C7E90001BB6098E7C8F1010284
:1044F0003F2A00F3638220FA02F3C2F1200001FA9E
:1045000000F0203A034321FA02F2134307E72C6834
:10451000B4FA84F3584224FA00F003F1200504FAB7
:1045200003F30343AC400029B7D14021B7E7E64588
:1045300008BFAC4203F0010007D1002EBFD1002814
:10454000BDD123F400033046C5E723F4000300285F
:10455000C1D02846BFE724F40003BCE71F85EB5118
:10456000F5285C8F295C8FC29573C248FFE0F50582
:10457000D024020801000001931EB1FA81FC55F815
:104580002340D31E0CF1200E55F8233006FA0EF00E
:1045900003FA0CFACCF1000604FA0EF823FA06F638
:1045A00048EA0A08CEF1400948EA060801FA0CFC7C
:1045B000AEF1200ACEF1200624FA06F640EA0C00FD
:1045C00004FA0AFA24FA09FC23FA09F444EA0A0470
:1045D000344303FA0EF6CEF1200321FA03F356EA30
:1045E000080640EA03004CEA000318BF012601FA5E
:1045F0000EF008BF0026032A44EA00047FF64BAF02
:1046000002F18040033805EB8000B44602E0A84286
:1046100000F0D78150F8046D002EF8D001263AE75B
:10462000C8F12009BEF1000F00F001810023AC4663
:104630001C4623FA09F0DCF80030013403FA08F1D3
:10464000014374454CF8041BF3D333FA09F300F02B
:10465000E580BEF17D0F3FF4ECAE0EF1010292B2A7
:1046600045F82E30A5F8F4211F2E00F2DA80531EF3
:10467000002655F82310F7E6DB0D42F40002973BC5
:104680009218019312F1010955E69E46B5E63946A6
:104690004F46B146B9F10C0F009E54463BD9B4F8D1
:1046A000F4E1C9487346C346B6464FF0000A88464F
:1046B0001E4616B3CDF800B0234604EB860C00224C
:1046C000A3461C6811460022E4FB001243F8041BB9
:1046D0009C45F6D15C46DDF800B072B17D2E06D166
:1046E000BAF1000F01D0A4F8F46103F091FA44F894
:1046F00026200136B6B24FF0010AA9F10D09B9F131
:104700000C0FD6D8334641467646D846BAF1000F4C
:1047100001D0A4F8F431B9F1000F40F0F281002982
:1047200000F39A80B5F8F4A1534640F0D380B4F872
:10473000F491CA4500F28380CA45C0F09A8004EB28
:104740008A0405EB8A0A07E05AF8042D54F8043D60
:104750009A4274D8C0F08D80AA45F5D106AB0FCB34
:1047600018F1270F87E80F00C0F2F4810B0AC1F39C
:10477000002402F1280000211B1941F1000103F17E
:104780007F440C43B86040F0EF8002F12900002321
:10479000B8601946FE28C7E900317FF740AE9EE6B3
:1047A0008A4B53F83840BEF1000F40D000212B4611
:1047B00005EB8E08F44618680A460021E0FB042148
:1047C00043F8042B4345F6D16246002940F0488166
:1047D00016F01F0840F055811F2E7FF63EAE0EEBFF
:1047E000561EBEF17D0F4FEA56143FF622AE9200E0
:1047F0002946A60005EB840005F05AFE324600214A
:10480000284605F0EDFEB5F8F4212244A5F8F42180
:1048100092B2FDE5B4FA84F020302FE61F2E7FF629
:104820001CAE740902EB56167D2EE0D901E61F2E50
:104830007FF6EFADB6F57C6FFFF40AAEF9E506AB97
:104840000FCB18F1270F87E80F0076DB0B0A02F178
:104850002800012400218FE7B4F8F46111F01F0C47
:10486000B14640F084801F2900F2B280B5F8F4A16F
:104870005FE706AB0FCB18F1270F87E80F0054DA7C
:10488000C8F10108B8F13F0F00F335810B46C8F1BC
:10489000200103FA01F120FA08F20A43A8F12001ED
:1048A00023FA01F10A4323FA08F302F001014FF061
:1048B000FF30B0FA80F0400901405118A1F5000224
:1048C00043F100031A430CBF01220022C7E9001381
:1048D000BA60A4E5019AB61A16F01F0C40F0998050
:1048E0001F2E7FF624AF0AEB56127D2A4FEA56168A
:1048F0003FF6FBAEB4F8F491002B3FF41DAF4FEA46
:104900008A0229464FEA860A05EB860005F0D0FDAB
:1049100052460021284605F063FEB5F8F4A1B244E2
:10492000A5F8F4A11FFA8AFA03E70B0A02F128009E
:10493000B86023F4000300212CE7C8F10108B8F1A6
:104940003F0F00F3A1800B46C8F1200103FA01F1EB
:1049500020FA08F20A43A8F1200123FA01F10A43E0
:1049600023FA08F30121A8E723F4000312E7CCF1AE
:10497000200E002E00F0DC802046B20004EB860AF8
:104980000023CDF8008023FA0EFB036803FA0CF82D
:1049900048EA0B0840F8048B5045F4D133FA0EF383
:1049A000DDF8008074D07D2E3FF49FAE44F82630B1
:1049B0000136B6B2A4F8F461B14654E74FF00109EC
:1049C000B6E4664667E500BF9573C248F82402085E
:1049D00006EB51137D2B4FEA511B3FF686AEB5F81F
:1049E000F4A1002E3FF4A5AEB200214604EB8B00EB
:1049F0004FEA8B0605F05CFD32460021204605F0AB
:104A0000EFFDB4F8F491D944A4F8F4911FFA89F9B0
:104A10008FE6CCF1200EBAF1000F00F0928029460B
:104A20004FEA8A0205EB8A09002323FA0EFB0B6882
:104A300003FA0CF040EA0B0041F8040B4945F4D1AD
:104A400033FA0EF366D0BAF17D0F3FF44EAE45F85F
:104A50002A300AF101039BB2A5F8F4319A463FE7E8
:104A6000BEF17D0F3FF4E5AC45F82E100EF1010EBE
:104A70001FFA8EFE16F01F08A5F8F4E172463FF407
:104A8000F3ADC8F12009D1E500221346012114E756
:104A90001F297FF6EBAE06EB51167D2E4FEA511B18
:104AA0003FF623AEB5F8F4A19FE716F10C0FFFF621
:104AB000F6AD394A52F83920994604EB89094FF08E
:104AC000000C20469E460368E2464FF0000CE3FBD4
:104AD00002AC40F804AB4845F5D17346BCF1000F79
:104AE0003FF41DAE7D2B3FF400AE013344F82EC0E1
:104AF000A4F8F43113E600214FF0FF300A460B46CC
:104B0000D7E6254B53F83920B4F8F4319946002BF9
:104B1000D3D104E61F2E7FF60AAE0AEB561ABAF17D
:104B20007D0F4FEA56163FF6E0ADB4F8F491E8E693
:104B30001F290BD8B5F8F431002B7FF480AE9A46CC
:104B4000FDE51F2E1ED8B4F8F491F5E5B1F57C6FA4
:104B5000F0D3CAE5C8F10108B8F13F0F16DC0B46E7
:104B6000C8F1200103FA01F120FA08F20A43A8F182
:104B7000200123FA01F10A4323FA08F302F00101AC
:104B8000002096E6B6F57C6FDDD3AEE50021084641
:104B90000A460B468DE600BFF82402082DE9F04FC7
:104BA00083B09A468A424FF000030C9C009001604B
:104BB000436003D00B782D2B00F01C814FF0010BCC
:104BC00004F1FF3C1CEA040C04F03F0E60D19EFA95
:104BD000AEFE082CA2EB0102BEFA8EFE00F3CD80E1
:104BE000002AC8BF0B4605DC89E00CF1010C944596
:104BF00000F01B811D4613F8019BB9F1300FF4D072
:104C0000944580F21481022C00F01881A9F130093A
:104C10005FFA89F94C4540F30A810CF1010797428C
:104C20004B4680F21E8101EB070805E001379742F1
:104C300045EA000380F20681464618F8010B303839
:104C4000C0B2844203FA0EF5F0DCA7EB0C07022C8D
:104C50000EFB07F70AD0B9F1000F05D0B9FA89F9B0
:104C6000C9F12009AEEB090EA7EB0E07202FCCBF30
:104C700000270127B14242D0009A1660002F40F071
:104C8000C280009A22235360009803B0BDE8F08FE1
:104C9000BEFA8EFE0A2CCEF1200E37DC8A422ED0D0
:104CA0000F4600234FF0200C05E003FB0403BA423B
:104CB0003D4600F0A3803D46013728783038C0B229
:104CC000844240F39B80BCEB0E0CEED50026B44230
:104CD000C0F2DE80A4FB0338B8F1000F02D10EB998
:104CE000C318E4D3013595422B4605F101053CD0AC
:104CF00018783038C0B28442F5DC8B4237D1009A44
:104D000000981623536003B0BDE8F08F8A42F6D0B6
:104D1000DFF884910E4600234FF0200C04E003FBE3
:104D20000403B242354669D035460136287819F871
:104D30000000844262DDBCEB0E0CF0D50027BC42C3
:104D4000C0F2A280A4FB0338B8F1000F02D10FB962
:104D5000C318E6D30135AA422B4605F1010504D05C
:104D6000187819F800008442F5DC8B42C7D0009A0D
:104D70001360009A2223536086E7002AC8BF0B46BF
:104D800004DCBCE70CF1010C94454ED01D4613F831
:104D9000016B302EF6D0944549DADFF8FC9019F813
:104DA0000600844243DD0CF10105954254DA4F19A7
:104DB0000346CDF804B004E0013595424BEA080300
:104DC00042D03E4617F8018B19F80880444503FA93
:104DD0000EFBF1DCA5EB0C07DDF804B00EFB07F7CA
:104DE00000283FF441AFB0FA80F2C2F12002AEEBEE
:104DF000020E39E701314FF0FF3BE1E68D423FF40F
:104E00007EAF009A15608BFB0321B1EBE27F14BFEC
:104E100001210021002B2ADB00297FF432AF00980A
:104E2000CAF8002003B0BDE8F08F01EB0C058D42FD
:104E30003FF465AF009B1D600023E4E70023674655
:104E40009946F0E6CE1900E7A5EB0C0CDDF804B0AE
:104E50004E190EFB0CF7C3E74E1990B10346774687
:104E6000C1E7CE19B9F1000F0BD07746F6E6BBF1DA
:104E7000000FD4D0BBF1FF3F7FF403AF9342CED0FD
:104E8000FFE6009B1E60D7E7DF1B18BF012759E72D
:104E90009E1B18BF01261DE754F601082DE9F04FAF
:104EA000A7B080460493309B0291042B76D0029BDE
:104EB00093427ED0029B1B7805932D2B4FF000036D
:104EC0004FF000044FF00005CDE9233320938DF817
:104ED00085308DF88630259308BF0123CDE91C4528
:104EE000CDE91E458DF8843000F0CA81029D002076
:104EF000AC462C4686460AE018184EEB0101001815
:104F00004941381841EBE77EA24200F0A5812646D0
:104F100014F8019BA9F130075FFA87FA4FEA8E0176
:104F2000BAF1090F4FEA800341EA9071A346E3D931
:104F3000CDF80CE0A6EB050E4FEAEE73B2422295D7
:104F40007746CDF88CE09A4608BF934600F08B81F7
:104F5000B9F12E0F00F0BD800024B346A14657EAF8
:104F60000A0E12D0309B13F0010E00F0A5815A45B5
:104F700007D09BF800E00EF0DF0EBEF1450F00F009
:104F80002E85309B990700F105844046049B0299C9
:104F9000FCF77CFE404627B0BDE8F08F914208D078
:104FA000029B1B782D2B0CD1029B581C824240F097
:104FB0006185029A1623C8E90023404627B0BDE860
:104FC000F08F692B029801F05F8000F26881002168
:104FD0000391492B00F05A854E2B00F057858242F1
:104FE000E7D04FF0000E04E0824204464FF0010E7D
:104FF0005BD00346044610F8011B3029F4D09A42D6
:1050000001F08C810027DFF8A8B2B9463D464FF089
:10501000170C3E46384616E01BF801100F2918DC25
:10502000002840F0F08005B10436BCF1000FC0F25A
:10503000068101FA0CF10D439A42ACF1040C4FF0D9
:10504000010E1C4640D01C4613F8011B2E29E3D14B
:10505000A8B3BEF1000FACD00023A242189340F0D9
:105060007283002E40F04A86002D00F0B2874FF088
:105070007F0EEB0D00F03D87B3FA83F35A1ED3F198
:105080001F0340F04586BEF1000F40F3BB85B9F128
:10509000000F00F09885002F00F057860135E801D9
:1050A00000F18386002D40F08E85039B4FEAC37983
:1050B000049A0023C2F80090C8E900437DE79A42B1
:1050C0004FF001001C46BED1BEF1000F3FF471AF9E
:1050D000C7E7171B072F40F39E87CDE908E5CDE909
:1050E00006C4DFF8D0A1DDF80CE00A96A3464FF025
:1050F000640931E0BC00891944EA967447EB040462
:105100004918644111EB0C0144EB1724C1F3074526
:10511000C4F3074642F2107707FB05660127A5FB9B
:105120000757624F01F0FF0107FB01F704F0FF048E
:1051300009FB0474A1FB0917691846EB0404A0FBE2
:105140000A010AFB0E1120180BF1080B41F1000EA9
:10515000A2EB0B01072919DDDBF80040DBF8045056
:10516000B4F1303645F1CF3714F1463445F14635C8
:1051700034433D4304F0803405F080354FEA162C6B
:1051800025434FEA86014CEA076CB3D0DDE906C43B
:10519000DDE90956CDF80CE0DDF820E05A4524D0D1
:1051A000DDF80C90CDF818C0DA4611E04FEA890717
:1051B0004FEA800C47EA90771CEB000049EB0707A9
:1051C00000187F41081847F100095245D34608D01E
:1051D000D3460AF1010A9BF800103039C9B20929F7
:1051E000E4D9DDF818C0CDF80C90A4EB0B09BEEBA8
:1051F00009072494ABEB0404259463EBE97A4C464D
:105200004FEAE979ABE6002D7FF40FAFB646043ED6
:1052100000297FF40AAF9A421C4600F08F82197869
:105220002E2903F1010300F089821BF801100F29D8
:10523000ECDD8646BEF1000F3FF4BBAE0CE71CF17F
:10524000040F04DB45EA510501F00109F4E60029E9
:1052500018BF47F00107EFE6571BCDF80CE0229589
:105260004FEAE77A239757EA0A043FF48EAE309B61
:1052700013F0010400F0AE8300245E46A14680E6F0
:10528000029B5D1CAA423FF480AE5B78A3F1300024
:1052900009287FF62CAE2E2B7FF477AE27E66E2BF7
:1052A0004FF0000303937FF49AAEEFE340420F0008
:1052B00054F6010800E1F50571460123142F8DF81D
:1052C00085307AF10003CDF880B080F2208114F1AE
:1052D0000A0149F100021529039B1E9072F1000298
:1052E000CDE91C491F9380F01A819DF88620002A81
:1052F00000F0F28150EA030240F07B82944B02936B
:105300004FF00043039E06933F230A9304F5AB73CB
:105310000D90B2460B900C960790B4460990354616
:105320000E9007464FF0000E0893BDF920300F9302
:1053300002991B01C9581291DDE90623E1FB023CE9
:105340005A190F9B029D109259000791099900224A
:10535000511805EB03150B9A0F910D996B6811937A
:1053600052180C991D46069B41EB0A01E5FB0321EF
:1053700012EB0C0341F1000A0AF03F023F2A08BF7A
:10538000B3F1FF3F099300F09986DDE90F32B2F1E6
:10539000FF3F08BFB3F1FF3F00F0D8866D490A9B7D
:1053A0004FEADA7204FB01F102EB214102F1260C13
:1053B000951D3F31099A0B95CB1ACCF120010A912A
:1053C00022FA0CF20AFA01F10A432AFA05F103F172
:1053D0007F050693002D2AFA0CF342EA0102079397
:1053E00040F355860F9B022B109B73F1000124D2D2
:1053F00014F1110149F100031C2973F100031CD2BF
:1054000002F00301012918D10B9B0A9902FA03F358
:105410000B932AFA0CF303FA0CF90B9B22FA01F115
:1054200049EA0309099B02FA0CFC49EA0109CA4549
:1054300008BF634508BF22F00102079B013243F118
:105440000001520842EAC172B2F1807F4FEA510175
:1054500071F1000380F0E18622F40002FE2D40F39A
:10546000FE8557EA060200F0F080BDF92020029B7D
:1054700011015E5803EB0211530007934B680A9326
:10548000039B002B00F01586B3FA83F2039BA2F175
:10549000200500FA05F59446C2F1200103FA02F254
:1054A00020FA01F12A430A4300FA0CF1A6FB025745
:1054B000A6FB01E30A9E0692A6FB01A615EB0A05D0
:1054C0007E414FF000074FF0000928BF4FF001095F
:1054D0001EEB070E6B41CDE908E30546DDF80CA095
:1054E0000A9B4FF00000B64628BF01270646E3FBA3
:1054F00002E673461B18DA1949EB060606F03F036D
:1055000074E02E2B40F0AC80624500F0A9801CF8BE
:10551000013B302BF5D1013F6AF1000AF4E7039B10
:1055200050EA030218D19DF88620002A40F07B86BD
:105530000022059B04992D2B08BF42F00042002356
:1055400040460A60C8E900B327B0BDE8F08F00BF4D
:1055500080FA01086A52030014F1410F79F1FF3219
:1055600077DB272C79F10002C0F243819DF8862079
:10557000002A6ED0039BB3F1FF3F08BFB0F1FF3F9D
:1055800067D1914B029304F5AB7203EB0215110145
:105590004FF0FF365958DDF80CA053006A680793A6
:1055A000A1FB0615A2FB062611EB020C55EB060328
:1055B0004FF000074FF0000E28BF4FF0010EC91941
:1055C00055EB0C0528BF01279A184FF0000346F150
:1055D0000006D218D219CDE908154EEB06064FF099
:1055E000FF319C46054606F03F0306913F2B08BF5E
:1055F000B2F1FF3F00F01683744BF043C00F03FB82
:1056000004F4C0EB2444A0F1200106FA00F302FAEE
:1056100001F1A4EB0C040B43A4F5FE44C0F12001FE
:10562000693C22FA01F10B43002C039302FA00F0CB
:10563000C0F2988255EA0A0500F0CD82039B03432D
:1056400040F0C9822CB1E20573E7BEF1FF0F7FF491
:105650000CAF22234046C8E900B327B0BDE8F08F65
:10566000142F7AF1000AFFF632AE01230020584FC2
:10567000584C8DF886300246B54200F011834FEA4F
:10568000820C83004CEA907C1B1842EB0C0215F84C
:1056900001CBDB18ACF1300C52411CEB030042EBA8
:1056A000EC72874274EB0203E6D2761B74184EEB61
:1056B000E67914F10A01CDE91E02039249F10002D4
:1056C000152972F10002CDE91C49BFF445AF9DF8E0
:1056D0008620002A40F08D803F4A92ED007AF7EE56
:1056E000007A77EE276A77EEC77AF4EE676AF1EE12
:1056F00010FA52D0B9F1000F76DB384A52F8341064
:1057000002EBC40581426A6803998A4171D306F0AD
:1057100095FD334B03EB840307EE900A93ED007A7B
:1057200067EE877A059B049A2D2B08BFF1EE677A06
:105730000023C2ED007AC8E900B33EE40023A24290
:10574000189300F0E085237803F0DF03502B7FF4FB
:1057500088AC04F1010A524504D063782B2B08BFB2
:1057600004F1020A0A230093514618AB1CA8FFF764
:1057700015FA1C9B9A4500F01682002D00F0C2829B
:105780001D9A222A00F043841C46189B03F17F0EC9
:10579000B6446EE400218E468FE5124A039B904288
:1057A00073F1000225D207EE900AB9F1000FB8EEAE
:1057B000E77AC0F204840A4B03EB8403D3ED007A4A
:1057C00067EE277AAEE700BF80FA01086A5203004D
:1057D000FFFF63A7B3B6E00D84030020D8250208BD
:1057E000F826020801000001039B50EA03023FF47F
:1057F0009FAE039B002B00F07C82B3FA83FA04F582
:10580000AB72089212B2BC4B02931101AAF12005AF
:105810005E580D9603EB021153000793039B4F68EC
:10582000099700FA05F503FA0AF1CAF1200220FAF5
:1058300002F2294300FA0AF5114306953346A5FB07
:10584000075EA1FB0662069F761952EB0E02A3FBD0
:1058500007734FF0000E4FF0000C28BF4FF0010C03
:1058600017EB0E0573410B934FF00006099B0A9549
:105870003746E1FB032728BF4FF0010E921912EBC8
:105880000E034CEB070C1D460CF03F023F2A08BFED
:10589000B5F1FF3F0C93DDE90A7300F0E682B3F146
:1058A000FF3F08BFB7F1FF3F00F03081934A4FEA56
:1058B000DC7104FB02F201EB22423F3201F12605CA
:1058C000A2EB0A0A0C9AC5F1200606310CFA06FE74
:1058D000EA4042EA0E022CFA01FE42EA0E020AF106
:1058E0007F0E0A91BEF1000F2CFA05F1069140F3EC
:1058F0008082022F73F100031FD214F1110349F1CA
:1059000000071C2B77F1000717D202F00307012FC5
:1059100013D10A9B02FA03F72CFA05F303FA05F1F7
:1059200022FA06F60C9B394302FA05F531438C4501
:1059300008BFAB4208BF22F00102069B013243F1CF
:105940000001520842EAC172B2F1807F4FEA510170
:1059500071F1000580F02E8322F400070E46BEF19F
:10596000FE0F9DF8862040F3E082002A3FF471AEDE
:10597000039B451C43F1000155EA010240F0C98434
:105980000D9B4FF0FF32A3FB0217099BA3FB02C242
:1059900011EB0C0557EB02034FF000004FF000062F
:1059A00028BF012609187D41CDE9081528BF01202F
:1059B000002113EB0C0342F100075B181A1846EBA9
:1059C00007068C464FF0FF3106F03F0306910D4667
:1059D0008A460BE621465E46A646A1466DE40BF1DB
:1059E00001018A423FF4CDAA9BF801E0BEF12D0FE0
:1059F00000F08C82BEF12B0F00F0F682AEF1300E7B
:105A0000BEF1090F3FF6BDAA00238B460021CDF859
:105A100008C0CDE906358E46DC4611E0B1F1805F65
:105A20007EF1000509DA8D006D184EEB0B0E6D1935
:105A30004EEB0E0E59194EF1000E624565460CD024
:105A40009CF80030303BDBB24FEA8E0B092B6546E9
:105A50004BEA917B0CF1010CE0D9AB46DDE9063550
:105A6000DDF808C013B149426EEB4E0E64184EEBE0
:105A7000090922E45B78692B00F03A8440F2CE8277
:105A80006E2B4FF0010303937FF4ABAA131A022B82
:105A90007FF7A5AA451E1A4EDFF86CE0871C2B463F
:105AA00013F8014F16F8011BA14204D01EF8044060
:105AB0008C4240F09683BB42F2D1C11C521A042A98
:105AC0000FDD104C104EC51D13F8017F14F8012B8B
:105AD000BA4202D0F75D974203D1AB42F4D100F154
:105AE0000801039B0498DB0743F0FF430022C8E949
:105AF00000120360FFF761BA80FA01086A520300DE
:105B000034F901082CF901083023020814F11B06AE
:105B1000A74A49F10005532E04FB02F275F1000576
:105B20004FEA22424FEADC71C0F0488181F0010166
:105B3000D532521AA2EB0A02A2F500440C9ADDF803
:105B40000CA0A1F1200302FA03F30CFA01F61E43A4
:105B5000C1F1200322FA03F3334305463E3C02FA27
:105B600001F00393039B1593169416AB149093E8DE
:105B700003008DE8030014AB0CCB1CA918A8FEF79A
:105B80002DFB55EA0A05DDE91876DDF868E003D05B
:105B900057EA060300F0C883BEF1FF0F3FF459AD8A
:105BA00047EACE52C5E4189B03F17F0E06B1B64416
:105BB000002D7FF45EAABEF1000F22DDB9F1000FC7
:105BC0002CD01FB10125BEF1FE0F11DD2223C8E943
:105BD0000043FFF7F2B940EAC452AAE40135B5F533
:105BE000000F03D015F0807E02D06D084FF0010E3B
:105BF000039BC5F316094EEA032349EAC359FFF78D
:105C000057BA0025CEF10101182947EA090740F3E8
:105C1000A780002D18BF47F00107FFB2002FD5D194
:105C2000FFF743BA0798029F013007EBC00357F80C
:105C300030005F6800230393069BA0FB0393A0FB47
:105C400001E00290A7FB011019EB0101434124BFC1
:105C500001200390029801444FF000090791069932
:105C60004846E7FB013013EB090319EB0E070299D5
:105C70007745079F8F412CBF494601215B18039947
:105C800041EB000908990998591849EB000099421D
:105C900070EB0900BFF4B0AC013246F10006ABE492
:105CA000DDE92446DFF810C1424F03922644254621
:105CB0009146AE4215D04FEA890283001B1842EA92
:105CC000907249EB020215F8019BDB18A9F130092B
:105CD000524119EB030042EBE979844577EB090364
:105CE000E7D2651B6C18CDF80C904EEBE579FFF709
:105CF000EEBAB0FA80F202F1200A80E54FF07F0E92
:105D0000B64455E71C46189B03F17F0EB64452E794
:105D1000C2F11D024FF0FF31914035EA010147EA1F
:105D200009079E4425FA02F218BF47F00107BEF1A9
:105D3000000F25FA03F5FFB202F001097FF762AF09
:105D4000B9F1000F00F0DA8017B9EE0740F1848254
:105D50000135B5F5000F7FF4A2A90EF1010E32E76F
:105D6000CEF100004FF0FF33834035EA03032B46AA
:105D700023FA00F318BF47F0010713F00103FFB245
:105D800025FA01F500F0D582002F7FF427AF15F03A
:105D9000010E00F065820135B5F5000F3FF426AF26
:105DA00015F0807E3FF424AFBE466D08D5E700BFF6
:105DB0006A520300B3B6E00DFFFF63A73F320A4407
:105DC00001F12605A2EB0A0A0C9AC5F1200606315C
:105DD000EA400CFA06F60AF17F0E2CFA01F1324382
:105DE0002CFA05F3BEF1000F42EA010206933FF7D9
:105DF000A4ADCEF101053F2D9DF8861000F3F8808B
:105E0000069BC5F12006EA4003FA06F63243A5F1E7
:105E1000200623FA06F63243013223FA05F54FEA4B
:105E2000520745F1000547EAC5776E08B7F5000F40
:105E300076F100022CBF01220022002900F0C98166
:105E4000039B451C43F1000155EA010318BF964628
:105E500076D157EA06037FF493ADB7F5000F76F1DC
:105E60000003BFF48DADFFF7F4BB079B0E965A1CE1
:105E7000029B03EBC20653F832207568069E0F950D
:105E8000A1FB02731093A6FB02320693A6FB055EEC
:105E9000109B7D1953EB0E0E4FF0000728BF012316
:105EA00005EB02060F9D28BF0E933B46E1FB05E381
:105EB0000F93069B069D1EEB0701FB18AB42964114
:105EC0002CBF3D4601254919DDE90E5345EB03057D
:105ED0000A9B3A465F180B99694128BF01220B467D
:105EE000002A3FF4DCAC0C9A01320C924CF1000C0D
:105EF000DCE46FF001024FF0FF330BE7002D7FF47D
:105F000062AE002F7FF462AEFFF7CFB80BF1020153
:105F100001238A423FF435A891F800E0AEF1300E3B
:105F2000BEF1090F3FF62DA86FE5002A3FF438AE09
:105F3000039B451C43F1000155EA01023FF420ADEB
:105F4000002900F0FB81B1FA81F2134691400A92D8
:105F5000203A05FA02F21143C3F1200225FA02F2B7
:105F60000A4305FA03F1099B0D9D0692A3FB013C30
:105F700007930E91A5FB0232A5FB01150991079924
:105F8000CB185CEB020209994FF000024FF0000AB7
:105F900028BF4FF0010ACDF830A012EB010A2B44C4
:105FA0008A45AB4134BF012313460B920D939246B1
:105FB000FFF7BBB900270AF1800E3E46CFE4C54B80
:105FC000624203EB8203D3ED006AC7EE267AFFF745
:105FD000A9BBB9F1000F3FF421AE002F3FF4F6AD9D
:105FE0004FF07F0E012503E60BF10201002390E73D
:105FF00000293FF42EAB039B451C43F1000155EAF9
:1060000001023FF426AB00273E46BE4698E7C8E9AA
:106010000032FEF7D2BFA346FFF7C0B801210391BB
:10602000FEF7D7BF079BC1F12005CA4003FA05F56B
:106030002A43A1F1200523FA05F52A43013223FA68
:1060400001F141F10001520842EAC172B2F5000FBC
:106050004FEA510171F100052CBF01250025B14225
:1060600008BFBA427FF401AA75457FF4FEA9039BDD
:1060700018433FF495AD57EA06037FF491ADBEF1A6
:10608000000F3FF4E6AA8BE500230393FEE4C5F17D
:1060900001013F29C6DD57EA06027FF4E6A9BEF1F9
:1060A000000F7FF4E2A9039B03437FF4D2AA0746C3
:1060B00076E5B0FA80F22032FFF7E8B900230B93BF
:1060C000079B591C029B03EBC10253F83110536824
:1060D000069A0D93A1FB022513920E9AA1FB02C111
:1060E0000C91A3FB0231139AD218694124BF0123FA
:1060F0000B930C9B0D9D1A440E92069A0023E5FB10
:10610000021306930B1C002111EB0C010E9A614542
:106110000C994FF000058A412CBF294601215918DE
:106120000B9A069B42EB03020F9B5918109B53419D
:1061300028BF0125CDE90F13002D3FF426A9099BA7
:106140005A1C09924AF1000AFFF728B914F11B0200
:1061500049F10001532A71F10001C0F08580039BD1
:10616000002B00F0C180B3FA83F2039B119EA2F1D1
:10617000200500FA05F59446C2F1200103FA02F267
:1061800020FA01F1129B2A430A4300FA0CF1A3FB07
:106190000257A6FB01A615EB0A057E41A3FB01E30E
:1061A0004FF000074FF0000928BF4FF001091EEB28
:1061B000070E6B4105464FF00000CDE908E3DDF81E
:1061C0000CA0119B0692B64628BF01270646FFF792
:1061D0008EB957EA06033FF43CAA47EAC252FFF7DA
:1061E000A8B93D4E15F8011F16F8013B8B4204D0AB
:1061F0001EF8011099427EF4F2AEAF42F2D1C11CFA
:106200008A4202D0C378282B4ED00498334A0260C9
:106210000023C8E90013FEF7D0BE069D002280359A
:106220001146FFF71BB914F1410F79F1FF32FFF668
:106230007FA9272C79F10002FFF660A8284A04FB09
:1062400002F21214A2F5FF442A3C002CBFF6C3ACA4
:10625000DDF80CA0054685E4002D7FF4B4ACB5E470
:10626000002D3FF4B3ACC3E41D490A9B4FEADA7238
:1062700004FB01F102EB21413F31CB1A069302F1FD
:106280002601931D099AC1F12005CA400AFA05F5B5
:106290002AFA03F32A431A43069B2AFA01F10791CB
:1062A00003F17F05FFF7C9B804308242ADD00D4C31
:1062B0000B465878292803F1020603F1010520D086
:1062C0005F2802D0235C7E2B9FD8B2429DD02B4604
:1062D000EFE700BFF826020838F901080100C07F87
:1062E0006A52030054F60108B0FA80F220323CE70B
:1062F000131A022B4FF0010303933FF7CBABFEF7CA
:1063000070BE314681E7002E3FF463AE0EF17B0E86
:1063100051E400273E464FF0FF0E11E6BEF1000F9C
:106320007EF4C3AEFEF745BEBEF1000F3FF491A967
:1063300032E4002D3FF472AC9E4659E4B5FA85F282
:10634000203202E62DE9F04F8BB091428C46824616
:10635000049300F0A2800B782D2B00F09A80692B1B
:1063600000F0778200F2D38000200590492B00F0E6
:10637000C7814E2B00F0C4818A4200F08E804FF01E
:10638000000B04E08A420C464FF0010B74D00B4620
:106390000C4611F8010B3028F4D09A4200F0A68286
:1063A0004FF00008DFF870E5CDF80C804646474610
:1063B0004146C146342021E01EF805500F2D24DC53
:1063C00000297DD156EA070401D009F1040900280B
:1063D000C0F28D80A0F12004C0F1200B05FA04F476
:1063E00025FA0BFB44EA0B04854027432E439A42CF
:1063F000A0F104004FF0010B1C465AD01C4613F8C4
:10640000015B2E2DD8D100294ED0BBF1000F44D016
:106410000023A242079304D0237803F0DF03502B1C
:106420007CD0B9F1000F00F0448140F2FF3BCB4437
:1064300056EA070300F09C803B0D00F0F281B3FAAE
:1064400083F35A1ED3F11F0340F09181BBF1000F7B
:1064500040F3C980039B002B00F09680B8F1000F39
:1064600000F0D181013647F10007BA0200F1148132
:1064700056EA070340F08880059B0026DB07049955
:1064800000225046CAE900420E604B600BB0BDE8E6
:10649000F08F01318A4240F026811623CAE900C3F9
:1064A00050460BB0BDE8F08F9A424FF001011C46F8
:1064B000A4D1BBF1000FF0D0B9F1000FB5D1F8E0D5
:1064C00056EA070483D1CB46A9F10409002D7FF4D5
:1064D0007EAF9A421C4640D01D782E2D03F1010359
:1064E0003BD01EF805500F2DEDDD8B468DE7041DCA
:1064F00008D115F00708C5F3C004039418BF4FF086
:10650000010874E7002D18BF48F001086FE76E2BF3
:106510004FF0000305937FF42FAFF1E0651CAA4212
:1065200003D063782B2B08BFA51C0A2300932946B0
:1065300007AB08A8FEF732FB089B9D422FD056EA16
:10654000070200F0B080099A222A00F07C811C46E4
:10655000079B03F2FF3BCB446EE70023A242079365
:106560007FF45AAFB9F1000F00F060810BF2FB3BF2
:10657000BBF1000F35DD039B002B00F0A580B8F1C7
:10658000000F05D00126002740F2FE739B4520DD59
:1065900022235046CAE900430BB0BDE8F08F079BA9
:1065A00003F2FF3BB9F1000F7FF441AF40E7013642
:1065B00047F10007B7F5801F08BF002E07D0BB02C8
:1065C00007F4001B05D5760846EAC7767F084FF02A
:1065D000010B059BC7F313074BEAC32347EA035399
:1065E0004DE700263746039BCBF10100352843EAEF
:1065F00008086EDCCBF100024FF0FF33A2F1200C53
:1066000003FA02F103FA0CFCC2F1200523FA05F5A6
:1066100041EA0C012943934026EA030327EA0101DA
:10662000C2F120050B4307FA05F526FA02F3A2F1A1
:10663000200227FA02F243EA050343EA0203C0F10B
:10664000200207FA02F226FA00F646EA0206A0F154
:10665000200218BF48F0010827FA02F213F00103E4
:106660005FFA88F146EA020627FA00F700F0438154
:1066700000299CD116F0010B00F00F81013647F183
:106680000007B7F5801F08BF8E42A0D0B80207F4FC
:10669000001B7FF579AF8B46760846EAC7760BF18B
:1066A000010B7F0870E71C46079B03F2FF3BCB44BE
:1066B0005EE756EA070300F0B98040F2FF3BBBE615
:1066C00056EA07037FF460AFB8F1000F7FF460AFC4
:1066D000D2E63E4318BF48F001085FFA88F100296E
:1066E0003FF4CAAE54E79CF80130692B00F0F68005
:1066F00040F2AC806E2B4FF0010305937FF43FAE68
:10670000531A022B7FF738AE4D1E7E4E7E4F8B1CE8
:10671000284610F801EF16F8014B744504D017F81D
:106720000EE0A64540F098808342F2D1C81C121AB0
:10673000042A0FDD754C744ECD1D13F8017F14F83B
:10674000012BBA4202D0F75D974203D1AB42F4D19C
:1067500001F10800059B0499DB0743F0FF43002289
:1067600043F4E003CAE900020A604B6098E6C2F114
:106770001D020399A2F1200C48EA01084FF0FF31F5
:1067800001FA02F001FA0CFCC2F1200521FA05F52C
:1067900040EA0C009140284326EA010127EA000064
:1067A0000143C2F1200026FA02F107FA00F0A2F13B
:1067B000200227FA02F241EA000141EA020101F057
:1067C00001020392C3F1200207FA02F226FA03F64D
:1067D00046EA02069B44A3F1200218BF48F00108D4
:1067E00027FA02F2BBF1000F5FFA88F846EA0206C8
:1067F00027FA03F77FF7F7AE039B002B3FF460AF58
:10680000B8F1000F01D1F50742D5013647F1000775
:10681000B7F5801F08BF002E7FF427AE0BF1010BE8
:10682000B2E66FF001024FF0FF33A2E7039B002BAB
:106830003FF44AAFB8F1000F3FF4AAAE40F2FF3B7D
:1068400001260027C5E6CAE9003229E601200590A5
:106850008CE50023059353E72D4E15F8014F16F8EC
:10686000010BA04203D03C5D84427FF485AD9D4284
:10687000F3D1C81C824202D0CB78282B12D00499C5
:10688000244A4A6001230B600023CAE9000307E69B
:1068900056EA07037FF478AE7AE656EA07033FF438
:1068A00077AE96E604318A42E9D003461A4C59780D
:1068B000292903F1020603F101050DD05F2902D059
:1068C000635C7E2BDBD8B242D9D02B469E1C597814
:1068D000292903F10105F1D13046D0E7531A022BE3
:1068E0004FF0010305933FF70FAF48E5BBF1000FF1
:1068F0003FF4D3ADC0E556EA07023FF4F0AE9B4645
:1069000067E600BF34F90108302302082CF90108BA
:1069100038F901080000F87F54F6010830B583B05B
:106920000446069D042D05D00095FCF785FB204606
:1069300003B030BDFFF706FD204603B030BD00BFF9
:1069400021494A6830B5A0F1080442B350F8085C08
:1069500004EB050E724522D8536827D001F1040CD0
:1069600033B92DE0596802F1040C1A4651B10B46B7
:106970009E45F7D822D1536819685B685360DCF8EC
:1069800000300D441A6899188C420CD05B6840F8AE
:10699000043CDCF8003040F8085C5C6030BD40F836
:1069A000042C4C6030BD2A441A6030BD126840F897
:1069B000043C2A4440F8082C4C6030BD1346E1E703
:1069C000134601F1040CDDE760820020154900F157
:1069D00008034868082B38BF082308B3073323F09F
:1069E0000703043102E0011D406890B10268934240
:1069F000F9D80868026830B4D41A072C456809D958
:106A0000C2185560C450086830BC036008300A6082
:106A10007047704702602A46083030BC0A607047F1
:106A2000704700BF6082002010B500F1800420464E
:106A300001F0CCFA034630B180220021184603F061
:106A4000CFFD803010BD2046FFF7C0FF0346002871
:106A5000F2D100F0ABFB00BF064BD3E90223803834
:106A60001344984203D2824201D2FFF769BF01F07A
:106A7000B5BA00BF60820020F0B5364D364889B007
:106A80000026C5E90166EE6001F03EFA334B344A58
:106A90000821CDE902130923CDE904630423CDE9DC
:106AA00006230446002835D023782E483A2B08BF09
:106AB00001340F22214603F0CDFC10B9E37B2E2BCD
:106AC00016D020463A2103F0D9FD04460028EBD128
:106AD000079A049C402AA8BF4022002C08BF062425
:106AE0003E3402FB04F4A400EC60B4B909B0F0BD7C
:106AF000103402AE376821463A461FB1706803F081
:106B0000A9FC10B9E35D3D2B11D00C3608AB9E42B9
:106B1000F0D1D6E74FF48864EC60204601F056FAD5
:106B2000A860A0B10023C0E900436860DEE7781CDC
:106B30002044002201A903F0E9F8019C23783A2BB4
:106B400001D0002BBDD10028A8BFB060B9E7E86034
:106B5000CCE700BF608200203CF9010850F9010831
:106B60005CF9010868F90108704700BF704700BF71
:106B70000048704778F9010810B504210446EFF782
:106B8000D9F9204610BD00BF502870B51DD08446ED
:106B900000F00F000C2855D8DFE800F00744260766
:106BA0001E545454542A22071E00104650F8046BF9
:106BB0004EB10CF07004102C08BF11460E441CF0AE
:106BC000800F18BF36681E6070BDD01C20F0030017
:106BD00050F8046B1E6070BD104650F8086BE7E774
:106BE000104630F9026BE3E7104630F8026BDFE73E
:106BF00000261046344610F8015B05F07F0E0EFAB1
:106C000004FE15F0800F46EA0E0604F10704F2D1E7
:106C10001F2CCDD86D06CBD54FF0FF3505FA04F407
:106C20002643C6E700261046344610F8015B05F0FF
:106C30007F0E0EFA04FE2D0646EA0E0604F1070446
:106C4000F3D4B5E700F0E4FFFF2808B5034612D0FF
:106C500003F07003302B084613D005D8202B09D140
:106C6000BDE8084006F02BBD402B06D1BDE808402A
:106C700006F012BD03D8002008BD502BFBD000F059
:106C8000C7FFBDE8084006F017BD00BFF8B50C46C9
:106C90001546064608B106F0FFFC286014F8017B93
:106CA000FF2F28D16860204610F8013BFF2B32D01F
:106CB000102300242B75224610F8011B01F07F03DE
:106CC0009340090644EA030402F10702F4D40444A1
:106CD000EC6010F8013B6B750024224610F8011B94
:106CE00001F07F0393401C430B0602F10702F5D429
:106CF00004442C61F8BD31463846FFF7A5FF2B1D33
:106D0000014622463846FFF73FFF0446204610F86A
:106D1000013BFF2BCCD12B750024D9E72DE9F04F97
:106D200097B000231C46029300F00303012B0C9440
:106D30008846174600F0AB80022B0AD13946404600
:106D400006F094FC002840F09780082017B0BDE8BA
:106D5000F08F002B40F01C8210F00804EED110AB35
:106D600001250393039B009300230C221946384608
:106D7000CDF8408005F0BEFE384606F093FC059045
:106D80000028DBD044EA05030493029B039A05998B
:106D90008DF8543038460023CDE91333FFF776FFE2
:106DA0009DF854300293054639461846139B149CAF
:106DB0000693FFF749FF0DF13C090023079012905D
:106DC0001946CDF800900F22384605F06BFE0F9B58
:106DD000A54223F0010303F1FF3B34D29DF8556037
:106DE000DDF840A000213046FFF72EFF2A4601467D
:106DF0000DAB3046FFF7C8FE002105463046FFF7D1
:106E000023FF2A4601460EAB3046FFF7BDFE0021A8
:106E100005463046FFF718FF2A4601464B463046E6
:106E2000FFF7B2FE05460020024615F8011B01F0EF
:106E30007F03934018430B0602F10702F5D40D9B24
:106E400053445B451CD9049BDC0727D50C9B0025CC
:106E50001C462E4600231946CDF8009038460D22D8
:106E600005F020FE059BC8E90B360F9BC8F82030C3
:106E7000C8E90945062069E7092017B0BDE8F08F89
:106E80000E9A13445B4560D8A542ABD3DBE710F004
:106E900008040AD010AB0393022563E7049B18078C
:106EA00000F17481404600F04AFC10AB0D6A039378
:106EB0000093029B0D221946384605F0F3FD109B06
:106EC0009D42E9D1039B0093029BCDF840800C22A8
:106ED0001946384605F00EFED8F83060002EE1D095
:106EE000D8E90A530DF13C090593002DC0F2068143
:106EF000032400231A461946CDF800903846CDF8F1
:106F00003C8005F0F7FD002319460122CDF80090E2
:106F100038460F9505F0EEFD002319460F22CDF8F7
:106F20000090384605F0BEFD0F9ACDF8009002F0B3
:106F30000102002332430F9238460F22194605F012
:106F4000D9FD022C68D0072000E70F9E002E3FF4E9
:106F5000F5AE119A1644002800F0F9800138044477
:106F6000002E3FF4EBAE049B13F008030A9300F0ED
:106F7000F980884BC8F80030874BC8F80430029B72
:106F8000CDE9086703F007034FF0000A4FF0010B4B
:106F90000B9300252A4614F8011B01F07F03934050
:106FA000080645EA030502F10702F4D41F2A05D8B2
:106FB0004B0603D50BFA02F35B421D430026204625
:106FC000324610F8011B01F07F0393400F0646EA9A
:106FD000030602F10702F4D41F2A36D8490634D535
:106FE0000BFA02F35B421E43002D6DD0049B022B73
:106FF00010D0002D2FDC069A6FF040435B1B02EB94
:107000008307B8F1000F02D00A9A002A60D03B68CB
:107010009BB12EB13444BCE7404600F009FB92E737
:107020005346DDE90867002B3FF488AE049BDD077B
:107030003FF584AE002502245BE7049BDA07DDE917
:10704000086719D50C9B1C4604E785B1049B022BED
:10705000DFD0002DCFDD029BFF2B76D00B9A042AC8
:1070600000F29680DFE802F00D942C0D28004FF01E
:10707000010A002ECED1D3E7002D3FF439AF00F046
:10708000A3F8069BA3EB8502079902984B46FFF7EE
:107090007BFD0F9949B1B8F1000FBAD00CAB0022BB
:1070A000404600F06DFA0028B3D0049BD907DDE913
:1070B00008677FF51DAFC5E7069BA3EBC502E3E7B5
:1070C000069BA3EB4502DFE74FF0010A344460E77B
:1070D000069A52F823100C9B0F9321B94CE057F8F5
:1070E000041F002937D039444B460022404600F0A7
:1070F00047FA0028F3D0002E8CD191E7069B039A23
:10710000059913933846029B8DF85430FFF7BEFD66
:107110009DF85400139C3946FFF796FD6FF04043ED
:107120005B1B04EB830C54F8233033B1624600231D
:1071300052F8041F01330029FAD1C8E90A300423A8
:10714000C8F834C0C8F83030D2E6069A9CE7002E62
:107150007FF46CAFF2E5049BDB07DDE908677FF5A0
:10716000C4AE6FE798F80730012B0CBF58F8203CED
:1071700008F158030C9302E71C46049BDB07DDE98A
:1071800008673FF567AEB0E600F054FB00F00EF87C
:1071900000F03EFD474E5543464F520008B580472C
:1071A00000F036FD00F046FB00F032FD08B5034B61
:1071B0001868BFF35B8FFFF7F1FF00BF8C0300205F
:1071C00008B58047FFF7F2FF08B5034B1868BFF317
:1071D0005B8FFFF7F5FF00BF88030020024B1868A4
:1071E000BFF35B8F704700BF8C030020024B186811
:1071F000BFF35B8F704700BF88030020012810B5E4
:107200001AD8BFF35B8FA1F1280353E8002F013A8E
:1072100043E800200028F8D1BFF35B8F5AB951F83A
:107220001C3C01F158040BB1204698472046BDE8AC
:107230001040FFF711BC10BD51F8140CFFF7AEFF62
:10724000002310B540E91E1240F8803C0446FFF7C9
:10725000CDFF44F8700CFFF7C1FF0749074A084B00
:1072600044F8581C44F8542C44F86C0C44F8503C36
:10727000A4F1800010BD00BF474E5543432B2B00A7
:10728000FD71010870B504460D46164600F05AFB24
:10729000436801333246294643602046FFF7D0FF5A
:1072A0000446012344F8283B204605F0E3FF20462E
:1072B00000F0C0FAFFF77AFF10B500F043FBD0E909
:1072C00000420132426064B194F82020472A0AD07B
:1072D000002202602034204605F0ECFF204600F03A
:1072E000A9FAFFF763FF94F821204E2AF0D194F811
:1072F0002220552AECD194F82320432AE8D194F88F
:107300002420432AE4D194F825202B2AE0D194F8B4
:1073100026202B2ADCD194F82720012AD8D86269AC
:1073200052426261D6E700BF10B5034B03600446CA
:1073300000F0C2F8204610BDBC28020810B5054B6D
:107340000360044600F0B8F820460C21EEF7F2FD89
:10735000204610BDBC28020870B582B00446069EC7
:1073600096420D4609D0A06804680696246A29460C
:10737000A44602B0BDE870406047194601920093F0
:1073800000F064F8DDE900320028ECD0062002B0FD
:1073900070BD00BF2DE9F04F0D4681B01946DDE903
:1073A0000A8BDDE90CA91C460746164600F04EF88C
:1073B00080B9D04527D0B86823460468CDE90CA928
:1073C000CDE90A8BE46932462946A44601B0BDE8FE
:1073D000F04F6047002DC9F8008089F804600CDB8D
:1073E000A844C24514BF4FF001084FF0060889F8C1
:1073F0000680002001B0BDE8F08F0235F9D10123ED
:1074000089F80630F5E75946384600F01FF800289D
:10741000D1D089F80560ECE72DE9F04106460F462A
:1074200014461D4600F082F848B9B068016822464B
:107430008C692B463946A446BDE8F0416047BDE85B
:10744000F08100BF704700BF00207047814211D01B
:1074500008B5406803782A2B0AD049680B782A2B94
:1074600008BF013103F0DCFAB0FA80F0400908BD32
:10747000002008BD0120704770B5036884B0002467
:107480009E690394102315460293CDE900446B4690
:107490001268B0479DF8043003F00603062B03BFC3
:1074A000009B2B600120204604B070BD00989042E4
:1074B0000CBF06200120704710B5034B0360044643
:1074C000FFF7C0FF204610BD3029020810B5054B5C
:1074D00003600446FFF7B6FF20460821EEF72AFDB9
:1074E000204610BD302902082DE9F041069F089979
:1074F000099E8F42044690461D460CD029462046E0
:10750000FFF7A4FF20B10123376086F80480B37130
:107510000020BDE8F0810799FFF798FF0028EDD023
:1075200086F805800020BDE8F08100BF38B515461B
:107530001C46FFF78BFF00B938BD082206232560E3
:10754000E260237138BD00BF2DE9F04106461746C1
:107550001D460C46FFF77AFF48B9032D07D823686C
:107560003A46314620465B69BDE8F0411847BDE820
:10757000F08100BF1EB400F08DF81EBC05F08AFE3D
:10758000F0B50278472A83B00C461D4619D0264E26
:107590000020336801909B683046984778B1019B82
:1075A0001B68019302272368314620461E6901AA01
:1075B0000123B04738BB0746384603B0F0BD01276A
:1075C000F1E743784E2BE2D18378552BDFD1C37896
:1075D000432BDCD10379462B1AD0432BD7D14379E7
:1075E0002B2BD4D183792B2BD1D1C379012BCED89E
:1075F00050F8206C4FF0000301930ABF304658301A
:1076000056F8786CC5E7019B2B60384603B0F0BD97
:1076100043794F2BBBD18379522BB8D1C079002845
:10762000B5D1024EB5E700BF642802083828020829
:1076300010B5044600F086F9224612F82039472B8F
:1076400004D0836823BB8260012010BD63784E2B79
:10765000F7D1A378552BF4D1E378432BF1D12379DB
:10766000432BEED163792B2BEBD1A3792B2BE8D1D4
:10767000E379012BE5D854F8043C0133012B44F89D
:10768000043CE1D1836844F8083C8260012010BDCD
:10769000FFF78CFD08B500F055F9836883B393F8C4
:1076A0002020472A04D00022826003F1200008BD78
:1076B00093F821204E2AF6D193F82220552AF2D1B0
:1076C00093F82320432AEED193F82420432AEAD1C9
:1076D00093F825202B2AE6D193F826202B2AE2D1F5
:1076E00093F82720012ADED8DA69013ADA61002A04
:1076F000DBD19969816000229A6103F1200008BD05
:10770000FFF754FD0378472B17D143784E2B14D144
:107710008378552B11D1C378432B0ED10379432B9A
:107720000BD143792B2B08D183792B2B05D1C07931
:1077300001288CBF0020012070470020704708B549
:1077400050B1044600F076F82046FFF7DBFF18B191
:1077500054F8140CFFF722FDFFF728FD2DE9F04F38
:1077600083B00246FFF7CEFF38B152E90674D2E982
:107770000C69D2F828A0002505E00446074601253B
:10778000814606468246104600F054F80DB1FFF7D8
:107790001BFD3846FFF714FD00F04CF80DB1FFF764
:1077A00005FD00F0CBF8D0F8008098F82730012BC9
:1077B0000CBFD8F8003008F1780300934FEA960B1D
:1077C0000027BA451DDD07FB0BF309EB830259F8CF
:1077D000236006B116446B460022314608F12000B2
:1077E000FFF7CEFE08B1FFF767FD336801900E4941
:1077F000304601AA1E690123B0472843C5B20137AC
:10780000DFE745B10420FFF70FF9084B084A0649A6
:107810000360FFF737FD2046FFF7C0FC00F048F893
:1078200000F046F8FFF7A6FE0C28020874280208AC
:107830006D6B010838B5044600F084F822460568EF
:1078400012F82039472B03D085BB0260284638BD8B
:1078500063784E2BF8D1A378552BF5D1E378432BE1
:10786000F2D12379432BEFD163792B2BECD1A37980
:107870002B2BE9D1E379012BE6D854F80C3C002BF3
:1078800011DB013344F80C3C4368013B43609542F3
:1078900018BF44F8105C656A18BF0260204605F006
:1078A000F9F8284638BDC3F10103EBE7FFF77EFC8A
:1078B00008B500F043F803687BB393F82020472A0B
:1078C00007D00022026003F12000BDE8084005F067
:1078D000E3B893F821204E2AF3D193F82220552AB9
:1078E000EFD193F82320432AEBD193F82420432AA5
:1078F000E7D193F825202B2AE3D193F826202B2AD1
:10790000DFD193F82720012ADBD85A69002A05DB4A
:10791000013A08D0511C0ED05A6108BD0132FBD18A
:1079200019690160F8E71A69026003F12000BDE8F7
:10793000084005F0B1B8FFF739FC00BF00487047B8
:1079400070820020004870477082002010B52DED35
:10795000028B08EE100A00F035F8044618EE100A03
:1079600000F028F868B1DFED117AB4EEE78AF1EEA5
:1079700010FA0ADCDFED0E7AB4EEE78AF1EE10FAC7
:107980000DD4BDEC028B204610BD03F031F8BDECE8
:10799000028B22234FF0FF440360204610BD03F00A
:1079A00027F8222300240360EBE700BF1772B142DF
:1079B000B5F1CFC220F00040B0F1FF4F2CBF002046
:1079C0000120704720F00042B2F1FF4F07EE900A0D
:1079D000034654D84FEAD07100F09780664883423E
:1079E00000F38980002BC0F28980644B9A424BD906
:1079F000634B9A4200F2A080624B634A03EB81031F
:107A000093ED004A02EB810281F0010337EEC44A94
:107A100092ED007A5B1A74EE477A9FED5C6ADFEDB7
:107A20005C4A9FED5C5ADFED5C5A67EEA76AE6EEB2
:107A3000864A9FED5A6AA4EEA65AA5EE266AE6EE9D
:107A4000265AB0EE676AA5EEE66A67EE865A002B04
:107A500042D0F0EE006A76EEC66AF7EE007A85EE66
:107A6000A66A13F17D0F37EE467A37EE447A77EE49
:107A7000C77A53DB17EE902A02EBC350704777EEBC
:107A8000A77A17EE900A7047B2F1505F0AD29FEDC5
:107A9000447A37EE877AF7EE006AB4EEE67AF1EED2
:107AA00010FA63DC27EEA77ADFED386A9FED385ACB
:107AB000DFED385A9FED396AA7EE265ADFED366AB8
:107AC000E7EE055AA7EE256AE7EE066AB0EE676AAA
:107AD000A7EE666A67EE865AB0EE007A36EE476A1F
:107AE000F7EE006A85EE867A77EE677A76EEE77AC9
:107AF00017EE900A7047002000F086B8294B9A4292
:107B00007FF673AF002000F07BB89FED277A002945
:107B100014BF17EE100A17EE900A704717EE902A5E
:107B2000643302EBC3539FED217A07EE903A67EE80
:107B3000877A17EE900A70471D4BDFED1E6A9FEDA6
:107B40001E6A03EB810393ED007AA7EEA67ADFEDC0
:107B50001B6ABDEEC77A17EE103AB8EEC77AE7EEA9
:107B6000467A27EE267AB0EE674A54E777EEA67A91
:107B700017EE900A704700BF1772B1421872B13EFB
:107B80009115853F5C290208542902084CBB31330A
:107B90000EEADDB555B38A38ABAA2A3E610B36BB77
:107BA000CAF24971B5F1CF42000000000000800D1B
:107BB000642902083BAAB83F8071313FD1F71737DB
:107BC00038B505460C4602F013FF034628461C60F4
:107BD00038BD00BF07EE901A40B1B1EE677A67EE8C
:107BE000277A222117EE900AFFF7EABFB0EE677AF4
:107BF00067EE277A222117EE900AFFF7E1BF00BF58
:107C00004FF08051FFF7E6BF4FF0E041FFF7E2BFD2
:107C100008B5062002F022FE0120EEF739F900BF78
:107C200000B50B4C25681446EE681A4685B003462D
:107C30000D464CB107490095CDE90114304606497F
:107C400000F0B0F9FFF7E4FF04490C46F3E700BF8A
:107C5000000A00208CF901089CF9010898F9010834
:107C60002DE9F84306460820894602F0C7FEDFF8F2
:107C7000A48005463046EDF71DFFD8F808305F6850
:107C800027F00307A7F11104A4EB09042C44B4FB6B
:107C9000F5F4013C05FB04F4A54208DC0021304664
:107CA00002F07EFED8F808303B44984205D03046BA
:107CB000EDF704FF0020BDE8F8836142304602F092
:107CC0006FFE01300FD0114AD8F808303F1B47F043
:107CD00001075F60136830461B1B1360EDF7EEFE73
:107CE0000120BDE8F8830021304602F059FED8F8A3
:107CF0000820831A0F2BDADD43F001035360044B95
:107D000002491B68C01A0860D1E700BF7C820020CE
:107D1000900300209803002000295BD0F8B50C46A2
:107D20000746EDF7C7FE54F804CC744DA4F10802E1
:107D30002CF00103D118A8684E68884226F003068B
:107D40000CF0010E7ED088194E60406800F00100F2
:107D5000BEF1000F2FD154F8084C121B2344946835
:107D600005F1080C644562D0D2F80CE0C4F80CE0D0
:107D7000CEF8084000287FD043F0010050600B602F
:107D8000B3F5007F2FD2D90868685C09013101235F
:107D900009B2A34003436B6055F83100906005EBD6
:107DA000C103083BD36045F83120C2603846BDE8C6
:107DB000F840EDF783BE70B9334405F1080C8868CC
:107DC000604543F0010471D0C968C16088605460A7
:107DD000D350D5E770474CF00101B3F5007F44F86C
:107DE000041CD350CFD3B3F5206F4FEA532045D2B4
:107DF000980900F1390109B200F13804C900681886
:107E000069580838884203D157E08968884204D00D
:107E10004C6824F003049C42F7D8C868C2E90210F9
:107E200082603846CA60BDE8F840EDF747BE88BBBF
:107E30001E44D1E90213CB60996046F00103536000
:107E40009651B3E71E44BEF1000F07D154F8083C29
:107E5000D21A1E44D2E90213CB60996046F00103A6
:107E60005360274BAA601B68B3429FD8254B384606
:107E70001968FFF7F5FE99E73344A0E714280ED9F7
:107E8000542821D8180B00F16F0109B200F16E04DB
:107E9000C900B4E743F0010050600B6086E700F1D1
:107EA0005C0109B200F15B04C900A8E7C5E904223E
:107EB000C2E902CC5460D35078E76E68A410012365
:107EC000A34033436B60A9E7B0F5AA7F07D8D80B6E
:107ED00000F1780109B200F17704C9008FE740F2A0
:107EE0005451884206D8980C00F17D0100F17C04C1
:107EF000C90084E74FF47E717E2480E79803002058
:107F000094030020AC82002000B5054B83B00146ED
:107F100001AA186800F006F803B05DF804FB00BF82
:107F2000000A00202DE9F047DFF8749007460E465E
:107F30009046EDF7C7FDD9F800504DB133781C4697
:107F40006BB1344602E014F8013F3BB13D2BFAD14E
:107F50003846EDF7BBFD0020BDE8F087A41B28687C
:107F60000028F5D02246314602F0F0FB28B92868F7
:107F7000035D3D2B00EB040A04D055F8040F0028E4
:107F8000F0D1E5E7D9F80030EB1A9B103846C8F875
:107F90000030EDF79BFD0AF10100BDE8F08700BF5E
:107FA000080C00200EB410B583B005AB064C53F896
:107FB000042B01930146206800F0E4FA03B0BDE809
:107FC000104003B0704700BF000A0020024B01467A
:107FD0001868EDF7A1BA00BF000A0020024B014665
:107FE0001868EDF79DBA00BF000A00202DE9F04F98
:107FF00001F10B05162D83B0064623D8102900F297
:10800000B480EDF757FD102518230220B84F3B44EC
:10801000A3F108025C68944200F064816368E2683E
:10802000A16823F00303CA602344304691605A6874
:1080300042F001025A60EDF741FD0834204603B0DA
:10804000BDE8F08F35F0070500F18F80A94200F2FE
:108050008C80EDF72FFDB5F5FC7FC0F0B8815FEAAD
:10806000552E00F08980BEF1040F00F270814FEAB6
:10807000951E0EF1390003B20EF1380EDB009C4F55
:108080003B44A3F1080C5C68A44507D10DE0002A2D
:10809000E16880F221818C4507D00C46636823F0AB
:1080A00003035A1B0F2AF2DD7046DFF85C823C693D
:1080B000444500F0FE80636823F0030CACEB05033D
:1080C0000F2B00F38981002BC7E9048880F27381AC
:1080D000BCF5007FD7F804E080F018814FEADC039C
:1080E000013319B24FEA5C1C012303FA0CF357F871
:1080F0003120A2604EEA030E07EBC103083BE360A8
:10810000C7F804E047F83140D46083104FF0010C09
:108110000CFA03FCF44535D81CEA0E0F08D120F008
:1081200003004FEA4C0C1CEA0E0F00F10400F8D0DB
:1081300007EBC00AD6468146DEF80C300BE05968E2
:1081400021F003014A1B0F2A1C46DB6800F30F8154
:10815000002A80F223819E45F1D109F1010919F02D
:10816000030F0EF1080EE7D161E10C233360002408
:10817000204603B0BDE8F08F4FF4007340204FF06D
:108180003F0E7CE7BC68636823F00309A94504D36C
:10819000A9EB05030F2B00F38F80564B1B680820BB
:1081A00003F1100804EB0903009302F027FC524A84
:1081B00013680133A844834605D008F1FF38804492
:1081C000434203EA08084146304602F0E9FBB0F1B9
:1081D000FF3F494A824600F01B8104EB09038342BA
:1081E00000F21481454B186840440BF1FF3C1860C5
:1081F00000F072811168013100F07A8104EB09020C
:10820000AAEB020202441A601AF00702CDE9002329
:1082100000F03281C2F108029244D04408EA0C0115
:108220005A44521A02EA0C0B5946304602F0B8FB87
:10823000421C019B00F07981A0EB0A0000EB0B08C7
:108240001868C7F808A048F001025844BC42CAF8B0
:108250000420186016D0B9F10F0F40F24C8161680C
:10826000A9F10C0222F0070201F001011143616043
:108270004FF0050CA1180F2AC1E901CC00F25D8175
:10828000DAF804201E4B1968814238BF18601D4B74
:108290001968814238BF1860544622F00308A84587
:1082A000A8EB050301D30F2B06DC3046EDF706FCE7
:1082B0005DE7D7F804E028E7621943F0010345F0D1
:1082C000010565603046BA605360EDF7F7FB08348E
:1082D000204603B0BDE8F08FA2682344D160304649
:1082E0008A60A4E6DC68A3427FF498AE0230DCE644
:1082F00098030020AC820020900300207C820020A4
:10830000A8820020A4820020A0030020BCF5206FDA
:108310004FEA5C2272D3142A00F2C18002F15C039E
:108320001BB25B32DB00F918FB580839994203D1C4
:1083300098E09B68994204D05A6822F00302624593
:10834000F7D8D968C4E902318C60DC60DDE6BEF1A3
:10835000140F60D9BEF1540F00F2AB804FEA153E06
:108360000EF16F0003B20EF16E0EDB0087E6D4F85B
:1083700008C03046661945F001056560CCF80C3040
:10838000C3F808C042F00103C7E90466C6E90288E1
:1083900073606250EDF792FB0834E9E62144304601
:1083A0004A6842F001024A6054F8082FD3609A608C
:1083B000EDF784FBDCE6A4443046DCF8043043F0FF
:1083C0000103CCF80430EDF779FB0834D0E6E80877
:1083D000431C1BB2DB0019E6621943F0010145F0B2
:1083E000010565603046C7E90422C2E90288516090
:1083F00044F80C30EDF762FB0834B9E64FEA9C1202
:1084000002F139031BB23832DB008CE7BC425CD08E
:10841000BC68626841E70EF15C0003B20EF15B0ECE
:10842000DB002CE65AF80839534540F0A68010F0DE
:10843000030F00F1FF30F5D17B6823EA0C037B606A
:108440004FEA4C0C9C453FF69DAEBCF1000F04D1A9
:1084500098E64FEA4C0C09F104091CEA030FF8D026
:10846000484665E692104FF0010C0CFA02F24EEA13
:10847000020EC7F804E065E70AEB080202EA0C0204
:10848000ABEB020202EA0C0B5946304602F088FAC6
:10849000431C019B7FF4D0AEDDF800B0D0E6542A37
:1084A0002DD84FEA1C3202F16F031BB26E32DB0093
:1084B00039E7BEF5AA7F2DD84FEAD53E0EF17800F8
:1084C00003B20EF1770EDB00D9E52D4B186840445E
:1084D0000BF1FF3C18608DE61AEA0C0F7FF48AAEB0
:1084E000D7F808A0C84448F00102CAF80420C9E639
:1084F000C2F800A088E60123CAF80430D5E6B2F538
:10850000AA7F25D84FEADC3202F178031BB277321A
:10851000DB0008E740F254539E4524D8AB0C03F12E
:108520007D0003F17C0EC300A9E5009A083A90444F
:10853000A8EB0A084FF0000B82E6304604F1080170
:108540000093ECF7EDFF009BD7F808A0186897E6BA
:1085500040F254539A420CD84FEA9C4202F17D03F8
:10856000DB007C32DFE64FF47E737F204FF07E0E1F
:1085700085E54FF47E737E22D5E67B6860E700BF19
:108580007C8200202DE9F04FC5B00DF1500A8346E2
:10859000049116460021082250461C460B9302F017
:1085A0001FF8BBF1000F04D0DBF83430002B00F0D3
:1085B0005287049A536EB2F90C20D90740F13D81DD
:1085C000970400F1D485049942F4005223F4005337
:1085D0008A814B6612B2130740F1BD80049B1B6970
:1085E000002B00F0B88002F01A030A2B00F0C280C2
:1085F0000023CDE91933CDE90E331BAADFF8AC987F
:108600000D93189217460793B0464546D9F8CC41CA
:1086100002F050F9CDF800A003462A4612A95846A8
:10862000A047002800F0C580C0F2BB80129A252A1E
:10863000034601D01D44E9E7B5EB0806044640F0C7
:10864000BC80002319468DF8433008934FF0FF3269
:108650006B78069205F10108039108F10108A3F176
:1086600020025A2A00F2FC80DFE812F08603FA00AA
:10867000FA007F03FA00FA00FA005F03FA00FA003A
:108680001F023102FA002A029803FA0091035B00EC
:108690005B005B005B005B005B005B005B005B0002
:1086A000FA00FA00FA00FA00FA00FA00FA00FA00FA
:1086B000FA00E5013503FA00FA00FA00FA00FA00C0
:1086C000FA00FA00FA00FA00FA003702FA00FA009B
:1086D000FA00B701FA001203FA00FA00EB05FA00FB
:1086E000FA00FA00FA00FA00FA00FA00FA00FA00BA
:1086F000FA00E5017201FA00FA00FA00550372016E
:108700006E00FA003104FA0022040604B4036E007D
:10871000FA00B7016B007102FA00FA001C06FA00B9
:108720006B00A3F130020023194618F8013B01EB5E
:10873000810102EB4101A3F13002092AF5D9089128
:108740008DE798F8003088E7039B43F020030393FC
:1087500098F8003081E7049D5846294601F0FCFD59
:10876000002841F02380B5F90C2002F01A030A2BEF
:108770007FF43EAF0499B1F90E30002BFFF638AF0D
:108780004B6EDD0702D4900540F1BE870499234665
:108790003246584601F03AF80790079845B0BDE8D0
:1087A000F08F08220021504601F01AFF01231D44DA
:1087B0002CE7B5EB0806044610D01A9B33441A93F5
:1087C000199B0133072BC7E90086199310DC083782
:1087D000079B33440793002C7FF433AF1A9B002B85
:1087E00040F09C87049B0022B3F90C30199218E0EA
:1087F000049918AA584601F097FA78B91BAFE7E731
:10880000049918AA584601F08FFA002800F08C80CD
:10881000099B1BB109995846ECF782FE049BB3F9FA
:108820000C30049A526ED00740F188805B0600F14C
:108830003881079845B0BDE8F08F900540F121815F
:1088400091047FF5C0AE9F047FF5C5AE049B9B8964
:108850009A0500F12681049B986D02F07FFA20E1D1
:10886000002BBBD001228DF8AC3000238DF84330B3
:1088700009930A9206932BAD0592DDE919C0039C7A
:1088800014F084060146624626D1089B059C1C1BF9
:10889000002C00F314849DF8433003B300260C969B
:1088A0000132012301317B60072A0DF14303CDE939
:1088B00019213B6000F39B8308370C9B63B10132A5
:1088C00011AB02313B60072A4FF00203CDE91921B9
:1088D0007B6000F380830837802E00F00383069BC3
:1088E0000A981C1A002C00F33B830A9B3D6001325E
:1088F0001944072ACDE919217B6000F36183083709
:10890000039B5C0705D5089B059A9C1A002C00F375
:108910007A83DDE9073205988242ACBF9B181B18A9
:10892000079300297FF46CAF00231993099B1BB1B7
:1089300009995846ECF7F4FD1BAF66E69A053FF53A
:1089400075AF049CA06D02F009FAB4F90C306DE724
:10895000039B9B0640F128840B9B073323F00703FE
:108960001A465B6852F8084B0B921E46002BC0F269
:10897000C381069A002A07DB039B23F0800303933D
:1089800054EA060300F0B0840A2C76F1000380F06C
:10899000028104F13003DBB2069A8DF80F31012A0F
:1089A0009DF84330B8BF01220592002B00F0D3831D
:1089B000059B0133002505930123CDE909530DF2F1
:1089C0000F15DDE91921039B13F084060846944630
:1089D0003FF45BAF00230C9362E70B9E00228DF8FF
:1089E000432056F8042B0992002A00F05D85532B92
:1089F00000F09484039B13F0100440F08F84069AD7
:108A0000002AC0F265860998214602F0A9F99DF86E
:108A10004320099D002800F0AB86431B0A9323EAFC
:108A2000E3730593002A00F09D86013306940593B5
:108A30000B960994C5E70B9A432B02F1040403D06B
:108A4000039BD90640F146840822002116A801F0B4
:108A5000C7FD0B9B2BAD1A68294616AB584602F092
:108A6000DBFA034601330A9000F06B860A9B23EA87
:108A7000E373059300230B948DF843300993069319
:108A8000FBE6049DA86D02F067F9B5F90C206B6E4A
:108A900095047FF598AD98047FF59DADD9077FF5D6
:108AA000D5AE4FF0FF330793C3E60B9B53F8042B6F
:108AB0000892002A80F25683089A0B935242089239
:108AC000039B43F00403039398F80030C5E52B2380
:108AD0008DF8433098F80030BFE5039B9D0643F0C6
:108AE000100040F177830B9B073323F007031A46EE
:108AF000596852F8083B0B9200228DF84320069AE1
:108B0000002AC0F2248320F49062039253EA010207
:108B100000F0318344AD03F00702DB0843EA417300
:108B2000C908303253EA0104284605F8012DF2D174
:108B3000039B13F0010340F09F82069A099344AB14
:108B40005B1B9A42B8BF1A460A93059295E60399B1
:108B50008E0600F1A38003990B9A11F0100652F8CB
:108B6000043B40F04083039911F0400100F0D384AE
:108B70009CB2069B8DF84360002B06DB039B23F021
:108B800080030393002C00F03D830A2C76F1000350
:108B90000B92FFF4FEAE039B099703F48063002061
:108BA000CDF8308044A9DDF8348005901F46CDF81B
:108BB00028B025E00590A319BA4843F10003A0FBB3
:108BC000032C2CF0030202EB9C029B1AE31A4FF0D9
:108BD000CC32A346B64602FB03F266F1000600FB68
:108BE0000622A3FB0043BBF10A0F13444FEA5404CF
:108BF0007EF1000E294644EAC3744FEA53062ED391
:108C0000059BA84A01330593A31943F100031046BD
:108C1000A2FB032525F0030202EB95029B1AE31A3F
:108C2000A3FB003266F1000500FB05225B0843EA66
:108C3000C27303EB8303A4EB4303303301F8013C1D
:108C40004D1E002FB7D0059898F800308342B1D15F
:108C5000FF28AFD00A2C76F1000380F080840699BB
:108C60009DF84330CDF8348044AA521B9142B8BFDE
:108C70001146DDE9097BDDF830800A920591002B71
:108C800000F00A84059B013305930023099398E6BD
:108C9000039B43F010019B0640F1A3820B9B07331B
:108CA00023F007031A465E6852F8084B0B92002324
:108CB0008DF84330069B002BC0F2F78221F0800331
:108CC000039354EA06037FF45FAE069B002B00F08B
:108CD0009E8200245DE6039A42F01003920600F1A2
:108CE0009C820B9A04320B9903930C680B92E61743
:108CF0003346002BBFF63DAE2D238DF84330069B47
:108D0000644266EB4606002BFFF63EAE039B23F063
:108D10008003039338E698F80030682B00F0F48263
:108D2000039A42F04002039297E4584601F0C8FDCE
:108D300043680F93184602F003F90E900446584614
:108D400001F0BEFD826898F800300D92002C3FF4CF
:108D500084AC002A3FF481AC1278002A3FF47DAC49
:108D6000039A42F48062039277E4039B43F0010389
:108D7000039398F8003070E49DF8432098F8003091
:108D8000002A7FF46AAC20228DF8432065E4039B1F
:108D900043F08003039398F800305EE4404610F8F7
:108DA000013B2A2B00F0F684A3F13002092A98BF78
:108DB000002100F2AE8410F8013B01EB810102EBCF
:108DC0004101A3F13002092AF5D941EAE172069284
:108DD000804644E40B9C069D54F8043B002247F671
:108DE00030019542ADF844108DF8432018461146E5
:108DF000C0F25E82039A0B9422F0800242F00202DB
:108E00000392002B00F05B83274A03F00F03022438
:108E1000D35C05948DF80F31030943EA0173080907
:108E200053EA111100F0D0840DF20F1503F00F0179
:108E30001B09515C05F8011D43EA0073000953EA60
:108E40000001F3D144AB5B1B1A460A93069B934285
:108E5000B8BF1346059A002A00F0BA84DDE919214B
:108E6000039C023314F0840605930846944600F0F0
:108E70007C820023099322E5039884063FF533AEF4
:108E800003990B9A11F0100152F8043B40F0B3849F
:108E9000039C14F0400000F01E839BB20B9220460E
:108EA0002AE600BFCDCCCCCCE0F90108AC0700200D
:108EB000039B990640F1B4810B9B079A1B681A60CB
:108EC000D2175A600B9B04330B93FFF79EBB98F8A5
:108ED00000306C2B00F00E82039A42F010020392D5
:108EE000FFF7BBBB089B05981C1A002C7FF7F7AC5B
:108EF000102CB64B23DD38460C951026049D1F46DA
:108F000004E0103C102C00F1080015DD0132103196
:108F1000072AC0E90076CDE91921F2DD18AA294611
:108F2000584600F001FF00287FF472AC103C102C72
:108F3000DDE919211BA8E9DC0C9D3B4607460132FF
:108F40002144072ACDE919213B607C6000F394821B
:108F5000069B0A981C1A002C07F108077FF7C5AC7E
:108F6000102C9A4B21DD384610261F4604E0103C99
:108F7000102C00F1080016DD0132944B1031072A45
:108F8000C0E90036CDE91921F1DD049918AA584647
:108F900000F0CAFE00287FF43BAC103C102CDDE949
:108FA00019211BA8E8DC3B46074601322144072A69
:108FB000CDE919213B607C6000F3BC80083794E464
:108FC000049918AA584600F0AFFE00287FF420ACA0
:108FD0001A991BAF94E4049918AA584600F0A4FE0D
:108FE00000287FF415ACDDE919211BAF74E4049966
:108FF00018AA584600F098FE00287FF409ACDDE975
:1090000019211BAF59E4102C199B714E21DD3A46F2
:1090100010253746049E04E0103C102C02F1080293
:1090200015DD01331031072BC2E90075CDE9193187
:10903000F2DD18AA3146584600F076FE00287FF48B
:10904000E7AB103C102CDDE919311BAAE9DC3E46E8
:10905000174601332144072BC7E90064CDE91931D4
:109060007FF757AC049918AA584600F05DFE002817
:109070007FF4CEAB1A994CE4302A00F0F181302312
:10908000069A05F8013C023844AB1B1A9A42B8BF55
:109090001A460A9305460592DDE91921039B13F050
:1090A00084060846944600F0A8839DF84330002BC0
:1090B00000F0A683002309930C93FFF7F1BB002374
:1090C0000C93102C424E624623DD394610232F4666
:1090D000049D04E0103C102C01F1080117DD013261
:1090E0001030072AC1E90063CDE91920F2DD18AA82
:1090F0002946584600F018FE00287FF489AB103C42
:10910000102CDDE919201BA94FF01003E7DC3D46C8
:109110000F4601322118072ACDE919213E607C60F3
:1091200000F36C819DF843600837002E36D000268E
:10913000FFF7B6BB049918AA584600F0F5FD0028C1
:109140007FF466ABDDE919211BAFFFF7CEBB20F43E
:1091500080620392DEE4099301230A930DF20F1556
:10916000FFF78BBB0B9398F80030FFF776BA9D049E
:109170007FF531AA95E4069A002A7FF4CBAC10F073
:109180000102059200F0348130238DF80F31069BE7
:109190000A9209930DF20F15FFF76FBB0C9B002B82
:1091A0007FF48DABFFF79BBB039B0B9ADE0652F857
:1091B000044B3FF598AD039B5D0640F1A18144F35C
:1091C000C0360B9224B23346FFF7D0BB6C2902089D
:1091D0007C2902080B9B1A1D0B9B0B921B6800211C
:1091E0008AE40B9B1A1D0B9B06981B680026B04255
:1091F0008DF843601C4657DB21F080010391002B62
:109200007FF4C3AC069B0B92002B7FF462AD0A93F4
:109210000593099344ADFFF730BB0393FFF79CBB65
:10922000039BDA0600F13B81039B5B0600F13D8264
:10923000039B9E0540F133810B9B079A1B681A70B4
:1092400040E6AC4A039911F0200100F0B2800B997E
:10925000073121F0070108460446496854F8080B15
:109260000B94039E16F00105059500F0888050EAE6
:10927000010440F0D98000238DF84330069B002B79
:10928000C0F2B281039B23F49063039300F0068243
:1092900013788DF80F31059B0A93069B05930DF209
:1092A0000F15F9E6944ACDE70B920391FFF76CBBDB
:1092B00003990B9441F002010391104603F00F0152
:1092C0008D4A1B09515C8DF80F1100F08382022139
:1092D0000591A9E50B9B1B688DF8AC300123059324
:1092E0000A932BADFFF7C6BB002A00F0CC813023D8
:1092F000FFF752BB039B43F02003039308F10108DF
:1093000098F80030FFF7A9B9039B43F40073039367
:1093100008F1010898F80030FFF79FB9099B1393F3
:109320000822002116A801F05BF9069B002BC0F271
:1093300065810024059725461F460EE02BA9584657
:1093400001F06AFE411C284400F0FB81B84209DCB0
:1093500004F1040400F004820546139A125916AB76
:10936000002AEBD1059F069557E1089C059B0996BD
:10937000E41A002C7FF7A3AA02230C93A1E6059B15
:109380008DF84330069B002B27DB039B23F490636F
:10939000039350EA01035AD10699002900F0648131
:1093A00013788DF80F31012305910A930DF20F15F3
:1093B00072E60B9C54F8040B0B94039C14F01004FD
:1093C0007FF44FAF039911F0400100F0C18080B2EB
:1093D000214646E743F002030393039C00F00F038A
:1093E00004F0020524F48064D35C0595039411E530
:1093F000069B44ADCDE90933FFF73FBA049918AA9B
:10940000584600F091FC064600287FF401AA9DF81A
:109410004330DDE91921002B68D10C9B1BAF002BD9
:109420007FF44DAAFFF75BBA8DF8453030238DF8F5
:10943000443000238DF84330069B002B039BC9DB8F
:1094400023F4906343F0020303930223059300F097
:109450000F03D35CDEE4584600F028FFFFF7A9B8FD
:10946000069A44AB5B1B9A42B8BF1A460A93002384
:1094700005920993FFF701BA049918AA584600F01B
:1094800053FC00287FF4C4A9DDE919211BAFFFF7C5
:1094900026BA099D06930B960993FFF7EEB90B9B2D
:1094A000079A1B681A600DE5069B144D0B96062B58
:1094B00028BF062305930A930692FFF7DEB9002D15
:1094C00000F0EE80302301228DF80F310A922B46F6
:1094D0000DF20F15C2E4039C14F4007100F0F48047
:1094E0000146DBB20B922046FFF706BB1BAFFFF72E
:1094F000D7B900BFCCF90108E0F90108F4F9010877
:10950000039B0B9298054ABF44F3C016E61764B25A
:109510003346FFF72BBA039810F4007640F0CA8068
:1095200006998DF8436000291C46FFF62EAB039880
:1095300020F080000390002B7FF427AB0B920029D2
:109540007FF4C7AB0A910591099144ADFFF795B936
:10955000039C14F4007414BFC0B2214681E60E9A35
:109560000F99AD1A284601F02DF998F801300BB18A
:1095700008F10108A44AA31943F10003A2FB030C5C
:109580002CF0030000EB9C001B1AE31A4FF0CC31C7
:1095900066F1000603FB01F102FB0611A3FB02309A
:1095A00001445B0843EAC1744E08A31943F1000368
:1095B000A2FB031020F0030101EB90015B1AE31AF8
:1095C000A3FB023166F1000002FB00125B0843EAD4
:1095D000C27303EB8303A4EB4303303305F8013C70
:1095E0000120013DFFF730BB13788DF80F3126F4D1
:1095F00080630A9503930DF20F154DE516AB0093AA
:109600000023194613AA584601F02CFD03460133E6
:10961000069000F09680099B1393069B43B3632B3F
:109620006ADC002309932BAD0822002116A800F064
:10963000D7FF069C16AB009313AA2346294658462B
:1096400001F010FD844240F0CF80069900236B5456
:1096500021EAE17205929DF84320002A68D1CDE904
:109660000A160692FFF709B9069B0A9344AD13E563
:109670009DF84330099D0B96003B18BF01230593CD
:10968000069B0A9308E59DF843303BB1069BCDE964
:109690000933012344AD0593FFF793B9069BB6E563
:1096A000069B0A9344ADFFF7D9BB0B9B079A1B6837
:1096B0001A8007E4DCB2069B8DF84310002B0E469F
:1096C000BFF65CAAFFF761BA03980B92FFF714BAD2
:1096D000099D284601F034FC9DF843300A9020EAA9
:1096E000E0720592002B3FF4D4AE0132069405924D
:1096F0000B960994FFF765B9591C5846EBF70CFF18
:109700000546F0B109908FE7886D01F027FBFFF760
:109710003DB8002280460692FEF7A1BF049918AA20
:10972000584600F001FB00283FF45CA8FFF776B82C
:10973000069A0A92059A0B96013205920693FFF754
:1097400040B90498B0F90C30426E43F04001D207A2
:1097500081813FF5A6A999053FF5A3A9FFF7F1B8C7
:10976000059F5AE7099D06920B960992FFF785B867
:1097700042B1069A0B96511C05910A9206900990E7
:10978000FFF71FB9069B09920B960A930593069261
:10979000FFF773B80B9A98F8013052F8041B0B923C
:1097A00041EAE17180460691FEF757BF049A536E75
:1097B000DF073FF576A993899E053FF572A9906D65
:1097C00001F0CCFAFFF76DB90DF20F15FFF73ABBB8
:1097D000059361E4069B0122012BB8BF01230DF222
:1097E0000F150A92FFF73ABB049A938943F040039E
:1097F0009381FFF70DB80398EEE40996FFF745B89B
:109800000993FFF769B800BFCDCCCCCC2DE9F0416E
:1098100098468B89ADF58D6D23F00203ADF80C30C1
:109820001AAB009304934FF48063029305934B6E3D
:109830001993CB89ADF80E30CB6907934B6A099326
:1098400016460023074616A80D46069301F080FA37
:109850003246434669463846FEF794FE061E6C467D
:1098600007DB6946384600F0D1FB002818BF4FF0EF
:10987000FF36A3895B0603D5AB8943F04003AB8178
:10988000A06D01F067FA30460DF58D6DBDE8F081F1
:109890002DE9F84F1646002900F098800C468046C6
:1098A00006F10B05ECF706F954F8041C162DA4F18B
:1098B000080921F0030758D81025AE4258D8AF4206
:1098C00062DABF4B9A6809EB070C6245DCF80400CA
:1098D00000F0928020F0010363445B68DB076AD4E8
:1098E00020F003003B189D4249DDCB0712D454F809
:1098F000083CA9EB030BDBF8043023F0030210440F
:1099000000EB070A554540F3F88007EB020A55457E
:1099100040F3CE8031464046EBF7FEFD0646002878
:1099200000F0228154F8043C23F001034B44A0F1E1
:109930000802934200F0B6803A1F242A00F2D98030
:10994000132A00F2A4800346224611681960516868
:10995000596092689A6021464046EBF7E1FD404627
:10996000ECF7ACF83046BDE8F88F35F00705A4D524
:109970000C23C8F8003000263046BDE8F88F1F469B
:10998000DCE90223D3609A60D9F804307A1B0F2AED
:1099900003F0010309EB07001DD83B43C9F804306D
:1099A000436843F0010343604046ECF787F82646DE
:1099B0003046BDE8F88FC907ACD454F8083CA9EB91
:1099C000030BDBF8043023F003029EE7BDE8F84FF9
:1099D0001146EBF7A1BD09EB05012B4342F0010253
:1099E000C9F804304A60436843F00103436008311A
:1099F0004046EBF795FDD7E720F00300C21905F1CB
:109A0000100C624580F29180CA0783D454F8082C68
:109A1000A9EB020BDBF8042022F00302104400EB58
:109A2000070AD4453FF771AF5E46DBF80C1056F8D5
:109A3000080F3A1F242AC160886000F2AE80132A02
:109A400040F2A9802168CBF808106168CBF80C10AF
:109A50001B2A00F2A88008340BF110022168116063
:109A600061685160A16891600BEB0501AAEB0502EA
:109A700042F0010299604A60DBF8043003F0010310
:109A80002B434046CBF80430ECF718F890E72368F6
:109A90000360636843601B2A3CD804F1080200F1AC
:109AA000080352E750F8043C23F003031F446BE71C
:109AB0003A1F5E46DBF80C3056F8081F242ACB60AC
:109AC000996022D8132A1ED92368CBF8083063681E
:109AD000CBF80C301B2A3BD808340BF1100322685A
:109AE0001A6062685A60A2689A6034465746D9463E
:109AF0004AE7214600F0DCFC2DE7DCE902133A1FBF
:109B0000CB609960D5E73346E9E72146304600F05F
:109B1000CFFCEAE7A3688360E368C360242A27D008
:109B200004F1100200F110030FE709EB0501996041
:109B3000531B43F001034B6054F8043C03F0010352
:109B40002B43404644F8043CEBF7B8FF26462FE78A
:109B5000A368CBF81030E368CBF81430242A10D077
:109B600010340BF11803BAE74046EBF7A7FF02E702
:109B7000236903616169416104F1180200F118036E
:109B8000E3E62369CBF818306369CBF81C3018344E
:109B90000BF12003A3E7324660E72146304600F090
:109BA00087FC074B60E7A168CBF81010E168CBF8A1
:109BB0001410242A06D010340BF118024EE700BF0F
:109BC000980300202269CBF818206269CBF81C208A
:109BD00018340BF1200241E72DE9F04707464948C8
:109BE0000E46354616F801EB10F80EC01CF0080CB6
:109BF000F7D1BEF12D0F5AD0BEF12B0F03BF96F84F
:109C000000E06446AE1C64464BB9BEF1300F5CD038
:109C10000A23DFF8F4804FF0050A99460AE0102B7A
:109C20004AD04FF0FF38B8FBF3F803FB08FA6FEAAD
:109C30000A0A99460025284605E02CD009FB00C0F9
:109C4000012516F801EBAEF1300CBCF1090F06D975
:109C5000AEF1410CBCF1190F0BD8AEF1370C6345D6
:109C600010DDB5F1FF3FECD04045E6D94FF0FF35B0
:109C7000E7E7AEF1610CBCF1190F03D8AEF1570C58
:109C80006345EEDC6B1C0BD004B140420AB165B9F0
:109C90001160BDE8F087D445D0DD4FF0FF35D0E747
:109CA00022233B602846002AF3D0711EF0E796F885
:109CB00000E00124AE1CA7E7BEF1300F11D04FF039
:109CC0000F0A6FF070489946B4E7337803F0DF036A
:109CD000582B0BD008234FF0070A6FF060489946C5
:109CE000A8E7307800F0DF005828E8D14FF01009DD
:109CF00096F801E04FF00F0A02366FF070484B46BD
:109D000098E700BF8D2902089999991910B4054C5C
:109D10008446134620685DF8044B0A466146FFF707
:109D20005BBF00BF000A0020936810B514461BB942
:109D300018460023636010BD01F0B6F90023A3604C
:109D40000023636010BD00BF70B5054688B00846AB
:109D50000C4601F0F5F82A4E6A6B05900121431874
:109D6000CDE9066104A8022104940393AC68019034
:109D70000291002A40D0636EB4F90C20D8071AD59E
:109D8000910421D442F4005223F40053A28163666B
:109D9000284601AA214601F087F9636E002814BF06
:109DA0004FF0FF350A25DA0702D4A3899B0510D5A9
:109DB000284608B070BD900511D59104E2D59E04E7
:109DC000E6D54FF0FF35F0E79E04E1D54FF0FF35C3
:109DD000EEE7A06D00F0C2FF284608B070BDA06D90
:109DE00000F0BAFFB4F90C20636E9004CAD5990450
:109DF000CED54FF0FF35D6E7284600F057FABAE740
:109E0000FCF90108024B01461868FFF79DBF00BF2F
:109E1000000A002070B500293FD006460C4610B15C
:109E2000436B002B3CD0636EB4F90C20DD0732D4B9
:109E3000900538D52146304600F04CF8E36A0546D7
:109E400033B1E169304698470028B8BF4FF0FF357D
:109E5000A3891A0639D4216B41B104F14003994218
:109E600002D03046EBF75CFB00232363616C21B129
:109E70003046EBF755FB0023636400F035FA636E60
:109E80000022DB07A2811CD5A06D00F063FF00F06B
:109E900031FA284670BD002ACCD10025284670BD75
:109EA00000F004FABFE7A06D00F056FFB4F90C30E3
:109EB000002BBFD1636ED907EFD4A06D00F04EFF29
:109EC000EBE7A06D00F04AFFDEE721693046EBF7D3
:109ED00027FBC0E7B1F90C202DE9F04180461007BF
:109EE0000C4650D4496842F400630029A38165DD23
:109EF000A66A002E44D0002112F48052D8F80050F7
:109F0000C8F8001067D1E16901234046B047411C01
:109F100002466ED0B4F90C30A66A5B0705D56368BB
:109F2000D21A236B0BB1E36BD21A0023E1694046CE
:109F3000B047471CB4F90C304FD1D8F800101D2998
:109F400042D8314ACA40D6073ED52269226023F45E
:109F50000062A281D9044FF00002626003D5D8F8F4
:109F60000030002B43D0216BC8F8005041B104F100
:109F70004003994202D04046EBF7D2FA0023236314
:109F80000020BDE8F0810E69002EF9D00D680E604A
:109F900092070CBF4B690023AD1B8B600BE02B4677
:109FA0003246E169676A4046B847B0F1000CA5EB5C
:109FB0000C05664406DD002DF1DCE1E7E16B0029CC
:109FC00096DCDDE7B4F90C3043F04003A3814FF099
:109FD000FF30BDE8F081226D9FE72269226023F403
:109FE0000062A281DB044FF000026260BBD52065F5
:109FF000B9E7D8F80030002B8CD01D2B01D0162BE0
:10A00000E0D1C8F80050BBE70100402038B50C464D
:10A01000054608B1436B03B3B4F90C0088B1636E15
:10A02000DB0701D481050FD528462146FFF752FFF3
:10A03000636EDA07054602D4A3899B0508D5284636
:10A0400038BD0546284638BDA06D00F085FEEBE71B
:10A05000A06D00F083FE284638BD00F027F9DBE74D
:10A0600050B338B5174B1D6804460DB16B6BBBB1CF
:10A07000B4F90C0088B1636EDB0701D4810513D5F8
:10A0800028462146FFF726FF636EDA07054602D40D
:10A09000A3899B050CD5284638BD0546284638BD02
:10A0A000284600F003F9E3E7A06D00F055FEE7E76E
:10A0B000A06D00F053FEEEE7034A0449044801F0A6
:10A0C00069B900BF000A0020A00700200DA0010808
:10A0D000080A002010B50C46B1F90E1000F032FC51
:10A0E000002803DB236D0344236510BDA38923F4FB
:10A0F0008053A38110BD00BF2DE9F0410C46B1F99A
:10A100000C101F46CB05054616460BD421F4805192
:10A11000A1813B46B4F90E1032462846BDE8F04115
:10A1200000F050BCB4F90E100223002200F0F4FB42
:10A13000B4F90C10EAE700BF10B50C46B1F90E10E7
:10A1400000F0EAFBB4F90C30421C0EBF23F480533C
:10A1500043F480532065A38110BD00BFB1F90E10F8
:10A1600000F0B2BB024A0349034801F013B900BF33
:10A17000A0070020159E0108080A00200C4B41682A
:10A18000994210B5044601D0FFF744FEA168094B7F
:10A19000994202D02046FFF73DFEE168064B994206
:10A1A00004D02046BDE81040FFF734BE10BD00BF0C
:10A1B000B082002018830020808300202DE9F8431E
:10A1C000314A324C3249DFF8DC90DFF8DC80314F25
:10A1D0001160002504232946082204F15C00C4E92B
:10A1E00003352D4EA560C4E90055C4E905556566E3
:10A1F00000F0F6F904F15800C4E90749C4E90987F9
:10A20000E66200F0A5FD2946244B6367082204F1AD
:10A21000C400C4E91A55C4E91E552567C4F8CC50DA
:10A22000C4F8805000F0DCF904F1680304F1C000C8
:10A23000C4F88430C4E92298C4E9247600F088FD8B
:10A24000174BC4F8DC30294604F596700822C4E99F
:10A250003455C4E93855C4F8D850C4F83451C4F85A
:10A26000E85000F0BDF904F1D003C4E93D87C4F81B
:10A27000F09004F59470C4F8FC60C4F8EC30BDE8CC
:10A28000F84300F065BD00BFE8830020B0820020E5
:10A2900065A1010839A101085DA1010809000100BB
:10A2A00012000200D5A00108F9A0010810B504466B
:10A2B0000A4800F051FD636B23B9094B094A1B683A
:10A2C000626323B1BDE81040044800F047BDFFF7CA
:10A2D00075FFBDE81040014800F040BDF08300204C
:10A2E000E88300207DA10108014800F035BD00BFD2
:10A2F000F0830020014800F031BD00BFF083002052
:10A30000144B70B51E6805460C460EB1736BE3B175
:10A31000636ED80702D4A389990512D5224629462F
:10A32000304601F0C1F8636EDA07054602D4A3890E
:10A330009B0501D5284670BDA06D00F00FFD284695
:10A3400070BDA06D00F008FDE8E73046FFF7AEFFF6
:10A35000DEE700BF000A002038B53D4B1B6805460C
:10A360000C4613B15A6B002A5AD0B4F90C301907B5
:10A370000BD522699AB113F0010221D19B075ABF74
:10A380006369A360A260002038BDDA0658D558077B
:10A390001CD4226943F00803A381002AEBD199055C
:10A3A00028D5180603F0800124D4D80741D49D078E
:10A3B0003CD5A2600029E6D043F04003A38144E0ED
:10A3C000636900225B42A260A361DCE7216B51B1AB
:10A3D00004F14002914204D02846EBF7A1F8B4F909
:10A3E0000C300022226322690021C4E9002123F0FD
:10A3F0002403CFE72146284600F0EEFFB4F90C30E5
:10A40000226913F001010FD0616900204942A06068
:10A41000A161002AB7D103F080010029B3D0CBE7B6
:10A420001846FFF743FFA0E7980700D46169A160D1
:10A43000EFE76069A2604042A0610029A3D0BBE7BA
:10A44000092243F040032A60A3814FF0FF3038BD5A
:10A45000000A0020032A30B412D941EA0004A407FC
:10A4600084460B4621D11946604653F8044B5CF8EC
:10A47000045BA54219D1043A032AF4D86046194670
:10A48000541E7AB1431E0139021901E09A4209D0E3
:10A4900013F8010F11F801CF6045F7D0A0EB0C00C5
:10A4A00030BC7047002030BC7047541EEAE700BF44
:10A4B0008842F0B514D98B18834211D9032A00EBD6
:10A4C000020166D802F1FF3C4AB16FEA0C0C0A4661
:10A4D0009C4413F8011D02F8011D6345F9D1F0BD3C
:10A4E000032A0FD8034602F1FF3C002AF7D00CF1F3
:10A4F000010C013B8C4411F8012B03F8012F61453D
:10A50000F9D1F0BD41EA00039B073ED10F2A64D97F
:10A51000A2F1100301F1100423F00F032031A4462F
:10A52000194400F1100E5CF8105C4EF8105C5CF8F9
:10A530000C5C4EF80C5C5CF8085C4EF8085C5CF84F
:10A54000045C4EF8045C0CF1100C8C450EF1100EFE
:10A55000E9D1E11812F00C0F034402F00F0E03F1E1
:10A56000100338D02EF00305043D1A1F5E198C46E7
:10A570005CF8044B42F8044FB242F9D10431043381
:10A5800029442B440EF00302ADE702F1FF3C0346E1
:10A59000ADE741EA0304A4071F4602D002F1FF3CE5
:10A5A00093E7A2F1040E2EF003068E1B4FEA9E0ED7
:10A5B0008C46644653F8045D4CF8045DB442F8D10F
:10A5C000CEEB8E7301EB830107EB83073B1F04394E
:10A5D00002F0030276E7724685E703469646C1E736
:10A5E000830730B546D08418844604E003F8011B85
:10A5F0009D0704D09C46A4456346F7D130BD013A7F
:10A600000244A2EB0C02032A29D9CCB204EB0424A5
:10A610000F2A04EB04442FD9A2F1100C2CF00F0CDC
:10A6200003F11005AC44C3E90044C3E9024410330C
:10A630006345F8D112F00C0F02F00F0E18D02EF077
:10A64000030C9C44AEF104051A4642F8044B6245E3
:10A65000FBD125F0030404330EF003022344002A47
:10A66000CCD0C9B21A4403F8011B9342FBD130BDD0
:10A670007246F4E70346C6E79646E0E711F0FF01AD
:10A68000034600F0030239D08ABB026810B501EB23
:10A69000012E0EEB0E4E8EEA0204A2F1013323EAE4
:10A6A0000203A4F1013222EA0402134313F0803FB3
:10A6B0000FD150F8044F84EA0E0CA4F10133ACF131
:10A6C000013223EA040322EA0C02134313F0803F11
:10A6D000EFD0037823B936E010F8013F002B32D0D9
:10A6E0009942F9D110BD8A4228D09A0729D01A7808
:10A6F00018460133002AF6D110467047CAB90268DD
:10A70000A2F1013323EA020313F0803F08D150F88D
:10A71000042FA2F1013323EA020313F0803FF6D0A5
:10A7200003785BB110F8013F002BFBD1704799070C
:10A7300005D0184613F8012B002AF8D170471846A7
:10A74000DDE71846A1E7184610BD00BF8AB330B553
:10A7500040EA0104A40786460B4617D1032A07D80E
:10A7600014E0043A23D01CF0803F20D1032A26D9DC
:10A77000DEF80040194653F8045BA4F1013CAC42FA
:10A7800070462CEA040C0EF1040EEAD003780C7823
:10A79000013AA34208BF121807D00CE06BB110F8C1
:10A7A000013F11F8014FA34205D19042F6D100209C
:10A7B00030BD10467047181B30BD184630BD70467E
:10A7C0001946E3E740EA01039B0710B501D1032ACC
:10A7D00017D8844601F1FF3E07E01EF8011F03F879
:10A7E000011B541E29B19C4622466346002AF4D11F
:10A7F00010BD9444002CFBD003F8011B6345FBD132
:10A8000010BD8E468446DEF80040A4F1013323EAF1
:10A81000040313F0803F71460EF1040EDAD1043ABE
:10A82000032A4CF8044BEED87146D3E799B110B423
:10A83000034601EB000C01E09C4508D01A460133A9
:10A840001478002CF8D1101A5DF8044B70470846B4
:10A850005DF8044B70470846704700BF38B5144B8D
:10A860001F281D681ED8D5F8F821044662B152F899
:10A8700020304BB1012B05D0591C0FD0002142F8DC
:10A8800020109847002038BD284600F087F822465F
:10A8900001462846BDE8384000F06AB816232B6010
:10A8A000012038BD16232B604FF0FF3038BD00BFAC
:10A8B000000A0020014B93F810027047AC070020FB
:10A8C000004870478409002038B5074D002204462F
:10A8D00008462A60EBF79CF9431C00D038BD2B6872
:10A8E000002BFBD0236038BDEC83002070B50C46F4
:10A8F000084D03460026204611461C462E60EBF705
:10A9000000FB431C00D070BD2B68002BFBD02360E4
:10A9100070BD00BFEC83002038B50D46084C84465E
:10A92000114628461A46002323606546EBF796FA3F
:10A93000431C00D038BD2368002BFBD02B6038BDF2
:10A94000EC83002038B50D46084C84461146284655
:10A950001A46002323606546EBF716FA431C00D025
:10A9600038BD2368002BFBD02B6038BDEC83002062
:10A9700070B50C46084D03460026204611461C467D
:10A980002E60EBF78BF8431C00D070BD2B68002BBA
:10A99000FBD0236070BD00BFEC830020EBF77CB8D8
:10A9A00038B5074D0022044608462A60EBF75EF8EA
:10A9B000431C00D038BD2B68002BFBD0236038BD72
:10A9C000EC83002038B50D46084C844611462846D5
:10A9D0001A46002323606546EBF766F9431C00D056
:10A9E00038BD2368002BFBD02B6038BDEC830020E2
:10A9F000014B1868704700BF000A0020082802D1E8
:10AA00004FF48050704708B5FFF7F2FF162303603C
:10AA10004FF0FF3008BD00BF000000000000000044
:10AA200002780B78012A28BF9A4240F0D8806DE95D
:10AA3000044540EA0104CDE902676FF0000C4FEADB
:10AA400044721AB380EA010414F0070F6BD100F0CE
:10AA5000070420F0070004F0030521F007014FEA86
:10AA6000C505F0E8042314F0040FF1E804670CFABC
:10AA700005F462EA040266EA04060BD063EA040302
:10AA8000624667EA0407664604E000BFF0E8042374
:10AA9000F1E8046782FA4CF582EA0604A4FA8CF421
:10AAA0006CBB83FA4CF583EA0705A5FA8CF595B9DA
:10AAB00050E9022351E9026782FA4CF582EA060462
:10AAC000A4FA8CF483FA4CF583EA0705A5FA8CF511
:10AAD0002543DBD09CB92DBAB5FA85F424F00704E0
:10AAE00027FA04F1DDE9026723FA04F303F0FF001B
:10AAF00001F0FF01FDE80445A0EB0100704724BA16
:10AB0000B4FA84F424F0070426FA04F1DDE90267BC
:10AB100022FA04F202F0FF0001F0FF01FDE8044513
:10AB2000A0EB0100704714F0030F3CD110F00304B8
:10AB300028D150F8082B51F8083B82FA4CF582EAEC
:10AB40000305A5FA8CF55DB950F8042C51F8043CC6
:10AB500082FA4CF582EA0305A5FA8CF5002DE8D0BF
:10AB60002DBAB5FA85F424F0070423FA04F122FA89
:10AB700004F202F0FF0001F0FF01FDE80445A0EB44
:10AB8000010070474FEAC40420F0030050F8082B7E
:10AB900021F0030151F8083B0CFA04F462EA0402C4
:10ABA00063EA0403C9E710F003041DD0A1EB04011C
:10ABB00020F00300E40750F8042B06D012D28B7863
:10ABC0005FFAA2F4E41A06D12BB1CB785FFAB2F4A3
:10ABD000E41A00D133B920465DF8104B7047A2EB60
:10ABE0000300704701F1040150F8042BCC0721F059
:10ABF000030151F8043B48D824D222F07F4482FA62
:10AC00004CF594EA1325A5FA8CF50AD165B951F8EB
:10AC1000043B84EA0204B4EB036F0ED150F8042B1A
:10AC2000EBE74FEA132355E035F07F454DD1087827
:10AC3000FDE80445C0F1000070474FEA126203F0DE
:10AC4000FF0347E002EA1C4482FA4CF594EA1345FC
:10AC5000A5FA8CF50AD165B951F8043B84EA0204DF
:10AC6000B4EB034F0CD150F8042BEBE74FEA13433E
:10AC700030E015EA1C4528D10B884FEA124229E042
:10AC80004FEA124203EA1C4324E002F0FF0482FA76
:10AC90004CF594EA1365A5FA8CF50AD165B951F81B
:10ACA000043B84EA0204B4EB032F09D150F8042BCF
:10ACB000EBE74FEA13630DE015F0FF0F05D10B68CA
:10ACC0004FEA122223F07F4304E04FF00000FDE83A
:10ACD0000445704712BA1BBA82FA4CF482EA0304A4
:10ACE000A4FA8CF5B5FA85F402FA04F203FA04F337
:10ACF0004FEA1260FDE80445A0EB1360704700BF07
:10AD000070B50F4B0F4DAB42A3EB050607D0B61045
:10AD1000002455F8043B01349847A642F9D802F0C4
:10AD2000D3FC094D094B5E1BAB424FEAA60606D089
:10AD3000002455F8043B01349847A642F9D870BD69
:10AD4000100C0020100C0020100C0020540C0020CF
:10AD5000704700BF704700BF704700BF704700BF1B
:10AD600001F0FF01102A2BDB10F0070F08D010F8BC
:10AD7000013B013A8B422DD010F0070F42B3F6D1C0
:10AD8000F0B441EA012141EA014122F007047FF0D9
:10AD900000070023F0E80256083C85EA010586EA30
:10ADA000010685FA47F5A3FA87F586FA47F6A5FA6C
:10ADB00087F68EB9EED1F0BC01F0FF0102F0070278
:10ADC00032B110F8013B013A83EA010313B1F8D123
:10ADD0000020704701387047002D06BF3546033804
:10ADE000073815F0010F07D1013015F4807F02BF3D
:10ADF000013015F4C03F0130F0BC0138704700BF8E
:10AE0000844641EA000313F003036DD1403A41D375
:10AE100051F8043B40F8043B51F8043B40F8043B34
:10AE200051F8043B40F8043B51F8043B40F8043B24
:10AE300051F8043B40F8043B51F8043B40F8043B14
:10AE400051F8043B40F8043B51F8043B40F8043B04
:10AE500051F8043B40F8043B51F8043B40F8043BF4
:10AE600051F8043B40F8043B51F8043B40F8043BE4
:10AE700051F8043B40F8043B51F8043B40F8043BD4
:10AE800051F8043B40F8043B51F8043B40F8043BC4
:10AE9000403ABDD2303211D351F8043B40F8043B64
:10AEA00051F8043B40F8043B51F8043B40F8043BA4
:10AEB00051F8043B40F8043B103AEDD20C3205D374
:10AEC00051F8043B40F8043B043AF9D2043208D06C
:10AED000D2071CBF11F8013B00F8013B01D30B88DE
:10AEE00003806046704700BF082A13D38B078DD0BC
:10AEF00010F003038AD0C3F10403D21ADB071CBF8E
:10AF000011F8013B00F8013B80D331F8023B20F8F7
:10AF1000023B7BE7043AD9D3013A11F8013B00F830
:10AF2000013BF9D20B7803704B7843708B788370B8
:10AF300060467047000000000000000000000000B4
:10AF400030B490F800F020F007016FF0000C10F022
:10AF5000070491F820F040F048804FF000046FF0B3
:10AF60000700D1E9002391F840F000F1080082FACF
:10AF70004CF2A4FA8CF283FA4CF3A2FA8CF34BBB9A
:10AF8000D1E9022382FA4CF200F10800A4FA8CF213
:10AF900083FA4CF3A2FA8CF3E3B9D1E9042382FAE1
:10AFA0004CF200F10800A4FA8CF283FA4CF3A2FAF6
:10AFB0008CF37BB9D1E9062301F1200182FA4CF22E
:10AFC00000F10800A4FA8CF283FA4CF3A2FA8CF395
:10AFD000002BC6D0002A04BF04301A4612BAB2FAB7
:10AFE00082F200EBD20030BC7047D1E9002304F0BC
:10AFF0000305C4F100004FEAC50514F0040F91F8F1
:10B0000040F00CFA05F562EA05021CBF63EA05038D
:10B0100062464FF00004AAE770B5054684B05BB104
:10B020001C460F4BD3F8C861234669B12846B04788
:10B03000431C0FD004B070BD094B00F58274D3F8E7
:10B04000C86123460029F1D10A46284601A9B04724
:10B05000431CEFD100228A2322602B6004B070BD14
:10B06000AC07002010B582B0049CCDE900344FF04D
:10B07000FF3300F043FB02B010BD00BF82B049B106
:10B080005AB16BB113780B601278101E18BF0120F3
:10B0900002B0704701A9002AF3D1104602B07047F0
:10B0A0006FF00100F4E700BF9368002B00F0AF8061
:10B0B0002DE9F04FB1F90CC01CF0080F83B0174612
:10B0C00080460C4626D00B6923B31CF002093E686B
:10B0D0002CD04FF0000ADFF8B8B25546B9465D45AE
:10B0E0002B46524628BF5B464046002D7ED0E16984
:10B0F000676AB847002840F38280D9F808301B1AE5
:10B1000082442D1AC9F80830002BE8D1002003B082
:10B11000BDE8F08F21464046FFF71EF9002873D1A5
:10B12000B4F90CC03E681CF00209D2D11CF0010A2F
:10B130006FD1236800975546002D53D01CF4007F33
:10B14000D4F80890184600F0A980A945CB4600F233
:10B15000E3801CF4906F32D021696269A3EB01098E
:10B1600002EB420202EBD27209F1010352102B44AE
:10B17000934292BF93469B461A461CF4806F00F0A0
:10B18000EA8011464046EAF7C7F9002800F0F98046
:10B190004A4621690190FFF733FEA289019B22F400
:10B1A000906242F08002A28103EB09002361ABEBC5
:10B1B0000903C4F814B0A3602060A946AB46514609
:10B1C0005A46FFF775F9A2682368A2EB0902A2604C
:10B1D000009A91685B44491B23609160002995D0D7
:10B1E000B4F90CC0D6E900A50836A5E7D6E900A554
:10B1F000083674E721464046FEF708FF68B3B4F905
:10B200000C3043F04003A3814FF0FF307FE7002074
:10B2100070474D46BA46484600964F465DB30028F3
:10B2200031D04A46D4E904132068AA4228BF2A46EE
:10B23000884204D9A16803EB010B5A457CDC934298
:10B240006DDCE169666A3A464046B047B0F1000BF2
:10B25000D5DDB9EB0B09CDD00120DAF80830A3EB2E
:10B260000B035F44A5EB0B05CAF80830002B3FF435
:10B270004DAF002DD3D1009A556813460832009285
:10B28000002DF8D01F682A460A213846FFF768FDCE
:10B29000002873D00130A0EB0709C2E722699A4267
:10B2A00022D36269AA421FD86FF00043AB4228BF85
:10B2B0002B46E16993FBF2F3676A02FB03F3404616
:10B2C0005246B847B0F1000999DD009A9368A3EBA4
:10B2D0000903A5EB0905CA449360002B3FF416AFA0
:10B2E000B4F90CC0236827E7A94528BFA94618462A
:10B2F0004A465146FFF7DCF8A2682368A2EB090230
:10B300004B44A2602360002ADFD121464046FEF76D
:10B310007DFE0028D9D072E7A946AB464FE73946F3
:10B320000192FFF7C5F8019AA3689B1AA3602368EE
:10B330001344236093468CE739465A46FFF7B8F822
:10B3400023685B44236021464046FEF75FFE0028E9
:10B350003FF47FAF53E74046EAF7E0F803460028A2
:10B360007FF422AF21694046EAF7DAF8B4F90C30ED
:10B370000C22C8F8002023F0800342E76A1C9146A3
:10B3800050E70C22B4F90C30C8F8002039E700BFB0
:10B3900000FCFF7F2DE9F8430746884616464FF02C
:10B3A0000009D6E90154013D10D4A389012B08D925
:10B3B000B4F90E3001332146384602D0C04749EA7D
:10B3C0000009013D6B1C04F16804EED13668002EC3
:10B3D000E7D14846BDE8F88370B5B1F90C300C46AA
:10B3E000990796B007D504F143030122C4E904325A
:10B3F000236016B070BDB4F90E10002905462BDB92
:10B400006A46FFF773FA002824DB4FF48061284670
:10B41000019EEAF781F8B4F90C30A0B306F4704647
:10B4200043F080034FF48062B6F5005FA381206093
:10B430002061626135D1B4F90E10284600F0D4F8CD
:10B44000B4F90C3068B323F0030343F001034FF465
:10B45000006214E0B4F90C3013F0800F0CBF4FF40D
:10B460008066402631462846EAF756F8B4F90C3093
:10B4700048B1C4E9040643F080032060002213436E
:10B48000A38116B070BD9A05B3D423F0030304F171
:10B49000430243F002030121C4E90421A381226095
:10B4A000A7E74FF40062EAE770B50E46144605467A
:10B4B00010B1436B002B2FD0636ED80702D4A38941
:10B4C000990520D5A368013B002BA36019DAA26976
:10B4D00093420FDBF0B20A280CD023685A1C22607A
:10B4E00005461E70636EDA0702D4A3899B050ED54C
:10B4F000284670BD28462246314600F01FF8054612
:10B50000F0E7F0B2E9E7A06DFFF726FCDAE7A06DFF
:10B51000FFF724FC284670BDFEF7C8FECCE700BF4D
:10B5200049B1FF2A02D80A70012070478A230360BC
:10B530004FF0FF3070470846704700BFF8B50D4622
:10B540001446064610B1436B002B4AD0B4F90C30B8
:10B55000A269A26018071FD52269EAB1EDB2990469
:10B56000626E2F4624D592042FD422682369616924
:10B57000D31A99422CDD0133A1680139A160511C15
:10B580002160157062699A4219D0A389DB0701D541
:10B590000A2D14D03846F8BD21463046FEF7DCFEB1
:10B5A00098B9B4F90C30626EEDB299042F46DAD432
:10B5B00043F4005322F40052A3816266D5E721468A
:10B5C0003046FEF723FD0028E4D04FF0FF37E1E7D7
:10B5D00021463046FEF71AFD0028F6D122680123E5
:10B5E000CAE7FEF763FEB1E738B5074D002204460F
:10B5F00008462A60EAF7C6FB431C00D038BD2B681A
:10B60000002BFBD0236038BDEC8300202DE9F04FE8
:10B610008BB0DDE91589149F02901C46B8F1000F2C
:10B620004FD0166801960029C34608BF4FF0FF3778
:10B63000002503919246884607E0019B53F8040BCE
:10B640000193013C00284AD06546AF4235D9002C11
:10B6500033D0DBF800300493DBF804300593019B12
:10B6600002981A68D9F8C8615B4606A9B047431C1E
:10B670001CD000EB050CBC4526D8039B002BDCD06E
:10B6800000280DDD08F1FF32019E06A902EB000E35
:10B6900011F8013B02F8013F7245F9D1019680444F
:10B6A000DAF800200432CAF80020C6E7029B8A219B
:10B6B000002219600546CBF8002028460BB0BDE8F3
:10B6C000F08F00F58678ACE7D846DDF810A0DDF8FD
:10B6D00014B02846C8E900AB0BB0BDE8F08F039961
:10B6E000D84609B1CAF800000CF1FF3500222846FF
:10B6F000C8F800200BB0BDE8F08F00BF10B584B0D3
:10B70000054C069800900798019004480068029440
:10B71000FFF77CFF04B010BDAC070020000A00203A
:10B7200081F0004102E000BF83F0004330B54FEAF2
:10B7300041044FEA430594EA050F08BF90EA020F5F
:10B740001FBF54EA000C55EA020C7FEA645C7FEAF2
:10B75000655C00F0E2804FEA5454D4EB5555B8BF15
:10B760006D420CDD2C4480EA020281EA030382EA86
:10B77000000083EA010180EA020281EA0303362D18
:10B7800088BF30BD11F0004F4FEA01314FF4801CEB
:10B790004CEA113102D0404261EB410113F0004FFD
:10B7A0004FEA03334CEA133302D0524263EB4303B4
:10B7B00094EA050F00F0A780A4F10104D5F1200E52
:10B7C0000DDB02FA0EFC22FA05F2801841F10001AD
:10B7D00003FA0EF2801843FA05F359410EE0A5F181
:10B7E00020050EF1200E012A03FA0EFC28BF4CF0B2
:10B7F000020C43FA05F3C01851EBE37101F0004568
:10B8000007D54FF0000EDCF1000C7EEB00006EEB74
:10B810000101B1F5801F1BD3B1F5001F0CD34908FE
:10B820005FEA30004FEA3C0C04F101044FEA445255
:10B8300012F5800F80F09A80BCF1004F08BF5FEADC
:10B84000500C50F1000041EB045141EA050130BDBC
:10B850005FEA4C0C404141EB0101013C28BFB1F5CE
:10B86000801FE9D291F0000F04BF01460020B1FA19
:10B8700081F308BF2033A3F10B03B3F120020CDAEC
:10B880000C3208DD02F1140CC2F10C0201FA0CF0CA
:10B8900021FA02F10CE002F11402D8BFC2F1200C2F
:10B8A00001FA02F120FA0CFCDCBF41EA0C019040E5
:10B8B000E41AA2BF01EB0451294330BD6FEA04042E
:10B8C0001F3C1CDA0C340EDC04F11404C4F1200219
:10B8D00020FA04F001FA02F340EA030021FA04F32B
:10B8E00045EA030130BDC4F10C04C4F1200220FA82
:10B8F00002F001FA04F340EA0300294630BD21FAC0
:10B9000004F0294630BD94F0000F83F4801306BF85
:10B9100081F480110134013D4EE77FEA645C18BF79
:10B920007FEA655C29D094EA050F08BF90EA020F10
:10B9300005D054EA000C04BF1946104630BD91EA08
:10B94000030F1EBF0021002030BD5FEA545C05D10B
:10B950004000494128BF41F0004130BD14F580044A
:10B960003CBF01F5801130BD01F0004545F0FE41BE
:10B9700041F470014FF0000030BD7FEA645C1ABFF3
:10B98000194610467FEA655C1CBF0B46024650EA2A
:10B99000013406BF52EA033591EA030F41F4002156
:10B9A00030BD00BF90F0000F04BF0021704730B5DC
:10B9B0004FF4806404F132044FF000054FF00001B1
:10B9C00050E700BF90F0000F04BF0021704730B572
:10B9D0004FF4806404F1320410F0004548BF404247
:10B9E0004FF000013EE700BF42004FEAE2014FEA9C
:10B9F00031014FEA02701FBF12F07F4393F07F4F77
:10BA000081F06051704732F07F4208BF704793F079
:10BA10007F4F04BF41F40021704730B54FF460748C
:10BA200001F0004521F000411CE700BF50EA01028F
:10BA300008BF704730B54FF000050AE050EA010238
:10BA400008BF704730B511F0004502D5404261EBA8
:10BA500041014FF4806404F132045FEA915C3FF4E9
:10BA6000D8AE4FF003025FEADC0C18BF03325FEA86
:10BA7000DC0C18BF033202EBDC02C2F1200300FA37
:10BA800003FC20FA02F001FA03FE40EA0E0021FA5C
:10BA900002F11444BDE600BF70B54FF0FF0C4CF44A
:10BAA000E06C1CEA11541DBF1CEA135594EA0C0FFC
:10BAB00095EA0C0F00F0DEF82C4481EA030621EA37
:10BAC0004C5123EA4C5350EA013518BF52EA033572
:10BAD00041F4801143F4801338D0A0FB02CE4FF024
:10BAE0000005E1FB02E506F00042E0FB03E54FF054
:10BAF0000006E1FB03569CF0000F18BF4EF0010E4C
:10BB0000A4F1FF04B6F5007F64F5407404D25FEA47
:10BB10004E0E6D4146EB060642EAC62141EA5551FA
:10BB20004FEAC52040EA5E504FEACE2EB4F1FD0C3C
:10BB300088BFBCF5E06F1ED8BEF1004F08BF5FEABA
:10BB4000500E50F1000041EB045170BD06F000466C
:10BB500046EA010140EA020081EA0301B4EB5C0419
:10BB6000C2BFD4EB0C0541EA045170BD41F4801111
:10BB70004FF0000E013C00F3AB8014F1360FDEBF36
:10BB8000002001F0004170BDC4F10004203C35DA12
:10BB90000C341BDC04F11404C4F1200500FA05F395
:10BBA00020FA04F001FA05F240EA020001F0004236
:10BBB00021F0004110EBD37021FA04F642EB0601AC
:10BBC0005EEA430E08BF20EAD37070BDC4F10C04D6
:10BBD000C4F1200500FA04F320FA05F001FA04F29A
:10BBE00040EA020001F0004110EBD37041F1000186
:10BBF0005EEA430E08BF20EAD37070BDC4F1200591
:10BC000000FA05F24EEA020E20FA04F301FA05F2F8
:10BC100043EA020321FA04F001F0004121FA04F2A0
:10BC200020EA020000EBD3705EEA430E08BF20EA70
:10BC3000D37070BD94F0000F0FD101F000464000AA
:10BC400041EB010111F4801F08BF013CF7D041EA2C
:10BC5000060195F0000F18BF704703F00046520030
:10BC600043EB030313F4801F08BF013DF7D043EA01
:10BC70000603704794EA0C0F0CEA135518BF95EAB7
:10BC80000C0F0CD050EA410618BF52EA4306D1D13E
:10BC900081EA030101F000414FF0000070BD50EA5D
:10BCA000410606BF1046194652EA430619D094EAE7
:10BCB0000C0F02D150EA013613D195EA0C0F05D1D1
:10BCC00052EA03361CBF104619460AD181EA030125
:10BCD00001F0004141F0FE4141F470014FF00000DD
:10BCE00070BD41F0FE4141F4780170BD70B54FF078
:10BCF000FF0C4CF4E06C1CEA11541DBF1CEA1355F8
:10BD000094EA0C0F95EA0C0F00F0A7F8A4EB0504D9
:10BD100081EA030E52EA03354FEA013100F08880D0
:10BD20004FEA03334FF0805545EA131343EA126399
:10BD30004FEA022245EA111545EA10654FEA00264E
:10BD40000EF000419D4208BF964244F1FD0404F507
:10BD5000407402D25B084FEA3202B61A65EB030563
:10BD60005B084FEA32024FF480104FF4002CB6EB20
:10BD7000020E75EB030E22BFB61A754640EA0C00A0
:10BD80005B084FEA3202B6EB020E75EB030E22BFE0
:10BD9000B61A754640EA5C005B084FEA3202B6EB21
:10BDA000020E75EB030E22BFB61A754640EA9C00E0
:10BDB0005B084FEA3202B6EB020E75EB030E22BFB0
:10BDC000B61A754640EADC0055EA060E18D04FEA6E
:10BDD000051545EA16754FEA06164FEAC30343EA0E
:10BDE00052734FEAC2025FEA1C1CC0D111F4801FDB
:10BDF0000BD141EA00014FF000004FF0004CB6E7D4
:10BE000011F4801F04BF01430020B4F1FD0C88BF72
:10BE1000BCF5E06F3FF6AFAEB5EB030C04BFB6EB7D
:10BE2000020C5FEA500C50F1000041EB045170BD70
:10BE30000EF0004E4EEA113114EB5C04C2BFD4EB9D
:10BE40000C0541EA045170BD41F480114FF0000E21
:10BE5000013C90E645EA060E8DE60CEA135594EA9D
:10BE60000C0F08BF95EA0C0F3FF43BAF94EA0C0FA0
:10BE70000AD150EA01347FF434AF95EA0C0F7FF415
:10BE800025AF104619462CE795EA0C0F06D152EA69
:10BE900003353FF4FDAE1046194622E750EA41064D
:10BEA00018BF52EA43067FF4C5AE50EA41047FF45E
:10BEB0000DAF52EA43057FF4EBAE12E74FF0FF3CC3
:10BEC00006E000BF4FF0010C02E000BF4FF0010C94
:10BED0004DF804CD4FEA410C7FEA6C5C4FEA430C0D
:10BEE00018BF7FEA6C5C1BD001B050EA410C0CBF5C
:10BEF00052EA430C91EA030F02BF90EA020F0020BE
:10BF0000704710F1000F91EA030F58BF994208BF24
:10BF100090422CBFD8176FEAE37040F001007047E1
:10BF20004FEA410C7FEA6C5C02D150EA013C07D138
:10BF30004FEA430C7FEA6C5CD6D152EA033CD3D083
:10BF40005DF8040B704700BF8446104662468C467D
:10BF50001946634600E000BF01B5FFF7B7FF0028B0
:10BF600048BF10F1000F01BD4DF808EDFFF7F4FFD9
:10BF70000CBF012000205DF808FB00BF4DF808ED64
:10BF8000FFF7EAFF34BF012000205DF808FB00BF87
:10BF90004DF808EDFFF7E0FF94BF012000205DF8A9
:10BFA00008FB00BF4DF808EDFFF7CEFF94BF01205E
:10BFB00000205DF808FB00BF4DF808EDFFF7C4FF57
:10BFC00034BF012000205DF808FB00BF4A0011D2F9
:10BFD00012F5001211D20DD56FF47873B3EB6252E3
:10BFE0000ED44FEAC12343F0004343EA505323FAEF
:10BFF00002F070474FF00000704750EA013002D164
:10C000004FF0FF3070474FF0000070474FEA410299
:10C01000B2F1E04324BFB3F5001CDCF1FE5C0DD9A6
:10C0200001F0004C4FEAC0024CEA5070B2F1004FF0
:10C0300040EB830008BF20F00100704711F0804FF3
:10C0400021D113F13872BCBF01F00040704741F4B8
:10C0500080114FEA5252C2F11802C2F1200C10FABC
:10C060000CF320FA02F018BF40F001004FEAC123A0
:10C070004FEAD32303FA0CFC40EA0C0023FA02F344
:10C080004FEA4303CCE77FEA625307D150EA01331A
:10C090001EBF4FF0FE4040F44000704701F00040EA
:10C0A00040F0FE4040F40000704700BF80F00040C8
:10C0B00002E000BF81F0004142001FBF5FEA410380
:10C0C00092EA030F7FEA226C7FEA236C6AD04FEA80
:10C0D0001262D2EB1363C1BFD218414048404140C5
:10C0E000B8BF5B42192B88BF704710F0004F40F477
:10C0F000000020F07F4018BF404211F0004F41F493
:10C10000000121F07F4118BF494292EA030F3FD05E
:10C11000A2F1010241FA03FC10EB0C00C3F1200371
:10C1200001FA03F100F0004302D5494260EB400000
:10C13000B0F5000F13D3B0F1807F06D340084FEA6B
:10C14000310102F10102FE2A51D2B1F1004F40EB60
:10C15000C25008BF20F0010040EA030070474900C8
:10C1600040EB0000013A28BFB0F5000FEDD2B0FA65
:10C1700080FCACF1080CB2EB0C0200FA0CF0AABF88
:10C1800000EBC25052421843BCBFD0401843704726
:10C1900092F0000F81F4000106BF80F4000001322C
:10C1A000013BB5E74FEA41037FEA226C18BF7FEA03
:10C1B000236C21D092EA030F04D092F0000F08BF45
:10C1C0000846704790EA010F1CBF0020704712F02C
:10C1D0007F4F04D1400028BF40F00040704712F16B
:10C1E00000723CBF00F50000704700F0004343F0D0
:10C1F000FE4040F4000070477FEA226216BF084606
:10C200007FEA23630146420206BF5FEA412390EAC8
:10C21000010F40F4800070474FF0000304E000BFBE
:10C2200010F0004348BF40425FEA000C08BF70476F
:10C2300043F0964301464FF000001CE050EA010233
:10C2400008BF70474FF000030AE000BF50EA010248
:10C2500008BF704711F0004302D5404261EB410135
:10C260005FEA010C02BF84460146002043F0B6435A
:10C2700008BFA3F18053A3F50003BCFA8CF2083A7F
:10C28000A3EBC25310DB01FA02FC634400FA02FC88
:10C29000C2F12002BCF1004F20FA02F243EB02008F
:10C2A00008BF20F00100704702F1200201FA02FCF1
:10C2B000C2F1200250EA4C0021FA02F243EB0200E4
:10C2C00008BF20EADC7070477BB972B90029BEBF95
:10C2D00000204FF0004106E008BF00281CBF6FF0AF
:10C2E00000414FF0FF3001F0EDB9ADF1080C6DE900
:10C2F00004CE002909DB002B1ADB00F083F8DDF8FF
:10C3000004E0DDE9022304B07047404261EB4101E3
:10C31000002B1BDB00F076F8DDF804E0DDE90223FA
:10C3200004B0404261EB4101524263EB430370476A
:10C33000524263EB430300F065F8DDF804E0DDE909
:10C34000022304B0404261EB41017047524263EB6B
:10C35000430300F057F8DDF804E0DDE9022304B000
:10C36000524263EB4303704753B94AB9002908BFEF
:10C3700000281CBF4FF0FF314FF0FF3001F0A2B991
:10C38000ADF1080C6DE904CE00F03CF8DDF804E0F6
:10C39000DDE9022304B0704738B5002200230446CB
:10C3A0000D46FFF7EBFD28B920462946BDE8384089
:10C3B00000F00AB8204605F1004100F005F84042BF
:10C3C00061EB410138BD00BFD0B50C4B00220646E1
:10C3D0000F46FFF761FBFFF7F9FD0446FFF7E2FAAE
:10C3E000074B0022FFF758FB02460B463046394602
:10C3F000FFF79AF9FFF7EAFD2146D0BD0000F03DB6
:10C400000000F0412DE9F047089D0F4604468C4698
:10C41000002B48D18A42164661D9B2FA82F34BB159
:10C42000C3F1200201FA03FC20FA02F29E4042EA24
:10C430000C0C9C404FEA164EB7B2BCFBFEF1220C2E
:10C440000EFB11CC42EA0C4201FB07F0904209D9E5
:10C45000B21801F1FF3C80F0EE80904240F2EB8098
:10C4600002393244121AA4B2B2FBFEF00EFB1022C3
:10C4700044EA024400FB07F7A74209D9341900F146
:10C48000FF3280F0DA80A74240F2D780344402388D
:10C4900040EA0140E41B00211DB1DC400023C5E956
:10C4A0000043BDE8F0878B4206D90DB1C5E9000114
:10C4B00000210846BDE8F087B3FA83F1002948D18E
:10C4C000BB4202D3824200F20781841A67EB030267
:10C4D00001209446002DE4D0C5E9004CE1E7002A94
:10C4E00000F09280B2FA82F3002B40F0A8808A1A02
:10C4F0004FEA164E1FFA86FC0121200CB2FBFEF714
:10C500000EFB172240EA02420CFB07F0904207D9CB
:10C51000B21807F1FF3802D2904200F2E28047469B
:10C52000121AA4B2B2FBFEF00EFB102244EA02443F
:10C530000CFB00FCA44507D9341900F1FF3202D2EC
:10C54000A44500F2CB801046A4EB0C0440EA07405F
:10C55000A2E7C1F120068B4022FA06FC4CEA030C4C
:10C5600007FA01F420FA06F3F7404FEA1C49234387
:10C5700000FA01F81FFA8CFEB7FBF9F01C0C09FB5E
:10C58000107744EA074400FB0EF7A74202FA01F2D3
:10C590000AD91CEB040400F1FF3A80F09B80A7420B
:10C5A00040F2988002386444E41B9FB2B4FBF9F374
:10C5B00009FB134447EA044403FB0EFEA64509D9D0
:10C5C0001CEB040403F1FF3780F08280A6457FD97D
:10C5D000023B644443EA0040A4EB0E04A0FB02E7E4
:10C5E000BC427346B94663D360D05DB1B8EB030279
:10C5F00064EB090404FA06F622FA01F31E43CC4068
:10C60000C5E9006400214CE76208480842EAC171AC
:10C610000B0C43EA00438AB242EA0342B3FBF6F151
:10C62000E407B4463746B6461F23B0FBF6F0D21BEC
:10C6300041EA004161E7614614E7104628E7C3F18B
:10C64000200120FA01F29E4027FA01F19F403A436F
:10C650004FEA164E1FFA86FCB1FBFEF70EFB1710D1
:10C66000110C41EA004107FB0CF8884504FA03F479
:10C670003AD9711807F1FF3001D288451FD8A1EBD4
:10C680000801B1FBFEF808FB0CF70EFB181192B283
:10C6900042EA0142BA422FD2B21808F1FF31C6D2A3
:10C6A000BA42C4D2A8F102013244C0E7F0459CD29C
:10C6B000BEEB020367EB0C070138B94695E7A6EB22
:10C6C00008084144B81EB1FBFEF808FB0CF7DCE794
:10C6D0003B467FE7504667E70846FBE634440238AE
:10C6E00032E7023F32441BE7A1EB08013846B1FBB9
:10C6F000FEF808FB0CF7C8E7414698E703685A00C4
:10C700004CBF43F0004323F000431844704700BF80
:10C710002DE9F04759B301F1FF3805461646474663
:10C720004FF0000A0AEB070101EBD171491005EB4C
:10C73000C1094846FFF7E2FF88454FEAC1040346B6
:10C7400010D004F10800B342284407D8FFF7D6FF01
:10C750000138B04208D201F1010AE3E78A4506D068
:10C760004F1EDFE7B042F9D84846BDE8F0874FF0EA
:10C7700000094846BDE8F087012806D0022802D00B
:10C7800028B904487047044870470448704700209F
:10C79000704700BF79CE010889CE010881CE01081B
:10C7A00030B5224B83B004468D1E43B301A9284601
:10C7B000AFF30080F0B101992A46FFF7A9FF0146C7
:10C7C000C0B1FFF79BFFA0644B68012B2BD0002B5F
:10C7D00001F1040025DBFFF791FF002323650368C7
:10C7E000E064002B12DBFFF789FF03460020236182
:10C7F00003B030BD00230920236103B030BD0C4BD2
:10C800000C49C91AC91018460191D5E7C3F3036052
:10C81000FFF7B2FF031E0CBF09200020236103B005
:10C8200030BD0123DAE700230520E0E70000000027
:10C83000882B0208382D02080368DA0710B5044671
:10C8400006D49B0700F1500009D500F0ABFC23682B
:10C85000590709D51A070ED5DB0613D510BD00F010
:10C8600099FC23685907F5D404F1D80000F0A2FC24
:10C8700023681A07F0D404F5AC7000F0A3FC236819
:10C88000DB06EBD404F5EC70BDE8104000F0DEBC34
:10C890000346006800B11844704700BF704700BFEE
:10C8A00070B504460E46316C2046FFF779FF054609
:10C8B00088B9326C6261236932462146012098476B
:10C8C0000828F0D0072806D12846316CFFF7E6FF8C
:10C8D000301D00F053FCFBF79BF900BF2DE9F04F32
:10C8E0000D1DD0F80C90D0F818A0074614460FCDB7
:10C8F000ADF5777D0DF10C0CACE80F000FCDACE879
:10C900000F000FCDACE80F0095E80F0002AE4FF01E
:10C91000000E8CE80F000DF5F878C6F800E021E075
:10C92000336C7B614FF4F47231464046FEF768FA8F
:10C930003B694246394658469847D8F83830B36480
:10C940002146CDE9006A05463B4601203A46C847E4
:10C95000044618BB4FF4F47241463046FEF750FAD5
:10C96000082D19D1316C3846FFF71AFF09340546F6
:10C970005FFA84FB0028D3D0B36BB3643A46CDE9A9
:10C98000006A3B464BF010010120C84730B92846E9
:10C990000DF5777DBDE8F08F072D05D009252846D8
:10C9A0000DF5777DBDE8F08F2046316CFFF776FFFF
:10C9B00003A800F0E3FB00BFF0B5CB6BFBB001F1C7
:10C9C000040C0B640F460546BCE80F0001AC0FC415
:10C9D000BCE80F000FC4BCE80F000FC49CE80F00B8
:10C9E0004FF0FF3E84E80F006E46CDF800E006E011
:10C9F0002B693246294698470828044608D1316CED
:10CA00002846FFF7CDFE0028F2D009207BB0F0BD0C
:10CA10003046FFF711FF062CF7D139462846FFF7BD
:10CA20003FFF00BFC1608261DA6B1A6419460022C1
:10CA3000FFF754BF436970B50B64C668AEB90369AC
:10CA40000A4604460D46014602209847072805D0AD
:10CA500008280FD129462046FFF722FF3046296CCF
:10CA6000FFF71CFF281D00F089FB0122FFF736FFAE
:10CA7000FBF7CEF8FBF7CCF8C26808B532B1CA6B49
:10CA80000A64BDE808400022FFF728BFFFF794FFC3
:10CA9000092008BD704700BF836801460BB1012023
:10CAA00018477047052915D8DFE801F00A03140379
:10CAB000030501207047009A436C13600020704703
:10CAC00043B90F2A06D800EB820200205368009A6F
:10CAD000136070470220704700B585B00A460023F6
:10CAE00003A900911946FFF7DDFF039805B05DF833
:10CAF00004FB00BF052915D8DFE801F00A03140381
:10CB0000030501207047009B1B68436400207047A9
:10CB100043B90F2A06D8009B00EB82021B685360C2
:10CB2000002070470220704710B584B0002303AC8A
:10CB3000039200940A461946FFF7DCFF04B010BDCB
:10CB40002DE9F041D36BADF5107D02F1040C1364B7
:10CB500007460E46BCE80F000DF15C0EAEE80F0074
:10CB6000BCE80F00AEE80F00BCE80F00AEE80F0015
:10CB70009CE80F0016AC4FF0FF388EE80F006D46B2
:10CB8000C4F8008010E0FFF7CFFF31462046B847D9
:10CB9000034622460820294683B92B699847052871
:10CBA00080460DD0092809D0216C2846FFF7F8FDF2
:10CBB00003460C212A462046002BE4D04FF00908FA
:10CBC0002046FFF739FE40460DF5107DBDE8F081A7
:10CBD0002DE9F04F1646CA6C89B00D4652F8041B79
:10CBE000069200F0030CE3B10C0C8DF81D40090413
:10CBF000E4B2059102EB840202218DF81C10296D2C
:10CC0000BCF1020F08BFAA6B11F001080FD005A9F3
:10CC1000304600F0ABFB002839D1082009B0BDE850
:10CC2000F08F090205918DF81D300321E5E71768A3
:10CC3000002FECD000F008010191E346CDF8088008
:10CC40009A46BAF1020F26D01788548802F10409D7
:10CC5000AA6C24F001030F21304603EB0208FFF712
:10CC60003BFF804515D827F0010202EB0803834201
:10CC700094BF00230123640004F0020407F00107BD
:10CC80002743012F0BD0022F50D0002F45D0092071
:10CC9000C4E70023EFE7546802F10809D8E7BBF1C5
:10CCA000000F73D1CBB1D9F80430D9F80020991C0A
:10CCB0004FEAD272EBD005F158040133049400F02E
:10CCC000CC8009F10400FFF7E3FD04AB01462846E0
:10CCD000FAF756FC002840F0978009F1080217681F
:10CCE000002FAED105A93046DDF8088000F03EFBEC
:10CCF0000028CCD1B8F1000F8FD00F213046FFF7BC
:10CD0000EBFE0E2102463046FFF70EFF594A0F2177
:10CD10003046FFF709FF072080E7BBF1000F02D084
:10CD2000002B40F0878009F10402D8E7D9F80040D1
:10CD300024F00048BBF1000F0FD12BB1019B002B59
:10CD40003CD0B8F1000F39D0002C01DA09F1040908
:10CD500008F1010209EB8202C1E70D213046FFF71D
:10CD6000BBFE2F6A8742EFD1AB6A9945ECD1002414
:10CD70000423C5E90B434B44C5F828806B63D9F8FD
:10CD80000030A34270DB01230293E1E70D2130461E
:10CD9000FFF7A2FE2C6A84429FD1AB6A99459CD1D1
:10CDA0004846FFF7ABFC0F2102463046FFF7BCFEBA
:10CDB0002A4600213046FFF7B7FEACE705F15803DD
:10CDC000CDF80CB009F10407B34600241E460BE071
:10CDD00038460496FFF75CFD0022014604AB284666
:10CDE000FAF7CEFB0437F8B9444504F10104EFD15A
:10CDF0000D215846FFF770FE049BC5F828900246A7
:10CE0000C5E90823062009E704460D213046FFF74F
:10CE100063FE049E2862022C04BFEE6205F12C061C
:10CE2000C5E909690620F9E65E46D9F80040DDF853
:10CE30000CB089E74846FFF761FC09F1040304469A
:10CE4000AB632846FAF7F4FB00283FF420AF2246F4
:10CE50000F213046FFF768FE5DE730460D21FFF7F2
:10CE60003BFE26462862DBE708F1010209EB82005F
:10CE700097E700BF5D7701080023FFF7A9BE00BF59
:10CE80000123FFF7A5BE00BF0223FFF7A1BE00BF2D
:10CE90002DE9F0410646C4B01446052908D8DFE85C
:10CEA00001F016300773980B3A19102A40F2B78038
:10CEB000022044B0BDE8F081836B002CF8D153F818
:10CEC000042B42648363002044B0BDE8F081002B52
:10CED000EED1856B1FFA84FC012006F1040E00FAE6
:10CEE00003F111EA0C0F2A4604D052F8041B4EF845
:10CEF000231015460133102BF1D1A004E3D4B56300
:10CF0000E1E7012B4FEA1447A4B2CDD0052BCFD1D6
:10CF100007EB0408B8F1200FCAD80F2F40F2BD80EC
:10CF2000002CD0D002685107A04600F11B8101936C
:10CF300002AC204600F042F9D6F838C0019B102F11
:10CF40004FF0FF3239464FF0020E38BF102118FB68
:10CF50000E2E04EBC10184397246604650F8045B22
:10CF600041F8045F013A551CF8D10CF1040C012B77
:10CF70000CEB8E0200F0D5800F2FB26340F2FA80E6
:10CF8000204600F017F99EE7032B91D1A7B207EBDB
:10CF90001443102B4FEA14448AD80368190700F190
:10CFA000A38022AD284600F02FF97A00B06B05EB84
:10CFB000C404531E42B1011B625844F8042B013BC8
:10CFC0005A1CF9D100EBC700B063284600F0FAF80C
:10CFD00079E7002B7FF46CAF102C3FF669AF036844
:10CFE000D80679D422AD284600F03AF9B76B294625
:10CFF00000234FF0010C0CFA03F22242384603F1F1
:10D00000010303D050F8042B0A600746042B01F1FA
:10D010000401F0D1B763284600F018F953E7102F48
:10D020003FF446AF0268D10708D5304622F003022C
:10D0300040F8502B019300F0B1F8019B019322AD11
:10D04000284600F0ABF8D6F838C0002C6BD0019B16
:10D050004FF0000802214FF0FF3214FB012E05EBC8
:10D06000C70104397246604650F8044B41F8044F3A
:10D07000013A541CF8D10CF1040C0CEB8E0CB8F1F5
:10D08000000F39D1012B4ED00F2FC6F838C03FF614
:10D090001AAF284600F086F815E70268B8F1100FBD
:10D0A00002F001012AD851B1304622F0010242F0CB
:10D0B000020240F8502B019300F078F8019B019395
:10D0C00022AD284600F072F8019B002CE1D0D6F882
:10D0D00038C04FF00008BDE723F01003336006F5B9
:10D0E000EC7000F0BDF87DE723F00803036000F565
:10D0F000AC7000F089F854E702AC20E7D1B95507CD
:10D1000026D422AD2846019300F050F802A800F082
:10D1100055F8A8F11008D6F838C0019BC7F11004E3
:10D1200098E7944622AD0CF10403B363284600F05F
:10D1300031F8C8E622F0010242F0020240F8502B1A
:10D14000019300F033F83268019B12F0040FD8D03D
:10D15000304622F0040240F8D82B019300F02EF85C
:10D16000019BCEE722F0040240F8D82B019300F097
:10D1700025F8DDE622A800F015F801E700F13401FA
:10D1800091E838009C46A6464CF8045D90E8FF0FF5
:10D19000E54600BD90EC210B704700BF80EC210BF1
:10D1A000704700BF90EC200B704700BF80EC200B55
:10D1B000704700BFD0EC200B704700BFC0EC200BC5
:10D1C000704700BFF0EC0201F0EC0211F0EC02211C
:10D1D000F0EC0231F0EC0241F0EC0251F0EC0261B3
:10D1E000F0EC0271F0EC0281F0EC0291F0EC02A1A3
:10D1F000F0EC02B1F0EC02C1F0EC02D1F0EC02E193
:10D20000F0EC02F1704700BFE0EC0201E0EC02112B
:10D21000E0EC0221E0EC0231E0EC0241E0EC0251F2
:10D22000E0EC0261E0EC0271E0EC0281E0EC0291E2
:10D23000E0EC02A1E0EC02B1E0EC02C1E0EC02D1D2
:10D24000E0EC02E1E0EC02F1704700BFB0FC0181CC
:10D25000B0FC0191B0FC01A1B0FC01B1704700BF6E
:10D26000A0FC0181A0FC0191A0FC01A1A0FC01B1E6
:10D27000704700BFEC4600B52DE900502DE9FF1FB7
:10D280004FF000030CB401A9FFF796FBDDF840E076
:10D2900012B07047EC4600B52DE900502DE9FF1F94
:10D2A0004FF000030CB401A9FFF7C4FBDDF840E028
:10D2B00012B07047EC4600B52DE900502DE9FF1F74
:10D2C0004FF000030CB401A9FFF7D6FBDDF840E0F6
:10D2D00012B07047EC4600B52DE900502DE9FF1F54
:10D2E0004FF000030CB401ABFFF79CFBDDF840E00E
:10D2F00012B07047EC4600B52DE900502DE9FF1F34
:10D300004FF000030CB401AAFFF71AFCDDF840E06F
:10D3100012B07047027A03467AB9427AA2B14168E4
:10D32000013A10B44272086803220C1D1A720202FC
:10D330005C60000E10BC1A6070470068013A1A72F7
:10D3400002021A60000E7047B020704700B585B029
:10D3500003AA0023009219460C22FFF7A3FB0398AF
:10D3600005B05DF804FB00BFFFF7F0BF2DE9F04307
:10D37000064685B00D4600272846FFF7CBFFB028AC
:10D38000044600F0218103065ED500F0F003A02BD7
:10D390001DD033D8802B00F08780902B2AD100F04D
:10D3A0000D030D2B26D00DF10808002300F00F020D
:10D3B0001946CDF800803046FFF774FB0023CDF806
:10D3C00000800D2219463046FFF794FBD4E7C34393
:10D3D00003F007034FF47F621A41010702F47F62F2
:10D3E00001D542F48042002319463046FFF750FD34
:10D3F0000028C1D0092005B0BDE8F083B02B68D06B
:10D40000C02B3FD1C62800F0CC80C72800F0DF80B9
:10D4100000F0F803C02B00F0EC80C82800F0F78083
:10D42000C928E7D12846FFF775FF020300F00F0077
:10D4300002F4702201300243012105233046FFF738
:10D4400027FD002898D0D5E78300DBB203F104085C
:10D450000DF1080900231946CDF800900D22304641
:10D46000FFF720FB029ACDF8009060064CBFA2EBBC
:10D47000080242440023029219460D223046FFF76B
:10D4800039FB79E700F0F803D02BB3D100F00702A5
:10D490000132052342F4002201213046FFF7F8FC57
:10D4A00000283FF469AFA5E72846FFF733FF2402C1
:10D4B0002043B0F5004F9DD004010023A2B21946CD
:10D4C0003046FFF7E5FC002894D1C4F3C030074391
:10D4D00052E7A0F1B103042B00F2B580DFE803F0BE
:10D4E0005729160C030003AA0023009219460D22A7
:10D4F0003046FFF7D7FA3FE700231A4605213046AA
:10D50000FFF7C6FC00283FF437AF73E72846FFF764
:10D5100001FF020300F00F00013002F4702201232A
:10D52000024319463046FFF7B3FC00283FF424AF0E
:10D5300060E700230DF108090D221946CDF800908F
:10D540003046FFF7AFFA2846FFF7E4FE0206029CDA
:10D550004FF002080CD500F07F0000FA08F00444F8
:10D5600028460294FFF7D6FE030608F10708F2D416
:10D5700000FA08F004F50174204400230290CDF86D
:10D5800000900D2219463046FFF7B4FAF4E628461B
:10D59000FFF7C0FE431EDBB20E2B02467FF623AF21
:10D5A00028E72846FFF7B6FE020300F00F0001301F
:10D5B00002F470220323024319463046FFF768FC49
:10D5C00000283FF4D9AE15E76FB3002013E72846D3
:10D5D000FFF7A0FE431EDBB20E2B02463FF60AAF5A
:10D5E000002304213046FFF753FC00283FF4C4AE6B
:10D5F00000E700F00F020132032342F42022194613
:10D600003046FFF745FC00283FF4B6AEF2E6284668
:10D61000FFF780FE00F0F00200F00F03103201333C
:10D6200043EA023208E702AC3B46394600940E2238
:10D630003046FFF737FA0F2200943B463946304612
:10D64000FFF758FAC1E700F0FC03B42B3FF4D2AE69
:10D6500000F007020132012342F40022194630464D
:10D66000FFF716FC00283FF487AEC3E610B5C26C86
:10D67000536884B04FF0030C08321C0208461B0E9E
:10D6800001A9019402928DF80CC08DF80D30FFF7BE
:10D690006DFE04B010BD00BF08B5FFF765FE806CDD
:10D6A00008BD00BF08B5FFF75FFEC06CC37900EB93
:10D6B0008300083008BD00BF08B5FAF7A9FA08B51D
:10D6C000FFF7FAFF704700BFF8B500BFF8BC08BC11
:10D6D0009E467047F8B500BFF8BC08BC9E46704730
:10D6E0000C00000000640040C2270000160000008B
:10D6F00000680040C22700001900000000640040DC
:10D70000C22700001D00000000680040C227000082
:10D71000FFFF0000FFFFFFFF000000000B00000004
:10D7200000640040C22700001500000000680040AF
:10D73000C22700001800000000640040C22700005B
:10D740001C00000000680040C2270000FFFF00002E
:10D75000FFFFFFFF0000000001000000004C004040
:10D76000D22300000300000000440040D21F00004C
:10D770000A00000000100140D21F00001700000046
:10D7800000100140D21F00002500000000480040AA
:10D79000D21F00002700000000140140D223000027
:10D7A0002B00000000480040D21F00002B010000A9
:10D7B000004C0040D2230000320000000050004026
:10D7C000D2230000FFFF0000FFFFFFFF000000006A
:10D7D00000000000004C0040D223000002000000C6
:10D7E00000440040D21F000009000000001001406A
:10D7F000D21F00001600000000100140D21F0000E0
:10D800001A00000000480040D21F0000260000005F
:10D8100000140140D22300002A000000004800400C
:10D82000D21F00002A010000004C0040D22300005B
:10D830002C00000000500040D2230000FFFF000039
:10D84000FFFFFFFF00000000FFFF0000FFFFFFFFE2
:10D85000000000000000000000200140C3030000A1
:10D860000001000000210140C3030000000200008D
:10D8700000220140C303000001000000002001401D
:10D88000C34300000101000000210140C343000028
:10D890000102000000220140C3430000020000001A
:10D8A00000200140C383000002010000002101406C
:10D8B000C38300000202000000220140C383000075
:10D8C0000300000000200140C3C30000030100006A
:10D8D00000210140C3C300000302000000220140F8
:10D8E000C3C300000400000000200140C303010086
:10D8F0000401000000210140C303010005000000F5
:10D9000000200140C3430100050100000021014047
:10D91000C34301000600000000200140C383010052
:10D920000601000000210140C38301000700000040
:10D9300000200140C3C30100070100000021014095
:10D94000C3C301001000000000200140C303020017
:10D950001001000000210140C3030200110000007B
:10D9600000200140C34302001101000000210140DA
:10D97000C34302002000000000200140C3830200D6
:10D980002001000000210140C383020020020000AA
:10D9900000220140C383020021000000002001405A
:10D9A000C3C302002101000000210140C3C30200E3
:10D9B0002102000000220140C3C302002200000037
:10D9C00000200140C30303002201000000210140A8
:10D9D000C30303002202000000220140C30303002E
:10D9E0002300000000200140C34303002301000086
:10D9F00000210140C3430300230200000022014034
:10DA0000C34303002400000000200140C38303003F
:10DA10002401000000210140C38303002500000011
:10DA200000200140C3C30300250100000021014084
:10DA3000C3C30300FFFF0000FFFFFFFF0000000063
:10DA4000536574537973436C6F636B206661696CC3
:10DA500065640A002F55736572732F6A70696E735F
:10DA60002F446F63756D656E74732F436F64696EB9
:10DA7000672F4350502F48617264776172652F663B
:10DA80006F726D756C612D736C75672F66732D34B5
:10DA90002D6669726D776172652F6D6265642D6F99
:10DAA000732F746172676574732F544152474554E4
:10DAB0005F53544D2F5441524745545F53544D3397
:10DAC0003246342F616E616C6F67696E5F64657694
:10DAD0006963652E63006F626A2D3E68616E646CD7
:10DAE000652E496E7374616E636520213D20284167
:10DAF00044435F54797065446566202A294E43008B
:10DB000066756E6374696F6E20213D202875696E9D
:10DB10007433325F74294E430043616E6E6F74201C
:10DB2000696E697469616C697A6520414443006378
:10DB3000616E20455352202030782530346C782E89
:10DB40002530346C78202B2074696D656F757420D6
:10DB50007374617475732025640063616E20696E4F
:10DB6000697420726571756573742074696D656F71
:10DB700075740A0043616E6E6F7420696E69746912
:10DB8000616C697A652043414E0043616E20667284
:10DB9000657175656E637920636F756C64206E6F57
:10DBA00074206265207365740A002F557365727363
:10DBB0002F6A70696E732F446F63756D656E747331
:10DBC0002F436F64696E672F4350502F4861726412
:10DBD000776172652F666F726D756C612D736C75F0
:10DBE000672F66732D342D6669726D776172652FAC
:10DBF0006D6265642D6F732F746172676574732F26
:10DC00005441524745545F53544D2F63616E5F61D9
:10DC100070692E630028696E742970696E6D617079
:10DC20002D3E7065726970686572616C20213D20BF
:10DC30004E430050696E6D6170206572726F723A6A
:10DC40002077726F6E6720706F7274206E756D62D0
:10DC500065722E002F55736572732F6A70696E732B
:10DC60002F446F63756D656E74732F436F64696EB7
:10DC7000672F4350502F48617264776172652F6639
:10DC80006F726D756C612D736C75672F66732D34B3
:10DC90002D6669726D776172652F6D6265642D6F97
:10DCA000732F746172676574732F544152474554E2
:10DCB0005F53544D2F6770696F5F6170692E630009
:10DCC00070696E20213D202850696E4E616D652976
:10DCD0004E4300556E6578706563746564205370BB
:10DCE0007572696F757320696E7465727275707480
:10DCF00020696E64657820256C750A00496E74652C
:10DD00007272757074496E206572726F723A206912
:10DD10007271206368616E6E656C20636F6E666CF5
:10DD20006963740A00496E74657272757074496E25
:10DD3000206572726F723A2070696E206E6F742067
:10DD4000737570706F727465642E0A002F55736559
:10DD500072732F6A70696E732F446F63756D656E91
:10DD600074732F436F64696E672F4350502F48615F
:10DD70007264776172652F666F726D756C612D7359
:10DD80006C75672F66732D342D6669726D776172BD
:10DD9000652F6D6265642D6F732F74617267657492
:10DDA000732F5441524745545F53544D2F70696E41
:10DDB0006D61702E630043616E6E6F7420696E69D1
:10DDC0007469616C697A6520554152542077697491
:10DDD00068206261756420726174652025750A008F
:10DDE0004572726F723A206E657720736572696151
:10DDF0006C206F626A656374206973207573696E45
:10DE0000672073616D652055415254206173205322
:10DE10005444494F002F55736572732F6A70696EB1
:10DE2000732F446F63756D656E74732F436F6469F0
:10DE30006E672F4350502F48617264776172652F6F
:10DE4000666F726D756C612D736C75672F66732DBF
:10DE5000342D6669726D776172652F6D6265642D10
:10DE60006F732F746172676574732F544152474505
:10DE7000545F53544D2F73657269616C5F617069B3
:10DE80002E63006F626A5F732D3E7561727420218C
:10DE90003D2028554152544E616D65294E43006F17
:10DEA000626A5F732D3E696E646578203E3D203066
:10DEB00000466F7263655065726970684F75746F64
:10DEC0006644656570536C65657020636C6F636B49
:10DED0002069737375650D0A00466F7263654F7331
:10DEE000634F75746F6644656570536C656570202B
:10DEF000636C6F636B2069737375650D0A00646DE5
:10DF0000615F6D75746578002F55736572732F6A44
:10DF100070696E732F446F63756D656E74732F43F4
:10DF20006F64696E672F4350502F48617264776148
:10DF300072652F666F726D756C612D736C75672FCE
:10DF400066732D342D6669726D776172652F6D620F
:10DF500065642D6F732F706C6174666F726D2F69BD
:10DF60006E636C7564652F706C6174666F726D2F73
:10DF700053696E676C65746F6E5074722E680070B2
:10DF8000203D3D207265696E746572707265745FC4
:10DF9000636173743C54202A3E28265F6461746177
:10DFA00029002F55736572732F6A70696E732F4441
:10DFB0006F63756D656E74732F436F64696E672F41
:10DFC0004350502F48617264776172652F666F729B
:10DFD0006D756C612D736C75672F66732D342D66AE
:10DFE00069726D776172652F6D6265642D6F732F35
:10DFF000706C6174666F726D2F696E636C756465A9
:10E000002F706C6174666F726D2F43697263756CEB
:10E0100061724275666665722E680076616C203C9E
:10E020003D2042756666657253697A65002F5573A7
:10E030006572732F6A70696E732F446F63756D65B7
:10E040006E74732F436F64696E672F4350502F486F
:10E05000617264776172652F666F726D756C612D88
:10E06000736C75672F66732D342D6669726D7761D9
:10E0700072652F6D6265642D6F732F706C617466AD
:10E080006F726D2F696E636C7564652F706C61744F
:10E09000666F726D2F43616C6C6261636B2E6800FA
:10E0A000626F6F6C282A7468697329002F55736535
:10E0B00072732F6A70696E732F446F63756D656E2E
:10E0C00074732F436F64696E672F4350502F4861FC
:10E0D0007264776172652F666F726D756C612D73F6
:10E0E0006C75672F66732D342D6669726D7761725A
:10E0F000652F6D6265642D6F732F6472697665722A
:10E10000732F736F757263652F43414E2E6370706A
:10E1100000646174615F687A203D3D203000526583
:10E12000616420747269656420746F207772697409
:10E1300065206D6F7265207468616E203820627989
:10E14000746573002F55736572732F6A70696E73EF
:10E150002F446F63756D656E74732F436F64696EC2
:10E16000672F4350502F48617264776172652F6644
:10E170006F726D756C612D736C75672F66732D34BE
:10E180002D6669726D776172652F6D6265642D6FA2
:10E19000732F68616C2F736F757263652F6D626585
:10E1A000645F637269746963616C5F7365637469EA
:10E1B0006F6E5F6170692E6300216172655F696EC9
:10E1C00074657272757074735F656E61626C65649C
:10E1D00028290070696E6D6170206D69732D6D6105
:10E1E0007463680070696E6D6170206E6F74206674
:10E1F0006F756E6420666F722070657269706865F5
:10E2000072616C002F55736572732F6A70696E733B
:10E210002F446F63756D656E74732F436F64696E01
:10E22000672F4350502F48617264776172652F6683
:10E230006F726D756C612D736C75672F66732D34FD
:10E240002D6669726D776172652F6D6265642D6FE1
:10E25000732F68616C2F736F757263652F6D6265C4
:10E26000645F7469636B65725F6170692E63006DD2
:10E27000617463685F7469636B20213D207175650B
:10E2800075652D3E7469636B5F6C6173745F726555
:10E290006164005469636B657220667265717565AF
:10E2A0006E6379206973207A65726F005469636BBD
:10E2B0006572206E756D626572206F66206269748A
:10E2C0002069732067726561746572207468616E7D
:10E2D000203332206F72206C657373207468616E16
:10E2E00020342062697473002F55736572732F6A2E
:10E2F00070696E732F446F63756D656E74732F4311
:10E300006F64696E672F4350502F48617264776164
:10E3100072652F666F726D756C612D736C75672FEA
:10E3200066732D342D6669726D776172652F6D622B
:10E3300065642D6F732F68616C2F736F75726365E1
:10E340002F6D70752F6D6265645F6D70755F7637C8
:10E350006D2E6300726567696F6E73203E3D2034D9
:10E36000000A52252D34643A202530386C58000AB2
:10E3700053502020203A202530386C580A4C522027
:10E3800020203A202530386C580A50432020203A6B
:10E39000202530386C580A78505352203A202530C6
:10E3A000386C580A50535020203A202530386C5889
:10E3B0000A4D535020203A202530386C58000A432B
:10E3C000505549443A202530386C58000A48465385
:10E3D00052203A202530386C580A4D4D4653523A57
:10E3E000202530386C580A42465352203A202530B6
:10E3F000386C580A55465352203A202530386C580C
:10E400000A44465352203A202530386C580A414677
:10E410005352203A202530386C58000A4D4D464161
:10E42000523A202530386C58000A42464152203A70
:10E43000202530386C58000A4D6F6465203A20540E
:10E440006872656164000A50726976203A205573DB
:10E450006572000A50726976203A205072697669B6
:10E460006C65676564000A4D6F6465203A204861F9
:10E470006E646C6572000A537461636B3A2050538A
:10E4800050000A537461636B3A204D5350000A2BBD
:10E490002B204D6265644F53204661756C74204893
:10E4A000616E646C6572202B2B0A0A4661756C7470
:10E4B000547970653A20004D656D4D616E616765F8
:10E4C0004661756C74004275734661756C740055D5
:10E4D000736167654661756C74004861726446617A
:10E4E000756C74000A0A436F6E746578743A000A9A
:10E4F0000A2D2D204D6265644F53204661756C7462
:10E500002048616E646C6572202D2D0A0A004661F8
:10E51000756C7420657863657074696F6E002E2E5B
:10E520002E0A002F55736572732F6A70696E732FF0
:10E53000446F63756D656E74732F436F64696E67A6
:10E540002F4350502F48617264776172652F666F58
:10E55000726D756C612D736C75672F66732D342D1C
:10E560006669726D776172652F6D6265642D6F7378
:10E570002F706C6174666F726D2F736F7572636547
:10E580002F6D6265645F637269746963616C2E6389
:10E5900000637269746963616C5F73656374696F4A
:10E5A0006E5F7265656E7472616E63795F636F75BD
:10E5B0006E746572203C2055494E5433325F4D4194
:10E5C00058003C756E6E616D65643E00203C68616C
:10E5D0006E646C65723E000A0A2B2B204D626564E6
:10E5E0004F53204572726F7220496E666F202B2B3D
:10E5F0000A4572726F72205374617475733A2030D9
:10E6000078255820436F64653A202564204D6F6457
:10E61000756C653A2025640A4572726F72204D65EB
:10E6200073736167653A20004B65726E656C2045B7
:10E6300072726F723A203078256C582C2000546822
:10E64000726561643A203078256C582C20004D7535
:10E650007465783A203078256C582C200053656D0D
:10E660006170686F72653A203078256C582C2000F4
:10E670004D656D6F7279506F6F6C3A203078256CF4
:10E68000582C20004576656E74466C6167733A209D
:10E690003078256C582C200054696D65723A203012
:10E6A00078256C582C20004D657373616765517532
:10E6B0006575653A203078256C582C2000417373BD
:10E6C000657274696F6E206661696C65643A2000DA
:10E6D0000A4C6F636174696F6E3A203078256C580C
:10E6E000000A46696C653A20002B2564000A4572D1
:10E6F000726F722056616C75653A203078256C58BF
:10E70000000A43757272656E7420546872656164A4
:10E710003A20257325732049643A203078256C58B7
:10E7200020456E7472793A203078256C58205374E5
:10E7300061636B53697A653A203078256C582053B1
:10E740007461636B4D656D3A203078256C582053A9
:10E75000503A203078256C5820000A466F72206DA0
:10E760006F726520696E666F2C2076697369743AE2
:10E770002068747470733A2F2F6D6265642E636F16
:10E780006D2F732F6572726F723F6572726F723D7B
:10E79000307825303858267467743D5645484943CB
:10E7A0004C455F434F4E54524F4C5F554E495400B9
:10E7B0000A2D2D204D6265644F53204572726F7291
:10E7C00020496E666F202D2D0A00466174616C2011
:10E7D00052756E2D74696D65206572726F7200449A
:10E7E000656570536C6565704C6F636B206F766503
:10E7F00072666C6F7720283E203078464646462960
:10E800000044656570536C6565704C6F636B207573
:10E810006E646572666C6F7720283C203029004555
:10E820007863657074696F6E002F55736572732F0E
:10E830006A70696E732F446F63756D656E74732FA4
:10E84000436F64696E672F4350502F48617264773D
:10E850006172652F666F726D756C612D736C756773
:10E860002F66732D342D6669726D776172652F6D19
:10E870006265642D6F732F706C6174666F726D2F9B
:10E88000736F757263652F6D6265645F7265746125
:10E89000726765742E6370700028677561726420FA
:10E8A00026204358415F47554152445F4D41534BE9
:10E8B00029203D3D203000286775617264202620A4
:10E8C0004358415F47554152445F4D41534B2920C6
:10E8D0003D3D204358415F47554152445F494E49B1
:10E8E000545F494E5F50524F475245535300457253
:10E8F000726F72202D2077726974696E6720746F51
:10E9000020612066696C6520696E20616E20495324
:10E9100052206F7220637269746963616C20736541
:10E920006374696F6E0D0A000D004572726F72207C
:10E930002D2072656164696E672066726F6D20615B
:10E940002066696C6520696E20616E2049535220F3
:10E950006F7220637269746963616C20736563749C
:10E96000696F6E0D0A004F70657261746F72206E70
:10E9700065775B5D206F7574206F66206D656D6FC8
:10E9800072790D0A002F55736572732F6A70696E64
:10E99000732F446F63756D656E74732F436F646975
:10E9A0006E672F4350502F48617264776172652FF4
:10E9B000666F726D756C612D736C75672F66732D44
:10E9C000342D6669726D776172652F6D6265642D95
:10E9D0006F732F72746F732F736F757263652F452A
:10E9E00076656E74466C6167732E637070005F6944
:10E9F00064006170706C69636174696F6E5F756EDD
:10EA00006E616D65645F6D75746578002F55736513
:10EA100072732F6A70696E732F446F63756D656EC4
:10EA200074732F436F64696E672F4350502F486192
:10EA30007264776172652F666F726D756C612D738C
:10EA40006C75672F66732D342D6669726D776172F0
:10EA5000652F6D6265642D6F732F72746F732F73E2
:10EA60006F757263652F4D757465782E63707000D5
:10EA70005F6964207C7C206D6265645F6765745F9C
:10EA80006572726F725F696E5F70726F67726573C5
:10EA9000732829004D75746578206C6F636B206650
:10EAA00061696C6564004D7574657820756E6C6F76
:10EAB000636B206661696C6564002F5573657273C2
:10EAC0002F6A70696E732F446F63756D656E747312
:10EAD0002F436F64696E672F4350502F48617264F3
:10EAE000776172652F666F726D756C612D736C75D1
:10EAF000672F66732D342D6669726D776172652F8D
:10EB00006D6265642D6F732F72746F732F736F75E1
:10EB10007263652F53656D6170686F72652E6370E7
:10EB200070005F696420213D206E756C6C7074729A
:10EB30000053656D6170686F7265206163717569FE
:10EB40007265206661696C6564002F557365727328
:10EB50002F6A70696E732F446F63756D656E747381
:10EB60002F436F64696E672F4350502F4861726462
:10EB7000776172652F666F726D756C612D736C7540
:10EB8000672F66732D342D6669726D776172652FFC
:10EB90006D6265642D6F732F72746F732F736F7551
:10EBA0007263652F546869735468726561642E637B
:10EBB00070700028666C616773203D3D206F73465E
:10EBC0006C6167734572726F7254696D656F7574AD
:10EBD0002026262072656C5F74696D6520213D20BA
:10EBE000776169745F666F725F7533325F666F72EB
:10EBF0006576657229207C7C2028666C61677320AD
:10EC00003D3D206F73466C6167734572726F72523F
:10EC100065736F757263652026262072656C5F745C
:10EC2000696D65203D3D2072656C5F74696D652E70
:10EC30007A65726F28292900737461747573203D99
:10EC40003D206F734F4B006170706C696361746934
:10EC50006F6E5F756E6E616D65645F74687265611D
:10EC600064002F55736572732F6A70696E732F4439
:10EC70006F63756D656E74732F436F64696E672F74
:10EC80004350502F48617264776172652F666F72CE
:10EC90006D756C612D736C75672F66732D342D66E1
:10ECA00069726D776172652F6D6265642D6F732F68
:10ECB00072746F732F736F757263652F546872650A
:10ECC00061642E637070006E756C6C707472203DA0
:10ECD0003D205F7469640065717565756500525407
:10ECE000582056352E352E33007274785F74696D56
:10ECF0006572007274785F69646C65006D616C6C3C
:10ED00006F635F6D7574657800656E765F6D7574A1
:10ED10006578006D61696E00507265206D61696E85
:10ED200020746872656164206E6F7420637265611F
:10ED3000746564004661696C656420746F20737447
:10ED40006172742052544F530073696E676C65741E
:10ED50006F6E5F6D7574657800434D5349532D5246
:10ED6000544F53206572726F723A20537461636B13
:10ED7000206F766572666C6F7700434D5349532D53
:10ED800052544F53206572726F723A204953522089
:10ED90005175657565206F766572666C6F77004397
:10EDA0004D5349532D52544F53206572726F723A2E
:10EDB00020557365722054696D65722043616C6CD7
:10EDC0006261636B205175657565206F766572664B
:10EDD0006C6F7700434D5349532D52544F53206568
:10EDE00072726F723A2053544420432F432B2B20CE
:10EDF0006C696272617279206C69627370616365BB
:10EE0000206E6F7420617661696C61626C6500438D
:10EE10004D5349532D52544F53206572726F723ABD
:10EE20002053544420432F432B2B206C6962726182
:10EE30007279206D7574657820696E697469616C8A
:10EE4000697A6174696F6E206661696C65640043FC
:10EE50004D5349532D52544F53206572726F723A7D
:10EE600020556E6B6E6F776E004E6F7420616C6C08
:10EE70006F77656420696E2049535220636F6E740A
:10EE80006578740053797374656D206973206F75AC
:10EE900074206F66206D656D6F72790050617261CC
:10EEA0006D65746572206572726F72005265736F62
:10EEB00075726365206E6F7420617661696C616242
:10EEC0006C65004F7065726174696F6E206E6F744F
:10EED00020636F6D706C6574656420776974686910
:10EEE0006E207468652074696D656F757420706537
:10EEF00072696F6400556E737065636966696564F5
:10EF00002052544F53206572726F7200215F7365F7
:10EF10007269616C2E6861735F76616C7565282912
:10EF2000007669727475616C20766F696420564E44
:10EF30003A3A53657269616C3A3A636C6F7365284B
:10EF400029002F55736572732F6A70696E732F4491
:10EF50006F63756D656E74732F436F64696E672F91
:10EF60004350502F48617264776172652F666F72EB
:10EF70006D756C612D736C75672F66732D342D66FE
:10EF800069726D776172652F6C6962726172696511
:10EF9000732F766563746F726E61762D73646B2D5B
:10EFA000312D322D302D6D6265642F7372632F2EDB
:10EFB0002E2F696E636C7564652F766563746F724E
:10EFC0006E61762F48414C2F53657269616C5F4DBD
:10EFD0006265642E6870700024564E4552522C00B3
:10EFE00024564E00252E2A7300252E36662C2575B4
:10EFF0002C25752C25752C252E38662C252E38664B
:10F000002C252E33662C252E33662C252E33662C8C
:10F01000252E33662C252E33662C252E33662C2583
:10F020002E33662C252E33662C2567005252472C32
:10F0300025303264005252472C253032642C253161
:10F0400064002C25303258002C25303458002531EE
:10F05000582C256425730048656C6C6F20576F72BF
:10F060006C64212100416363656C657261746F7229
:10F070003A2025660A0000000000000000000000A1
:10F080000600000000000000010000000700000072
:10F090000000000002000000080000000000000066
:10F0A0000300000009000000000000000400000050
:10F0B0000A0000000000000005000000170000002A
:10F0C0000100000005000000170000000200000021
:10F0D000050000001700000003000000050000000C
:10F0E00017000000040000000500000017000000E9
:10F0F00000000000060000002800000001000000E1
:10F1000006000000280000000200000006000000C9
:10F110002800000003000000060000002800000096
:10F1200004000000060000002800000005000000A8
:10F1300006000000280000000000000000000000A1
:10F1400001000000000000000200000000000000BC
:10F1500002000000010000000300000001000000A8
:10F160000400000001000000040000000200000094
:10F170000500000002000000060000000200000080
:10F18000070000000200000007000000030000006C
:10F190000800000003000000090000000300000058
:10F1A0000A000000030000000A0000000400000044
:10F1B0000B000000040000000C0000000400000030
:10F1C0000D000000040000000D000000050000001C
:10F1D0000E000000050000000F0000000500000008
:10F1E0000F000000060000000F00000007000000F4
:10F1F0000100000002000000040000000800000000
:10F20000100000002000000040000000800000000E
:10F2100000010000000200000004000000080000DF
:10F2200000100000002000000040000000800000EE
:10F2300040420F0020000000FEDE01080300000035
:10F240009C1100201C0000000000000001020304CB
:10F250000000000000000000010203040607080986
:10F260000000000000000000653500088935000836
:10F2700015350008293500080000000000000000D6
:10F28000A33E0008A33E0008E13500081936000837
:10F2900017370008113B000875390008D3350008FE
:10F2A000D7350008DB350008D7360008B735000829
:10F2B000C7350008F5390008B33B00081D380008C1
:10F2C0001CFFFFFF00000000113600082F36000869
:10F2D000ED390008AB3B00085D36000855360008E4
:10F2E0000F370008593600089D350008A73500087B
:10F2F000C1540008B1350008BF350008CD350008FD
:10F300001D3A0008DB3B0008453700085B38000861
:10F310000000000000000000553D00089D3D000871
:10F32000E33B0008E93B000800000000000000008B
:10F33000B53D0008CD3D00080000000000000000C1
:10F34000A33E0008A33E0008B140000801410008A8
:10F3500000000000000000006742000800000000FC
:10F3600000000000674200080000000000000000EC
:10F370006D4300080000000000000000655A00080E
:10F3800088F30108E8110020891E0008A11E00086A
:10F39000E91E0008FD1E0008AD1E0008C91E000879
:10F3A000EB4A0008D11D00080000000061000000C9
:10F3B000000000000000000000000000000000004D
:10F3C00000000000000000001100310021000000DA
:10F3D00000000000510000000000413031323334A1
:10F3E000353637383941424344454630313233347B
:10F3F000353637383961626364656600FFFFFFFFA9
:10F400002A000000FFFFFFFF2B000000FFFFFFFFAF
:10F410000000000000000000000000005163000830
:10F4200089630008000000000000000000000000E8
:10F4300000000000000000000000000000000000CC
:10F4400000000000000000000000000000000000BC
:10F4500000000000000000000000000001000000AB
:10F46000E803000005000000D01C00201000000090
:10F47000000000000000000000000000000000008C
:10F48000000000000000000000000000000000007C
:10F49000000000000000000000000000000000006C
:10F4A000000000000000000000000000000000005C
:10F4B000004000000CF50108E8F40108B5870008D9
:10F4C00095870008D0F40108040000000000000047
:10F4D00000000000000000001417002034000000AD
:10F4E000C416002050000000E9EC010800000000F4
:10F4F000481A0020440000004817002000030000C4
:10F50000280000000100000000000000F3EC0108EA
:10F51000000000008C1A002044000000D01A0020D7
:10F5200000020000010000000100000000000000D7
:10F5300049ED01080B0000007C1D00201C000000AC
:10F5400069EE010884EE01089CEE0108ACEE0108AA
:10F55000C3EE0108F5EE0108000000000000000005
:10F56000898B0008778C00088B8B00088F8B000834
:10F570009D8B0008A18B0008958B0008918B0008DB
:10F58000998B000800000000000000008D8C00082E
:10F59000878C00080000000000000000B1A80008EF
:10F5A000C9A80008B18B000879A80008B98B000829
:10F5B0004B8C00081F8C0008A38B0008D38F000819
:10F5C000C98B00080000000000000000B5A500087D
:10F5D0003DA40008A5A30008B5A400089F8C00085E
:10F5E000EBA200084FA30008478C00080A000000A7
:10F5F000FF030000FF0F0000FF3F0600FE31000088
:10F60000FF070000FF3F06000000000000000000B0
:10F6100000000000000000000000000000000000EA
:10F6200000000000000000000000000000000000DA
:10F6300000000000000000000000000000000000CA
:10F6400000000000FD8C0008258D0008E1A90008DD
:10F6500009AC00087F7F7F7F7F7F7F7F7F7F7F7FF9
:10F660007F7F7F7F7F7F7F7F7F7F7F7F7F7F7F7FAA
:10F670007F7F7F7F7F7F7F7F7F7F7F7F7F7F7F7F9A
:10F680007F7F7F7F000102030405060708097F7F53
:10F690007F7F7F7F7F0A0B0C0D0E0F10111213144A
:10F6A00015161718191A1B1C1D1E1F202122237F37
:10F6B0007F7F7F7F7F0A0B0C0D0E0F10111213142A
:10F6C00015161718191A1B1C1D1E1F202122237F17
:10F6D0007F7F7F7F7F7F7F7F7F7F7F7F7F7F7F7F3A
:10F6E0007F7F7F7F7F7F7F7F7F7F7F7F7F7F7F7F2A
:10F6F0007F7F7F7F7F7F7F7F7F7F7F7F7F7F7F7F1A
:10F700007F7F7F7F7F7F7F7F7F7F7F7F7F7F7F7F09
:10F710007F7F7F7F7F7F7F7F7F7F7F7F7F7F7F7FF9
:10F720007F7F7F7F7F7F7F7F7F7F7F7F7F7F7F7FE9
:10F730007F7F7F7F7F7F7F7F7F7F7F7F7F7F7F7FD9
:10F740007F7F7F7F7F7F7F7F7F7F7F7F7F7F7F7FC9
:10F750007F7F7F7F000000000000000039AE0008BE
:10F760003BAE000805B100084FB4000879B10008AD
:10F770000F03040D030303090C09090B0F0F0F0FEF
:10F780000F070F0F03000000020000005950520045
:10F79000000000000300000051544E000000000073
:10F7A00004000000514D5200000000000500000060
:10F7B0004D414700000000000600000041434300A7
:10F7C0000000000007000000475952000000000040
:10F7D000080000004D415200000000000900000038
:10F7E000594D5200000000000A000000594241003B
:10F7F000000000000B00000059494100000000001B
:10F800000C000000494D5500000000000D000000F4
:10F8100047505300000000000E0000004750450014
:10F820000000000001000000494E530000000000ED
:10F830000F000000494E45000000000010000000CD
:10F8400049534C00000000001100000049534500DE
:10F8500000000000120000004454560000000000A8
:10F8600013000000473253000000000014000000A5
:10F8700047324500000000001500000048564500D2
:10F88000000000001600000052544B000000000071
:10F8900000000000000000009DF20008D7F40008FE
:10F8A00000000000000000002DF700089BF9000890
:10F8B000000000000000000085FB000895FD000826
:10F8C0000000000000000000E1180108E71801082E
:10F8D00005B100084FB4000879B10008000000002D
:10F8E00000000000E3180108F518010805B1000840
:10F8F0004FB4000879B100080000000000000000CB
:10F90000E51801080319010805B100084FB4000803
:10F9100079B10008000000006261645F66756E6383
:10F9200074696F6E5F63616C6C000000696E69746E
:10F9300079000000696E66006E616E00474C4942B6
:10F940004358585F54554E41424C45530000000007
:10F950006F626A5F73697A65000000006F626A5FB8
:10F96000636F756E74000000676C69626378782E4F
:10F9700065685F706F6F6C007374643A3A626164BB
:10F980005F657863657074696F6E00002C20667522
:10F990006E6374696F6E3A200000000061737365D6
:10F9A0007274696F6E2022257322206661696C650E
:10F9B000643A2066696C6520222573222C206C69CC
:10F9C0006E65202564257325730A000030313233BB
:10F9D000343536373839414243444546000000004B
:10F9E00030313233343536373839616263646566B5
:10F9F00000000000286E756C6C2900000A000000F1
:10FA00002E0000004C435F434F4C4C4154450000D6
:10FA10004C435F4354595045000000004C435F4D38
:10FA20004F4E4554415259004C435F4E554D45523F
:10FA3000494300004C435F54494D45004C435F4DE2
:10FA40004553534147455300537431376261645FF6
:10FA500066756E6374696F6E5F63616C6C00000045
:10FA6000BC28020848FA0108F0270208000000003C
:10FA700060FA01083D1C0108511C0108351C0108F1
:10FA80005AD63B92D653F4EE3F3BA10629AA3F112A
:10FA9000F865651B66B4589507C524A459CAC74ABA
:10FAA00076BF3EA27FE1AEBA49F62D0DF0BC795D7E
:10FAB000536FCE8ADF995AE9DC7379102C2CD8F475
:10FAC0009405C1B62BA0D89169E84B8A9B1B077996
:10FAD000F94671A436C84EB684E2DE6C82E24897DD
:10FAE000B7988D4D447AE2E3259B1608231B1BFD36
:10FAF000727F78B06A8C6D8EF7200EE5F5F030FEDF
:10FB00004F9F965C85EF08B235A9515E332DBDBD80
:10FB10002347BCB3662B8BDE8213E63580782CAD91
:10FB200076AC553020FB168B31CCAF2150CB3B4C03
:10FB300093176B3CE8B9DCAD3DBF1B2A24BE4ADFFE
:10FB400078DD854B62E853D90DAFA234AD6D1DD77A
:10FB50006BAA336F3D71D48768ADE5408C647286C3
:10FB6000069500CB8C8DC9A9C2181F51AFFD0E6838
:10FB700048BAC0FDEFF03BD4F2DE66251BBD120291
:10FB80006D7498FE9576A584574B60F730B64B019F
:10FB900088913E7E3BD4CEA52D5E3835BDA39E41D7
:10FBA000EA35CE5D4A8942CFB9758682AC4C0652A1
:10FBB000B2E1A07ACE958981930994D1EBEF43739A
:10FBC0001F1A491942FBEBA1F80BF9C5E6EB14101B
:10FBD000A6609B9F12FA66CAF64E7777E0261AD483
:10FBE000D038824797B800FDB422559598B0208947
:10FBF0008263B18C5E73209EB035555D5F6EB455E7
:10FC000062BCDD2F3690A8C51D83AA34F78921EB8D
:10FC10007B2BD5BB43B412F7E423D50175ECE9A5E2
:10FC20002D3B6555AAB06B9A6E362521C933B24774
:10FC3000F889BEEAD49C06C10A846E69BBC09E994D
:10FC4000762C6E250A4448F10D25CA43EA7006C099
:10FC5000CADB6457862ACD9628575E6A9206043816
:10FC6000BC123EED277580BCF2ECF504370805C6E2
:10FC70006B978DE87192A0EB2E6833C6444A86F7E5
:10FC8000A37E5831875B44931D21E0FB6AEEB37A73
:10FC90004C9EAEFD687215B86429D8BA05EA605961
:10FCA000DF451A3D03CF1AE6BD338E298724B96F8D
:10FCB000AB6B300662C1D08F56E0F879D4B6D3A5CD
:10FCC0009686BC87BAF1C4B36C18779889A4488F1C
:10FCD0003CA8AB29292EB6E087DE94FEABCD1A33C3
:10FCE00025490BBAD9DC718C140B1D7F8BC0F09F9A
:10FCF0006F1B8E2810548EAFD94DE45EAEF0EC072A
:10FD00004AA2B13214E971DB50619DF6D92CE8C9E1
:10FD10006E05AF9FAC312789D25C223A081C31BEF8
:10FD2000CAC69AC717FE70AB06F4AA480A63BD6D2F
:10FD30007D7881B99D3D4DD608B1D5DACCBB2C0973
:10FD40004EEBF0938246F085A58EC50860F5BB2585
:10FD50002126ED3823586CA74EF2F60AB8F22AAFE6
:10FD6000AA6F28072C6E47D1E1AEB40D66AFF51A25
:10FD7000CA457984DBA4CC824DED90C89F8DD950C3
:10FD80003C97976512CE7FA3A028B5BA07F10FE57F
:10FD90000C7DFDFE96C15FCCC87262A949ED531E71
:10FDA0004FDCBCBEFCB177FF7A0FBB139CE8E825A3
:10FDB000B10936F73DCFAA9FACE9548C6191B17778
:10FDC0001D8C03750D8395C717246AEFB9F59DD572
:10FDD000256F44D2D0E37AF91DAD446B2873054BEF
:10FDE00077C56A8362CEEC9B32EC0A43F967E34E37
:10FDF000D5764524FB01E8C23FA7CD93F7419C226D
:10FE00008AD456ED7902A2F30F11C1787552436B73
:10FE1000D64456348C414598A9AA786B89130A8335
:10FE20000CD66B41EF9156BE53D556C66B98CC237A
:10FE30008FCBC6116B36ECEDA88AECB786BEBF2C13
:10FE4000393F1CEB02A2B394A9D6F33214D7F77B47
:10FE5000074FE3A5838AE0B953CCB03FD9CCF5DA9C
:10FE6000C9225C8F24AD58E868FF9C8F0F40B3D146
:10FE7000BE9599D9366C3791A11FC2B909081023D4
:10FE80002DFBFF8F444785B58AA732280C0AD4ABD7
:10FE9000F9F9FFB31599E6E26C513F328F0CC916A0
:10FEA0003BFC7F90AD1FD08DE392677FD9A73DAE1D
:10FEB0004AFB9FF4982744B19C7741DFCF11CD993D
:10FEC0001DFAC7317F3195DD83D511D743564040A8
:10FED00052FC1C7FEF3E7D8A72256B66EA3528480E
:10FEE000663BE45EAB8E1CADCFEE0500654332DAB7
:10FEF000404A9D3656B263D8826A07403ED4BE90CF
:10FF0000684E22E2754F3E8791A204E8A644775AD4
:10FF100002E2AA5A53E30DA936CB05A2D0151571FA
:10FF2000839A5531285C51D3033E87CA445B5A0DEE
:10FF30009180D51E99D91284C28694FE0A7958E818
:10FF4000B6E08A66FF8F17A572A839BE4D976E621C
:10FF5000E3982D40FF735DCE8F12C82D213D0AFB23
:10FF60008E7F1C887F68FA80990B9DBC3466E67C86
:10FF7000729F236A9F0239A1804EC4EBC1FF1F1CF0
:10FF80004E87AC44474387C92062B566B2FF27A3BA
:10FF900022A9D7151914E9FBA8BA62009FFFF14BFB
:10FFA000B5C9A6AD8FAC719DA9B43D60C33F776F55
:10FFB000227C1099B317CEC4D3214D38B40F55CB42
:10FFC0002B9B547FA09D01F6486A6046A1532A7E70
:10FFD000FBE0944F8402C1996D42FCCB4474DA2E4D
:10FFE00039197A63254331C00853FBFE551191FA44
:10FFF000889F58BCEE933DF0CA27BA7EAB55357941
:020000040802F0
:10000000B563B735757C2696DE58342F8B55C14BBA
:10001000A23C2583921BB0BB166F01FBEDAAB19EDB
:10002000CB8BEE2377229CEADCCAC179A9155E4608
:100030005F1775768A95A192C91E19EC89CDFA0BC6
:10004000365D1214EDFA49B77B661F67EC80F9CE76
:1000500084F41659A8791CE51A40E78027E1B78295
:10006000D258AE3709CC318F108890B0B8ECB2D1ED
:1000700007EF99850B3FFEB215AAB4DCE6A71F86F1
:10008000C96A0067CECEBDDF9AD4E193E091A7673D
:10009000BD42600041A1D68BE0246D5C2CBBC8E062
:1000A0006D5378409149CCAE186E8873F7E9FA58D1
:1000B00048689690F55B7FDA9E896A5075A439AFDF
:1000C0002D015E7A79998F8803964252C906846D14
:1000D0007881F5D8D77FB3AA833BD3A67B08E5C840
:1000E000D6E132CFCD5F60D5640A88909A4A1EFB74
:1000F00026CD7FA1E03B5C857F06559AA0EEF25CA1
:100100006FC0DFC9D84AB3A61E48EAC048AA2FF478
:100110008BB057FC8E1D60D026DA24F1DA943BF1C7
:1001200057CEB65D79123C825808B7D6083DC576E1
:10013000ED8124B51717CBA26ECA640C4B8C765494
:1001400068A26DA2DDDC7DCB09FD7DCF5D2F94A97A
:10015000020B090B15545DFE4C7C5D43353BF9D316
:10016000E1A6E5268D54FA9EAF6D1A4A01C57BC4FF
:100170009A109F70B0E9B8C61B09A19C41B69A3588
:10018000C0D4C68C1C2467F8624BC903D26301C378
:10019000F844FCD79176409B1DCF5D4263DEE07949
:1001A0003656FB4D369410C2E442F512FC155998B0
:1001B000C42B7AE143B994F29D93B2177B5B6F3EF7
:1001C0005A5BEC6CCAF39C97429CCFEE2C9905A726
:1001D00031722708BD3084BD5383832A78FFC6500F
:1001E000BD4E314AEC3CE5EC2864243556BFF8A4FA
:1001F00036D15EAE13460F9499BE36E195771B87D4
:100200008485F699981713B93F6E84597B55E22877
:10021000E52674C07EDD57E7CF89E52FDAEA1A3389
:100220004F9848386FEA96902176EF5DC8D2F03F3C
:1002300063BE5A060BA5BCB4A9536B757A07ED0FC4
:10024000FB6DF1C74DCEEBE19428C6125949E8D3B6
:10025000BDE4F69CF060338D5CD9BBABD72D7164E7
:10026000EC9D34C42C3980B0B3CFAA964D798DBDA6
:1002700067C541F57747A0DCA08355FCA0D7F0EC1B
:10028000601B49F9AA2CE4894472B59DC48616F412
:1002900039629BB7D5375DACD5CE22C575281C31E8
:1002A000C73A8225CB8574D78B826B369332637DB8
:1002B000BC6471F79ED3A886973103029CFF5DAEA4
:1002C000EBBD4DB5860853A8FCFD8302837FF5D9AD
:1002D000662DA162A8CA67D27BFD24C363DF72D0FA
:1002E00060BCA43DA9DE80836D1EF7599ECB4742BA
:1002F00078EB0D8D531661A408E674F085BED952D3
:1003000056665170E85B79CD8B1F926C272E9067F3
:10031000F6DF324671D96B80B653DBA3D81CBA0026
:10032000F397BF97CDCF86A0A428D2CC0EA4E880A7
:10033000F07DAFFDC083A8C8CDB2068012CD22618A
:100340006C5D1B3DB1A4D2FA815F082057806B79A8
:10035000631A31C6EEA6C39CB03B05743630E3CBBE
:10036000FC60BD77AA90F4C39C8A061144FCDBBEF6
:100370003BB9AC15D5B4F1F4442D481555FB92EEBC
:10038000C5F38B2D051117994A1C4D2D15DD1B75D5
:10039000B6F0EE7846D55CBF5D63A0785AD462D2E1
:1003A000E4AC2A17980A34EF347CC8167189FB86AE
:1003B0000EAC7A0E9F868095A04D3DAEE6355DD49D
:1003C000125719D246A8E0BA09A1CC5960837489A2
:1003D000D7AC9F8658D298E94BC93F7038A4D12B2F
:1003E00006CC23547783FF91CFDD2746A306637B9A
:1003F00008BF2C2955647FB642D5B1174CC83B1AAB
:10040000CAEE77736A3D1FE4934A9E1D5FBACA2005
:100410003EF52A886286938E9CEE82727BB47E546F
:100420008DB2352AFB6738B243AA234F9A619EE901
:10043000311FC3F4F981C6DED494ECE200FA0564FE
:100440007EF3F9383C113C8B04DDD38D40BC83DE58
:100450005E7038478B150BAE45D448B150AB24962F
:10046000768C0619EEDA8DD957099BDD24D6AD3B83
:10047000C917A4CFD4A8F887D6E5800AD7A54CE53C
:10048000BC1D8D030AD3F6A94C1F21CD4CCF9F5E16
:100490002B657084CC8774D41F67690020C34776AE
:1004A0003B3FC6D2DFD4C88473E04100F4D9EC29C5
:1004B00009CF77C7170AFBA590585200711068F44E
:1004C000CCC255B99DCC79CFB4EE66408D14827103
:1004D000BF99D593E21FAC8130554048D84CF1C646
:1004E0002F00CB38DB2717A27C6A505A0EA0ADB87C
:1004F0003BC0FD06D2F19CCA1C85E4F01108D9A6C8
:100500004A30BD88462E44FD63A61D6D164A8F9065
:100510002E3E7615EC9C4A9EFE8732044E8E599AEA
:10052000BACDD31A2744DDC5FD293F85E1F1EF405F
:1005300028C188E1309554F77CF48EE659EE2BD132
:10054000B978F58C3EDD949ACE581930F874BB8298
:10055000E7D632308E143AC101AF1F3C36526AE3FF
:10056000A18C3FBCB19988F1C19A27CBC3E644DC8A
:10057000E5B7A7150F60F596B9C0F85E3A10AB293C
:10058000DEA511DB12B8B2BCE7F0B6F648D415749C
:10059000560FD6911766DFEB21AD64345B491B1112
:1005A00095C925BBCE9F6B9334ECBE00D90DB1CA63
:1005B000FB3BEF69C28746B842A7EE404F515D3D15
:1005C000FA0A6B04B32958E612512A11A3A5B40CF8
:1005D000DCE6C2E20F1AF78FAB72BAEA85E7F047A2
:1005E00093A073DB93E0F4B3560F69656721ED596F
:1005F000B88850D2B818F2E02C53C33EC1696830B5
:1006000073557283734F978CFB133AC71842411E80
:10061000CFEA4E645023BDAFFA9808F99E92D1E517
:1006200083A5627D246CACDB39BF4AB746F745DF52
:1006300072A75DCE96C34B8983B78E328CBA8B6B13
:100640004F11F5817CB49EAB6465323F2FA96E06D5
:10065000A25572A29B6186D6BDFEFE0E7B530AC8D0
:100660008575874501FD1386365F5FE92C7406BDED
:10067000E752E99641FC98A70437B7233811482C74
:10068000A0A7A3FC513B7FD1C504A52C86155AF722
:10069000C448E63D1385EF82FB22E7DB734D989A51
:1006A000F5DA5F0D5866ABA3BAEBE0D2D0603EC17D
:1006B000B3D1B710EE3F96CCA826990705F98D3136
:1006C0001FC6E594E9CFBBFF52707F494677F1FD25
:1006D000D39B0FFDF161D59F33A6EFED8BEAB6FEFC
:1006E000C882537C6EBACAC7C08F6BE92EA564FE60
:1006F0007B63681B0A69BDF9B073C6A37ACEFD3D62
:100700002D3E2151A661169C4E085CA60CA1BE068A
:10071000B88D69E50FFA1BC3620AF3CF4F496E48E3
:1007200026F1C3DE93F8E2F3FACCEFC3A3DB895AD8
:10073000B7763A6B5CDB6D981CE0755A462996F8E3
:1007400065140986335289BE235813F197B3BBF65B
:100750007F598B67C0A62BEE2C2E58ED7DA06A74B6
:10076000EF17B7403848DB94DC1C57B44EA4C2A83E
:10077000EBDDE450461A12BA13E46C61624DF39259
:1007800066151EE5D7A096E8171DC8F9BA20B07700
:1007900060CD32EF86245E912E121DDC7414CE0AD9
:1007A000B880FFAAA8ADB5B5BA5624139299810DA9
:1007B000E660BFD5121923E3696CED97F6FFE110EF
:1007C0008F9C97C5ABEFF58DC163F41EFA3F8DCAC0
:1007D000B383FDB6966B73B1B27CB1A6F88F30BD12
:1007E000A0E4BC647C46D0DDDEDB5DD0F6B37CAC3F
:1007F000E40EF6BE0D2CA28A6BA93A427AF0CD6BBC
:100800009D92B32E11B74AADC653C9D2986CC1861A
:100810004477607AD5649DD8B7A87B07BFC771E8D5
:100820008B4A7C6C055F62877249AD64D71C4711A7
:100830002D5D9BC7C6F63AA9CF9BD83D0DE498D550
:100840007934827978B489D3C3C24E8D101DFF4AA2
:10085000CB60F14BCB103684BA3951582A72DFCEB7
:10086000FEB8ED1EFE9443A5288865EEB44E97C2EF
:100870003E27A9A63D7A94CE32EAFE2962223D7334
:1008800087B8298866CC1C815F523F5A7D3506089F
:10089000A826342A80FF63A1F726CFB0DCC207CA9E
:1008A0005230C13460FFBCC9B5F002DD93B389FC9E
:1008B000677CF141383F2CFCE2AC43D47820ACBBE0
:1008C000C0ED362983A79B9D0D4CAA844B944BD534
:1008D00031A984F3639102C511DFD4655E799E0A64
:1008E0007DD365F0BC3543F6D5164AFFB517464DA6
:1008F0002EA43F169601EA99454E8EBFD1CE4B509D
:10090000398DCF9BFB8164C0D6E1712F86C25EE436
:100910008870C3827AA27DF04C5A4EBB2773765DF5
:100920005526BA918C854E966FF810D5F8076A3A1D
:10093000EAAF28B6EF26E2BB8B36550AF789048961
:10094000E5DBB2A3ABB0DAEA2E84EACC74AC452B7B
:100950006FC94F466BAEC8929D921200C98B0B3B7C
:10096000CBBBE31706DA7AB744371740BB6ECE0924
:10097000BDAADC9D879059E515051D106A0A42CC79
:10098000B6EAA9C254FA578F2D23124A8246A99F6C
:10099000646554F3E9F82DB3F9AB96DC22989347DC
:1009A000BD7E29702477F9DFF756BC932B7E7859EA
:1009B00036EF19C676EAFB8B5AB6553CDB4EEB5741
:1009C000036BA07714E5FAAEF1236B0B9222E6EDF0
:1009D000C4858895599EB9DAEDEC458E36AB5FE952
:1009E0009B5375FDF702B48814B4EB1802CBDB11EE
:1009F00081A8D2FCB503E1AA19A1269FC2BD52D697
:100A0000A252077CA34499D55F49F046336DE74B6A
:100A1000A593842DE6CA7F85DB2D560C40A4706F0C
:100A20008EB8E5B89FBDDFA652B96B0F50CD4CCB49
:100A3000B2261FA707AD97D0A7A74613A400207E14
:100A40002F7873C824CC5E82C8280C8C6600D48EA4
:100A50003B5690FA2D7FF6A2FA320F2F8000897252
:100A6000CA6B3479F91EB4CBB9FFD23AA0402B4FF0
:100A7000BC8681D7B726A1FEA8BF8749C810F6E279
:100A800036F4B0E632B8249FC9D7F42D7DCAD90D0B
:100A900043315DA03FE6EDC6BB0D72791C3D509120
:100AA000947D7488CF5FA9F82A91CE97634CA47582
:100AB0007CCE48B5E1DB699BBA1AE13EBEAF86C980
:100AC0001B029B22DA5244C2686199CEAD5BE8FBFF
:100AD000A2C241AB9067D5F2C3B93F429972E2FA24
:100AE000A519096BBA60C5971AD467C99F87CDDC71
:100AF0000F60CB05E9B8B6BD20C9C1BB87E900547A
:100B000013383E47236724ED683BB2AAE923012945
:100B10000BE3860C76C036942165AF0A72B6A0F955
:100B2000CE9BA88F937044B9693E5B8D0EE408F8A4
:100B3000C2C29273B88C95E7040EB230121D0BB688
:100B4000B9B93B48F377BD90C2486F5E2BF2C6B18E
:100B500028A84A1AF0D5ECB4F31A0B36B6AE381EF4
:100B60003252DD206C0B28E2B0E18DC363DAC6257A
:100B70005F538A942307598D0EAD385A7E489C578F
:100B800037E8AC79EC48AFB051D8C6F09D5A832D08
:100B900044221898271BDBDC658EF86C4531E4F89D
:100BA0006B150FBFF8F0088AFF581B64CB9E8E1B95
:100BB000C5DAD2EE362D8BAC3F2F223D7E4672E257
:100BC000779187AA84F8ADD70FBB6ACC1DD80E5B8E
:100BD000EABA94EA52BBCC86E9B4C29F1247E998BC
:100BE000A5E939A527EA7FA82462B347D798233F10
:100BF0000E64888EB1E49FD2AD3AA0190D7FEC8EC1
:100C0000893E15F9EEEEA383AC24043068CF531966
:100C10002B8E5AB7AAEA8CA4D72D053C42C3A85FF5
:100C2000B63131655525B0CD4D7906CB12F49237EA
:100C300011BF3E5F55178E80D00BE4BE8BD8BBE250
:100C4000D66E0EB72A9DB1A0C40E9DAEAECE6A5B25
:100C50008B0AD2647504DEC87552445A5A8245F232
:100C60002E8D06BE928515FB1267D5F0F0E2D6EE0A
:100C70003D18C4B67B73ED9C6B608596D64D46558A
:100C80004C1E75A45AD028C486B8263C4CE197AABD
:100C9000DF65924D710433F5A866304B9FD93DD581
:100CA000AB7F7BD0C6E23F992940FE8E03A846E584
:100CB000965F9A8478DB8FBF33D0BD72045298DE82
:100CC0007CF7C0A556D273EF40446D8F85663E9683
:100CD000AD9A98277663A895A84AA4791300E7DD12
:100CE00059C17EB1537C12BB525D0D5818C060557E
:100CF000AF71DE9D681BD7E9A6B4106E1EF0B8AACE
:100D00000D07AB6221712692E870CA041396B3CA2C
:100D1000D1C855BB690DB0B6220DFDC5977B603DAE
:100D2000053B2B2AC4105CE46A507CB77D9AB88CD2
:100D3000E3045B9A7A8AB98E42B2AD928E60F37701
:100D40001CC6F14019ED67B2D31E5937B238F055C1
:100D5000A3372E915FE801DF88662FC5DE466C6BF6
:100D6000C6E2BCBA3B31618B15A03D3B4BAC2323A3
:100D7000771B6CA98A7D39AE1A080D0A5E97ECAB19
:100D80005522C753EDDCC7D9214A908C35BDE79673
:100D900075755C5414EA1C88542EDA7741D6507E5F
:100DA000D2927369992424AAE9B9D0D5D10BE5DD93
:100DB0008777D0C3BF2DADD464E8444BC64E5E9553
:100DC000B44A62DA973CEC843E110BEF3BF15ABD1A
:100DD00061DDFAD0BD4B27A68ED5CDEA8AADB1EC48
:100DE000BA943945AD1EB1CFF24A81A5ED18DE6740
:100DF000F4FC434B2CB3CE81D7CE708794CFEA80DE
:100E000031FC145EF75F42A28D024DA9798325A1C2
:100E10003E3B9A35F5F7D2CA3043A01358E46E0929
:100E20000DCA0083F2B587FDFC5388186E9DCA8BEE
:100E3000487EE091B7D1749E7E3455CF64A25E7730
:100E4000DA9D5876250612C69E812A03FE4A3695FB
:100E500051C5EED3AE8796F70522F583BDDD833A03
:100E6000523B7544CD14BE9A43357972966A92C44A
:100E7000278A9295009A6DC19482170F3C05B77529
:100E8000B12CF7BA8000C9F13963DD128BC6245347
:100E9000EE7BDA7450A01D97045ECAEB16FCF6D305
:100EA000EA1A11926408E5BC85F5BCA61CBBF4885F
:100EB000A56195B67D4A1EECE6326CD0E3E9312B94
:100EC000075D1D928EEE9293D09F43622E32FF3AC1
:100ED00049B4A43632AA77B8C387D4FAB9FEBE099A
:100EE0005BE14DC4BE9495E6B4A9897968BE2E4CE9
:100EF000D9ACB03AF77C1D90110AF64B01379D0F23
:100F00000FD85C0935DC24B4958CF39EC1848453DE
:100F1000130EB44B42132EE1BA6FB006F2A565284A
:100F2000CB88506F09CCBC8CD4452E44B7873FF991
:100F3000FEAA24CB0BFFEBAF49D73915A5698FF774
:100F4000BED5EDBDCEFEE6DB1C4D885A0E4473B512
:100F500097A5B436415F7089313095F8880A6831B9
:100F6000FCCE61841177CCAB3E7CBA362B0DC2FD32
:100F7000BC427AE5D594BFD64D1B69047690323DCC
:100F8000B5696CAF05BD378610B1C1C2499A3FA69D
:100F90002384471B47ACC5A7541D7233DC80CF0F99
:100FA0002B6519E25817B7D1A9A44E401361C3D3DA
:100FB0003BDF4F8D976E1283EA263108AC1C5A64D2
:100FC0000AD7A3703D0AD7A3A4703D0AD7A3703DEA
:100FD000CCCCCCCCCCCCCCCCCDCCCCCCCCCCCCCC50
:100FE0000000000000000080000000000000000081
:100FF00000000000000000A0000000000000000051
:1010000000000000000000C8000000000000000018
:1010100000000000000000FA0000000000000000D6
:10102000000000000000409C0000000000000000E4
:1010300000000000000050C300000000000000009D
:1010400000000000000024F4000000000000000088
:1010500000000000008096980000000000000000E2
:10106000000000000020BCBE0000000000000000E6
:101070000000000000286BEE0000000000000000EF
:101080000000000000F902950000000000000000D0
:101090000000000040B743BA00000000000000005C
:1010A0000000000010A5D4E80000000000000000CF
:1010B000000000002AE7849100000000000000000A
:1010C00000000080F420E6B50000000000000000F1
:1010D000000000A031A95FE3000000000000000054
:1010E00000000004BFC91B8E0000000000000000CB
:1010F000000000C52EBCA2B10000000000000000EE
:10110000000040763A6B0BDE00000000000000009B
:101110000000E8890423C78A0000000000000000E6
:10112000000062ACC5EB78AD0000000000000000DC
:1011300000807A17B726D7D8000000000000000012
:101140000090AC6E3278868700000000000000003E
:1011500000B4570A3F1668A9000000000000000014
:1011600000A1EDCCCE1BC2D30000000000000000A7
:10117000A084144061515984000000000000000068
:10118000C8A51990B9A56FA50000000000000000D7
:101190003A0F20F4278FCBCE0000000000000000A3
:1011A000840994F878393F81000000000000004075
:1011B000E50BB936D7078FA10000000000000050F2
:1011C000DE4E6704CDC9F2C900000000000000A493
:1011D00096228145407C6FFC000000000000004D1D
:1011E0009DB5702BA8ADC59D00000000000020F04B
:1011F00005E34C36121937C5000000000000286CCA
:10120000C61BE0C356DF84F600000000000032C7B2
:101210005C116C3A960B139A0000000000407F3C72
:10122000B31507C97BCE97C00000000000109F4B8C
:1012300020DB48BB1AC2BDF00000000000D4861EAF
:10124000F4880DB550997696000000008044141380
:1012500031EB50E2A43F14BC00000000A055D917A8
:10126000FD25E51A8E4F19EB0000000008ABCF5D9D
:10127000BE37CFD0B8D1EF9200000000E5CAA15A26
:10128000AD05030527C6ABB7000000409E3D4AF1FF
:1012900019C743C6B0B796E5000000D005CD9C6DD8
:1012A0006F5CEA7BCE327E8F000000A2230082E4D6
:1012B0008BF3E41A82BF5DB30000808A2C80A2DD2C
:1012C0006E309EA1622F35E0000020AD37200BD597
:1012D00045DE02A59D3D218C000034CC22F426453C
:1012E000D695430E058D29AF0000417F2BB1709636
:1012F0004C7BD45146F0F3DA0040115F76DD0C3CB4
:101300000FCD24F32B76D88800C86AFB690A88A51C
:101310005300EEEFB6930EAB007A457A040DEA8ED9
:101320006880E9ABA438D2D580D8D6984590A4720D
:1013300041F071EB6663A3855047867F2BDAA647A1
:10134000516C4EA6403C0CA724D9675FB69090998B
:101350006507E2CF504BCFD06DCF41F7E3B4F4FF38
:101360009F44ED81128F8182A421897A0EF1F8BF0A
:10137000C7956822D7F221A30D6A2B19522DF7AF1A
:1013800039BB02EB8C6FEACB9044769FA6F8F49BB6
:10139000086AC325700BE5FEB4D55347D036F20278
:1013A00045229A1726274F9F9065942C4262D701B9
:1013B000D6AA809DEFF022C7F57EB9B7D23A4D424A
:1013C0008BD5E0842BADEBF8B2DEA7658789E0D240
:1013D00077850C333B4C939B2FEB889FF455CC6364
:1013E000D5A6CFFF491F78C2FB256BC7716BBF3CE9
:1013F0008A90C37F1C2716F37AEF45394E46EF8B50
:10140000563ADACF71D8ED97ACB5CBE3F08B759740
:10141000ECC8D0438E4EE9BD17A3BE1CEDEE523D85
:1014200027FBC4D431A263EDDD4BEE63A8AAA74C21
:10143000F81CFB245F455E946AEF743EA9CAE88FEE
:1014400036E439EEB6D675B9442B128E53FDE2B3AD
:10145000445DC8A9644CD3E716B69671A8BCDB609E
:101460004A3A1DEABE0FE490CD31FE46E95589BCEB
:10147000DD88A4A4AE131DB541BEBD9863ABAB6BB4
:1014800014ABCD4D9A5864E2D12DED7E3C9696C6B4
:10149000EC8AA07060B77E8DA23C54CFE51D1EFC87
:1014A000A8ADC88C3865DEB0CB4B29435FA5253B82
:1014B00012D9FAAF86FE15DDBE9EF313B70EEF49C3
:1014C000ABC7FC2D14BF2D8A3743786C3269356E5B
:1014D00096F97B39D92EB9AC045496077FC3C2491B
:1014E000FBF7DA878F7AE7D706E97BC95E7433DCCE
:1014F000FDDAE8B499ACF086A371ED3DBB28A06994
:10150000BC112322C0D7ACA80CCE680DEA3208C4A7
:101510002BD6AB2AB00DD8D29001C390A43F0AF5C8
:10152000DB65AB1A8E08C783FAE079DAC6672679DD
:10153000523F56A1B1CAB8A438591891B801705792
:1015400026CFAB095EFDE6CD866F5EB526024CED7B
:1015500078610BC65A5EB080B4055B3158814F5438
:10156000D6398E77F175DCA021C7B13DAE616369D4
:101570004CC871D56D9313C9E9381ECD193ABC0317
:101580005F3ACE4A497858FB23C76540A048AB0470
:101590007BE4C0CE2D4B179D769C3F28640DEB62FB
:1015A0009A1D7142F91D5DC494834F32BDD0A53B95
:1015B00000650D93776574F57964E37EEC448FCA1A
:1015C000205FE8BB6ABF6899CB1E4ECF138B997E14
:1015D000E876E26A45EFC2BF7EA621C3D8ED3F9E02
:1015E000A2149BC516ABB3EF1E10EAF34EE9CFC5AC
:1015F000E5EC803BEE4AD095124A7258D1F1A1BB7E
:101600001F2861CAA95D44BB97DC8EAE456E8A2A4D
:101610002672F93C147515EABD93321AD7092DF5D7
:1016200058E71BA62C694D92569C5F7026263C59A4
:101630002EE1A2CF77C3E0B66C83770CB02F8B6F0F
:101640007A998BC355F498E44764950F9CFB6D0B16
:10165000EC3F379AB598DF8EAC5EBD8941BD24471B
:10166000E70FC500E37E97B257B62CEC91ECED582E
:10167000E153F6C09B5E3DDFEDE33767B667292F88
:101680006CF49958215B868B74EE8200D2E079BDB0
:101690008771C0AEE9F167AE11AAA3800659D8ECF4
:1016A000E98D701A64EE01DA9594CC20486F0EE84B
:1016B000B2588690FE344188DDDC7F148D050931F7
:1016C000DEEEA7343E8251AA15D49F59F0464BBD99
:1016D00096EAD1C1CDE2E5D41AC90770AC189E6C68
:1016E0009E322399C0AD0F85B0DD04C66BCFE203F7
:1016F00045FF6BBF309953A61C1586B74683DB8424
:1017000016FF46EF7C7FE8CF639A6765186412E6A0
:101710006E5F8C15AE4FF1817EC0603F8F7ECB4FE8
:101720004977EF9A99A36DA29DF0380F335EBEE31F
:101730001C55AB01800C09CBC52C07D3BFF5AD5CA4
:10174000632A1602A04FCBFDF6F7C8C72F73D973D3
:101750007EDA4D01C4119F9EFA9ADDDCFDE7672811
:101760001D51A10135D646C6B8011554FDE181B21F
:1017700065A50942C28BD8F726421AA97C5A221FB6
:101780005F0746695957E79A5869B0E98D7875330C
:10179000378997C32F2DA1C1AE831C64B1D65200E7
:1017A000846B7DB47B7809F29AA423BD5D8C67C0FD
:1017B0003263CE504DEB4597E0463696BAB740F8C7
:1017C000FFFB01A5206617BD98D8C33BA9E550B61D
:1017D000FF7A42CEA83F5DECBECEB48A131FE5A3CC
:1017E000DF8CE980C947BA933701B1366C336FC6D5
:1017F00017F023E1BBD9A8B884415D4447000BB87A
:101800001DEC6CD92A10D3E6E591741559C00DA6CC
:101810009213E4C71AEA43902FDB68AD3798C88764
:101820007718DD79A1E454B4FB11C39845BEBA29F9
:10183000945E54D8C91D6AE17AD6F3FED66D29F4B8
:101840001DBB34279E52E28C0C66585FA6E49918A3
:10185000E4E901B145E71AB08F7F2EF7CF5DC05E96
:101860005D64421D17A121DC731FFAF44375707685
:10187000BA7E4972AE049589A8531C794A49066A12
:1018800069DEDB0EDA45FAAB926863179DDB8704ED
:1018900003D6929250D7F8D6B6423C5D84D2A94581
:1018A000C2C59B5B92865B86B2A945BA92238A0B1E
:1018B00032B782F23668F2A71E14D76877AC6C8E06
:1018C000FF6423AF4402EFD126D90C4395D70732EA
:1018D0001F1F76ED6A613583B807E849BDE6447F8E
:1018E000E7A6D3A8C5B902A4A609629C6C20165F1E
:1018F000A1900813376803CD0F8C7AC387A8DB3615
:10190000645AE56B2221228089972CDA544949C216
:10191000FDB0DE066BA92AA06CBDB710AA9BDBF256
:101920003D5D96C8C55335C8C7ACE5949482926FA7
:101930008CF4BB3AB7A842FAF9171FBA392377CB10
:10194000D778B58472A9699CFB6E531404762AFF7C
:101950000DD7E225CF1384C3BA4A68198513F5FE63
:10196000D18C5BEFC21865F4695DC25F6658B27EC8
:10197000023899D5792FBF98617AD9FB3F772FEF3D
:101980000386FF4A58FBEEBEFAD8CFFA0F55FBAAE2
:101990008467BF5D2EBAAAEE38CF83F9532ABA9571
:1019A000B2A097FA5CB42A958361F27B745A94DDF5
:1019B000DF883D39746175BAE4F9EE9A1171F994D2
:1019C00017EB8C47D1B912E95DB8AA0156CD377A29
:1019D000EE12B8CC22B4AB913AB30AC155E062AC76
:1019E000AA17E67F2BA116B609604D316B987B577D
:1019F000949DDF5F76499CE30BB8A0FD857E5AED90
:101A00007DC2EBFBE9AD418E077384BE138F581482
:101A10001CB3E67A6419D2B1C88F25AED8B26E591C
:101A2000E35FA099BD9F46DEBBF3AED98E5FCA6F60
:101A3000EE3B0480D623EC8A54580D48B97BDE2552
:101A4000E94A0520CC2CA7AD6AAE109AA71A56AF6A
:101A5000A49D0628FFF710D904DA948051A12B1B0E
:101A600086220479FF9AAA8742085DF0D244FB904F
:101A7000282B4557BF4195A9534A74AC07163A35F0
:101A8000F275162D2F92FAD3E85C9197899B8842C4
:101A9000B7092E7C5D9B7C8411DABAFE35619569AD
:101AA000258C39DB34C29BA59590697E83B9FA43B6
:101AB0002EEF0712C2B202CFBBF4035EE467F994C3
:101AC0007DF5444BB9AF6181F578C2BAEEE01B1DDC
:101AD000DC32169EA71BBAA1321773692AD9626439
:101AE00093BF9B8591A228CAFEDCCF03758F7B7DB7
:101AF00078AF02E735CBB2FC3ED4C3445273DA5C14
:101B0000ABAD61B001BFEF9DA764FA6A1388083AD4
:101B100016197A1CC2AE6BC5D0FDB84518AA8A0842
:101B20005B9F98A3729AC6F6453D27579E54AD8A8F
:101B300099633FA687203C9A4B8678F6E254AC36F0
:101B40007F3CCF8FA928CBC0DDA716B41B6A578472
:101B50009F0BC3F3D3F2FDF0D5511CA1A2446D65D8
:101B600043E75978C4B79E9625B3B1A4E54A649F6C
:101B700014617096B56546BCEE1FDE0D9F5D3D8716
:101B800059790CFC22FF57EBEAA755D106B50CA9F1
:101B9000D8CB87DD75FF1693F288D54224F1A709CB
:101BA000CEBEE95453BFDCB72FEB8A536DED110C59
:101BB000812E242A28EFD3E5FAA56DA8C868168FD0
:101BC000109D561A7975A48FBC8744697D016EF902
:101BD0005544EC60D7928DB3ACA995C3DC81C9376D
:101BE0006A5527398DF770E017147BF453E2BB85F3
:101BF0006295B843B89A468C8EECCC78746D959308
:101C0000BBBAA654664158AFB2270097D1C87A38FC
:101C10006A69D0E9BF512EDB9E31C0FC057B990675
:101C2000E24122F217F3FC88031FF8BDE3EC1F44E6
:101C30005AD2AAEEDD2F3CABC32676AD1CE827D5E1
:101C4000F186556AD53B0BD674B0D3D823E2718A9E
:101C5000567475626505C785494E8467562D87F6AB
:101C60006CD112BBBEC638A7DB616501ACF828B4E5
:101C7000C785D7696EF806D152BABE01D73633E1AF
:101C80009CB32602455BA482733417614602C0EC04
:101C90008460B04216724DA390015DF9D702F0271F
:101CA000A5785CD39BCE20CCF441B4F78D03EC3106
:101CB000CE9633C8420229FF7152A1757104677E26
:101CC000413E20BD69A1799F86D384E9C662000F99
:101CD000D14D682CC40958C76808E6A3787BC05268
:101CE00045618237350C2EF9828ADFCC569A70A76F
:101CF000CB7CB142A1C7BC9B91B60B407660A68855
:101D0000FEDB5D9389F9ABC235A40ED093F8CF6AA0
:101D1000FE5235F8EBF756F3434D12C4B8F683057F
:101D2000DE53217BF35A16984A708B7A337A72C34A
:101D3000D6A8E959B0F11BBE5C4C2E59C0184F749F
:101D40000C1364701CEEA2ED73DF796FF0DE62118C
:101D5000E78B3EC6D1D48594A82BAC4556CBDD8A03
:101D6000E12ECE37064AA7B9923617D72B3E956D8E
:101D700099BAC1C5871C11E83704DDCCB68DFAC805
:101D8000A01499DBD4B10A91A2220A4092989C1D1A
:101D9000C8597F124A5E4DB54BAB0CD0B6BE032579
:101DA0003A301F97DCB5A0E21DD60F8464AE442EF6
:101DB000247E73DEA971A48DD2E589D2FEECEA5CA3
:101DC000AD5D1056148E0DB1475F2C873EA825746B
:101DD0001875946B99F150DD1977F7284E122FD1B1
:101DE0002FC93CE3FF96528A6FAA9AD9706BBD82C5
:101DF0007BFB0BDCBF3CE7AC0B5501104DC66C63A5
:101E00005AFA0ED3EF0B21D84EAA0154E0F7473C03
:101E1000785CE9E375A71487710A8134ECFAAC6544
:101E200096B3E35C53D1D9A80D4DA141A739187FD2
:101E30007CA01C34A84510D350A009121148DE1E06
:101E40004DE49120892BEA83320446AB0AED4A9394
:101E5000605DB6686BB6E4A43F8517564DA81DF8C3
:101E6000B9F4E34206E41DCE8E669DAB60122536C2
:101E7000F378CEE983AED2801960426B7C2BD7C158
:101E8000301742E4245A07A11FF812865BF64CB2C1
:101E9000FC9C521DAE3049C927B69767F233E0DE8D
:101EA0003C44A7A4D97C9BFBB1A37D01EF409816CD
:101EB000A58AE806082E419D4E86EE6095281F8E65
:101EC0004EADA2088A7991C4E2272AB9BAF2A6F1E6
:101ED000A258CB8AECD7B5F5DBB1746769AF10AE09
:101EE0006517BFD6F3A6919929EFA8E0A16DCAACFA
:101EF0003FDD6ECCB010F6BFF32AD3580A09FD17A8
:101F00008E948AFFDC94F3EFB0F507EF4C4BFCDDC9
:101F1000D99CB61F0A3DF8958EF9641510AFBD4ADD
:101F20000F44A4A74C4C76BBF137BE1AD41A6D9D52
:101F300013558DD15FDF53EAEDC56D218961C884EA
:101F40002C55F8E29B6B7492B49BE4B4F53CFD32E3
:101F5000776AB6DB828611B7A1C21D22338CBC3FE3
:101F60001505A49223E8D5E44A33A5EA3FAFAB0FA9
:101F70002D83A63B16B1058F0E40A7F2874DCB29C6
:101F8000F82390CA5B1DC7B2121051EFE9203E74CE
:101F9000F62C34BDB2E478DF1654256B24A94D919C
:101FA0001A9C40B6EF8EAB8B8E54F7C2B689D01A0E
:101FB00020C3D0A3AB7296AEB129B57324AC84A173
:101FC000E8F3C48C560F3CDA1E74A2902DD7E5C9F5
:101FD0007118FB17968965889288657A7CA62F7E92
:101FE0008DDEF99DFBEB7EAAB7EAFE981B90BBDD68
:101FF00031567885FAA61ED565A53E7F22742A55EE
:10200000DE356B935C2833855F27878F95883AD5BB
:10201000560346B873F27FA637F168F3BA2A898A65
:102020002C8457A610EF1FD0852D43B069752B2D3A
:102030009BB2F6676AF5138273FC290E62293B9CFA
:10204000425FF401C5F298A28F7BB491BAF3498341
:1020500013777142762F3FCB739A2136A9701C24D7
:10206000D7D40DD353FB0EFE1001AA83D38C23EDDE
:1020700006A5E863145DC99EAA404A32043836F4C6
:1020800048CEE27C59B47BC6D5D0DC3E05C643B110
:10209000DA811BDC6FA11AF80A05948E86B794DDED
:1020A000283191E9E5A4109B26831C19B4F27CCA5F
:1020B000727DF5631FCED4C1F0A3631F612F1CFD99
:1020C000CFDCF23CA7014AF2EC8C3C67393B63BCA5
:1020D00001CA178608416E9713D885E00305BED55F
:1020E00082BC9DA74AD149BD184EA7D844862D4B26
:1020F000A22B85519D459CEC9E21D10ED6E7F8DDA3
:10210000453BF35282ABE19303B542C9E590BBCAAC
:10211000170AB0E76216DAB84362933B1F756A3D4F
:102120009D0C9CA1FB9B10E7D43A780A6712C50C62
:10213000E28701457D616A90C5248B66802BFB2771
:10214000DAE94196DCF984B4F6ED2D8060F6F9B158
:102150005164D2BB5338A6E1736939A0F873785E35
:10216000B27E635534E3078DE8E123647B480BDBE3
:102170005F5EBC6A01DC49B062DA2C3D9A1ACE91EE
:10218000F7756BC501535CDCFB1078CC40A1417640
:10219000BA29631BE1B3B9899D0ACB7FC804E9A9B9
:1021A00029F43B62D92028AC44CDBD9FFA45635445
:1021B00033F1CABA0F2932D79540AD4779177CA9B8
:1021C000C0D6BED4A9597F865D48CCCCAB8EED4934
:1021D000708CEE4914301FA8745AFFBF56F2685C29
:1021E0008C2F6A5C19FC26D21131FF6FEC2E8373A1
:1021F000B75DC2D98F5D5883AB7EFFC553FD31C833
:1022000025F532D0F3742EA4555E7FB7A87C3EBA74
:102210006FB23FC430123ACDEB355FE5D21BCE280A
:1022200085CFA77A5E4B4480B3815BCF63D1807941
:1022300066C35119365E55A01F6232C3BC05E1D793
:102240004034A69FC3B56AC8A7FAFEF32B47D98DC1
:1022500050C18F87346385FA51B9FEF0F6984FB1BB
:10226000D2D8B9D4005E939CD3339F569ABFD16E17
:10227000074FE8098135B8C3C80047EC802F860AAC
:10228000C862624CE142A6F4FAC0582761BB27CD70
:10229000BD7DBDCFCCE9E7989C7897B81CD5388038
:1022A0002CDDAC0340E421BFC356BDE6630A47E022
:1022B00078149804505DEAEE74AC6CE0FCCC5818CD
:1022C000CB0CDF02527A5295C8EB430C1E80370FBD
:1022D000FDCF9683E618A7BABAE6548F256005D3DA
:1022E000FD837C2420DF50E969202AF32EB8C647FD
:1022F0007ED2CD16748BD2914154FA571D33DC4CEB
:102300001D47811C512E47B652E9F8ADE43F13E05A
:10231000E598A163E5F9D8E3A62377D9DD0F18582E
:102320008FFF445E2F9C678E4876EAA7EA090F5715
:10233000000102030405060708090A0B0C0D0E0F25
:10234000101112131415161718191A1B1C1D1E1F15
:10235000202122232425262728292A2B2C2D2E2F05
:10236000303132333435363738393A3B3C3D3E3FF5
:10237000406162636465666768696A6B6C6D6E6F05
:10238000707172737475767778797A5B5C5D5E5F75
:10239000606162636465666768696A6B6C6D6E6FC5
:1023A000707172737475767778797A7B7C7D7E7FB5
:1023B000808182838485868788898A8B8C8D8E8FA5
:1023C000909192939495969798999A9B9C9D9E9F95
:1023D000A0A1A2A3A4A5A6A7A8A9AAABACADAEAF85
:1023E000B0B1B2B3B4B5B6B7B8B9BABBBCBDBEBF75
:1023F000C0C1C2C3C4C5C6C7C8C9CACBCCCDCECF65
:10240000D0D1D2D3D4D5D6D7D8D9DADBDCDDDEDF54
:10241000E0E1E2E3E4E5E6E7E8E9EAEBECEDEEEF44
:10242000F0F1F2F3F4F5F6F7F8F9FAFBFCFDFEFF34
:1024300001000000000000000A0000000000000091
:102440006400000000000000E8030000000000003D
:102450001027000000000000A0860100000000001E
:1024600040420F000000000080969800000000002D
:1024700000E1F5050000000000CA9A3B00000000E2
:1024800000E40B540200000000E87648170000004A
:102490000010A5D4E800000000A0724E180900004A
:1024A00000407A10F35A00000080C6A47E8D03001D
:1024B0000000C16FF286230000008A5D7845630149
:1024C000000064A7B3B6E00D0000E8890423C78AC2
:1024D0002D171BFF1CD7A1131776A0EF3D2D687F8A
:1024E000C0908CFFE731013FFEB9DC3F77017B9163
:1024F000A707C4169D6BC002010000000000000089
:1025000005000000000000001900000000000000AD
:102510007D000000000000007102000000000000CB
:10252000350C000000000000093D00000000000024
:102530002D31010000000000E1F505000000000061
:1025400065CD1D0000000000F902950000000000AC
:10255000DD0EE90200000000514A8D0E000000006F
:102560009573C24800000000E941CC6B01000000F7
:102570008D49FD1A07000000C16FF286230000009C
:10258000C52EBCA2B1000000D9E9AC2D7803000033
:102590003D9160E45811000031D6E275BC56000050
:1025A000F52E6E4DAEB10100C9EA268367780800AA
:1025B000ED95C28F055A2A00A1EDCCCE1BC2D300E7
:1025C00025A4000A8BCA2204B9340332B7F4AD142F
:1025D0009D0710FA93C76567000000010000000026
:1025E0003333330000000000703D0A00000000009B
:1025F000490C020000000000DB6800000000000041
:10260000F814000000000000310400000000000089
:10261000D6000000000000002A00000000000000BA
:1026200008000000000000000100000000000000A1
:10263000000000000000000000000000000010008A
:102640003333333333330300A3703D0AD7A3000081
:1026500053E3A59BC420000010C7BAB88D06000044
:10266000368E588B4F010000D782DE1B43000000DE
:102670005E4DF96B0D00000046DC31AF020000003A
:10268000415F708900000000D9DF7C1B0000000062
:10269000F85F7F0500000000987919010000000034
:1026A000844B38000000000075400200000000006C
:1026B0004A730000000000000E1700000000000038
:1026C0009C04000000000000EC000000000000007E
:1026D0002F000000000000000900000000000000C2
:1026E00001000000000000000000000000000000E9
:1026F00000000000000000000000803F00002041BA
:102700000000C84200007A4400401C460050C34705
:10271000002474498096184B20BCBE4C286B6E4E2A
:10272000F902155000000000000000000000F03F1A
:10273000000000000000244000000000000059409C
:102740000000000000408F40000000000088C340EF
:1027500000000000006AF8400000000080842E4164
:1027600000000000D01263410000000084D79741B0
:102770000000000065CDCD41000000205FA00242B6
:10278000000000E876483742000000A2941A6D422B
:10279000000040E59C30A2420000901EC4BCD6421E
:1027A00000003426F56B0C430080E03779C34143C9
:1027B00000A0D8855734764300C84E676DC1AB433F
:1027C000003D9160E458E143408CB5781DAF15445D
:1027D00050EFE2D6E41A4B4492D54D06CFF0804438
:1027E000537439657863657074696F6E000000001A
:1027F00030290208E0270208537431336261645FB4
:10280000657863657074696F6E000000BC2802080B
:10281000F8270208F02702084E31305F5F637878AE
:10282000616269763131355F5F666F726365645FDF
:10283000756E77696E644500302902081828020811
:102840004E31305F5F637878616269763131395F2C
:102850005F666F726569676E5F65786365707469DE
:102860006F6E450030290208402802080000000071
:102870000C2802086D6B0108796B0108716B010867
:102880004E31305F5F637878616269763132305FF4
:102890005F73695F636C6173735F747970655F699F
:1028A0006E666F4500000000BC2802088028020800
:1028B0001C29020800000000A8280208297301084A
:1028C0003D730108497401084974010849750108FC
:1028D0007974010819740108957301085973010886
:1028E000537439747970655F696E666F000000001B
:1028F00030290208E02802084E31305F5F637878A3
:10290000616269763131375F5F636C6173735F74E5
:102910007970655F696E666F45000000BC2802082B
:10292000F8280208F0280208000000001C2902080C
:10293000B9740108CD74010849740108497401088B
:1029400049750108797401082D750108E9740108B9
:10295000AD740108D1F71737D1F717B78071313F40
:10296000807131BF0000003F000000BF30303030C8
:102970003030303030303030303030302020202097
:102980002020202020202020202020200020202067
:10299000202020202020282828282820202020200F
:1029A00020202020202020202020202020881010DF
:1029B000101010101010101010101010100404043B
:1029C00004040404040404101010101010104141F9
:1029D00041414141010101010101010101010101E7
:1029E00001010101010101011010101010104242FB
:1029F00042424242020202020202020202020202B7
:102A00000202020202020202101010102000000056
:102A100000000000000000000000000000000000B6
:102A200000000000000000000000000000000000A6
:102A30000000000000000000000000000000000096
:102A40000000000000000000000000000000000086
:102A50000000000000000000000000000000000076
:102A60000000000000000000000000000000000066
:102A70000000000000000000000000000000000056
:102A80000000000000000000000000000000000046
:042A90000000000042
:102A940008B10181B0B00084000000007D42FF7FD6
:102AA4000180B201B0B0B0AFFFFF01006D42FF7F03
:102AB4000186B201B0B001AFFFFF01005D42FF7FAC
:102AC4000186B201B0B001AFFFFF010008B101817E
:102AD400B0B00084000000004142FF7FB0AF160098
:102AE400FF1019011124DE050000E20604EC0801C0
:102AF400F206860200000100000000001D42FF7F74
:102B04008408B101B0B0B000FF100D010402060842
:102B1400010100000000000008B10181B0B0008490
:102B24000000000008B10181B0B000840000000082
:102B3400E941FF7FB0AF0200FF1019010F320A3CD8
:102B440001840136C00100C8010400000100000036
:102B540000000000C541FF7FA908B100FFFF01008C
:102B640008B10181B0B000840000000008B1018107
:102B7400B0B000840000000008B10181B0B000844E
:042B8400000000004D
:102B8800C8D6FD7F01000000DCF0FE7F00FFFF7F5C
:102B9800F4F0FE7F01000000F0F1FE7FFCFEFF7FF5
:102BA800F4F3FE7F0100000014FAFE7FFCFEFF7FB5
:102BB8008004FF7F010000001C16FF7FFCFEFF7FE2
:102BC800D41FFF7F01000000B83FFF7FB0B0AA808C
:102BD8007040FF7FF4FEFF7FAC40FF7FAB08B18001
:102BE8003441FF7FF0FEFF7FAC45FF7F0CFFFF7F86
:102BF800B445FF7F01000000C045FF7F18FFFF7F3D
:102C0800C045FF7F1CFFFF7FCC45FF7F0100000010
:102C1800E445FF7FB0B0A8802046FF7F0100000098
:102C28005C46FF7FB0B0AA808846FF7FB0B0A8801E
:102C3800F046FF7F01000000D847FF7FB0B0AC80AE
:102C4800FC47FF7F010000002848FF7FB0AA0380EF
:102C58005448FF7F010000002049FF7FB0AB02808D
:102C6800C849FF7F01000000EC4AFF7FC0FEFF7FDC
:102C7800BC4BFF7FDCFEFF7F304CFF7F0100000074
:102C8800189BFF7FB0A90280A89BFF7FB0B0A880E7
:102C9800F89BFF7F01000000009CFF7FB0B0AA8076
:102CA800349CFF7FAF76B280089DFF7FAB3F3A80B0
:102CB8006C9DFF7F01000000749DFF7FB0B0AA806B
:102CC800B09DFF7F98FEFF7FC49DFF7F010000003D
:102CD800689EFF7FAC0FB280F09EFF7FB0AF088088
:102CE80090A1FF7F01000000A0A1FF7FAC3F0380FF
:102CF80084A4FF7F010000004CA6FF7F00840480AD
:102D080060A6FF7F010000005CA6FF7FB0AD0480D5
:102D180054A9FF7FB0A8038078A9FF7F4CFEFF7FEE
:102D28007CA9FF7F50FEFF7F88A9FF7F010000007C
:102D380000000000100000000024F400FF49000813
:102D4800F8830020FFFFFFFFFFFFFFFFFFFFFFFFEC
:102D5800000000000000000000000000000000006B
:102D6800000000000000000000000000000000005B
:102D7800000000000000000000000000000000004B
:102D8800000000000000000000000000000000003B
:102D9800000000000000000000000000000000002B
:102DA800000000000000000000000000000000001B
:102DB800000000000000000000000000000000000B
:102DC80000000000000000000000000000000000FB
:102DD80000000000000000000000000000000000EB
:102DE80000000000000000000000000000000000DB
:102DF80000000000000000000000000000000000CB
:102E080000000000000000000000000000000000BA
:102E180000000000000000000000000000000000AA
:102E2800000000000000000000000000000000009A
:102E3800000000000000000000000000000000008A
:102E480000000000DEEC0108D3B3FB020000000024
:102E5800000000000000000000000000000000006A
:102E6800000000000000000000000000000000005A
:102E7800000000000000000000000000000000004A
:102E8800000000000000000000000000000000003A
:102E9800000000000000000000000000000000002A
:102EA800000000000000000000000000000000001A
:102EB800000000000000000000000000000000000A
:102EC80000000000000000000000000000000000FA
:102ED80000000000000000000000000000000000EA
:102EE80000000000000000005D8B0008000080006A
:102EF800AD7101084D5A0008FFFFFFFF00000200F6
:102F08000000000000000000980300209803002043
:102F1800A0030020A0030020A8030020A80300208D
:102F2800B0030020B0030020B8030020B80300203D
:102F3800C0030020C0030020C8030020C8030020ED
:102F4800D0030020D0030020D8030020D80300209D
:102F5800E0030020E0030020E8030020E80300204D
:102F6800F0030020F0030020F8030020F8030020FD
:102F780000040020000400200804002008040020A9
:102F88001004002010040020180400201804002059
:102F98002004002020040020280400202804002009
:102FA80030040020300400203804002038040020B9
:102FB8004004002040040020480400204804002069
:102FC8005004002050040020580400205804002019
:102FD80060040020600400206804002068040020C9
:102FE8007004002070040020780400207804002079
:102FF8008004002080040020880400208804002029
:1030080090040020900400209804002098040020D8
:10301800A0040020A0040020A8040020A804002088
:10302800B0040020B0040020B8040020B804002038
:10303800C0040020C0040020C8040020C8040020E8
:10304800D0040020D0040020D8040020D804002098
:10305800E0040020E0040020E8040020E804002048
:10306800F0040020F0040020F8040020F8040020F8
:1030780000050020000500200805002008050020A4
:103088001005002010050020180500201805002054
:103098002005002020050020280500202805002004
:1030A80030050020300500203805002038050020B4
:1030B8004005002040050020480500204805002064
:1030C8005005002050050020580500205805002014
:1030D80060050020600500206805002068050020C4
:1030E8007005002070050020780500207805002074
:1030F8008005002080050020880500208805002024
:1031080090050020900500209805002098050020D3
:10311800A0050020A0050020A8050020A805002083
:10312800B0050020B0050020B8050020B805002033
:10313800C0050020C0050020C8050020C8050020E3
:10314800D0050020D0050020D8050020D805002093
:10315800E0050020E0050020E8050020E805002043
:10316800F0050020F0050020F8050020F8050020F3
:10317800000600200006002008060020080600209F
:10318800100600201006002018060020180600204F
:1031980020060020200600202806002028060020FF
:1031A80030060020300600203806002038060020AF
:1031B800400600204006002048060020480600205F
:1031C800500600205006002058060020580600200F
:1031D80060060020600600206806002068060020BF
:1031E800700600207006002078060020780600206F
:1031F800800600208006002088060020880600201F
:1032080090060020900600209806002098060020CE
:10321800A0060020A0060020A8060020A80600207E
:10322800B0060020B0060020B8060020B80600202E
:10323800C0060020C0060020C8060020C8060020DE
:10324800D0060020D0060020D8060020D80600208E
:10325800E0060020E0060020E8060020E80600203E
:10326800F0060020F0060020F8060020F8060020EE
:10327800000700200007002008070020080700209A
:10328800100700201007002018070020180700204A
:1032980020070020200700202807002028070020FA
:1032A80030070020300700203807002038070020AA
:1032B800400700204007002048070020480700205A
:1032C800500700205007002058070020580700200A
:1032D80060070020600700206807002068070020BA
:1032E800700700207007002078070020780700206A
:1032F800800700208007002088070020880700201A
:103308009007002090070020000000000300000044
:10331800B082002043000000000000000000000010
:103328000000000000000000000000000000000095
:103338000000000043000000000000000000000042
:103348000000000000000000000000000000000075
:103358000000000043000000000000000000000022
:103368000000000000000000000000000000000055
:103378000000000043000000000000000000000002
:103388000000000000000000000000000000000035
:1033980000000000430000000000000000000000E2
:1033A8000000000000000000000000000000000015
:1033B80000000000430000000000000000000000C2
:1033C80000000000000000000000000000000000F5
:1033D80000000000430000000000000000000000A2
:1033E80000000000000000000000000000000000D5
:1033F8000000000043000000000000000000000082
:1034080000000000000000000000000000000000B4
:1034180000000000000000000000000000000000A4
:103428000000000000000000000000000000000094
:103438000000000000000000000000000000000084
:103448000000000000000000000000000000000074
:103458000000000000000000000000000000000064
:103468000000000000000000000000000000000054
:103478000000000000000000000000000000000044
:103488000000000000000000000000000000000034
:103498000000000000000000000000000000000024
:1034A8000000000000000000000000000000000014
:1034B8000000000000000000000000000000000004
:1034C80000000000000000000000000000000000F4
:1034D80000000000000000000000000021B5010805
:1034E8007DB00108000000008C29020800FA0108DC
:1034F80098F9010898F9010898F9010898F901085C
:1035080098F9010898F9010898F9010898F901084B
:1035180098F90108FFFFFFFFFFFFFFFFFFFFFFFF15
:10352800FFFF00000100415343494900000000002B
:103538000000000000000000000000000000000083
:10354800000000000000415343494900000000000A
:103558000000000000000000000000000000000063
:103568000000000000000000080A00200000000021
:1035780000000000B0820020188300208083002013
:103588000000000000000000000000000000000033
:103598000000000000000000000000000000000023
:1035A8000000000000000000000000000000000013
:1035B8000000000000000000000000000000000003
:1035C80000000000000000000000000000000000F3
:1035D80000000000000000000000000000000000E3
:1035E80000000000000000000000000000000000D3
:1035F80000000000000000000000000000000000C3
:1036080000000000000000000100000000000000B1
:103618000E33CDAB34126DE6ECDE05000B00000076
:103628000000000000000000000000000000000092
:103638000000000000000000000000000000000082
:103648000000000000000000000000000000000072
:103658000000000000000000000000000000000062
:103668000000000000000000000000000000000052
:103678000000000000000000000000000000000042
:103688000000000000000000000000000000000032
:103698000000000000000000000000000000000022
:1036A8000000000000000000000000000000000012
:1036B8000000000000000000000000000000000002
:1036C80000000000000000000000000000000000F2
:1036D80000000000000000000000000000000000E2
:1036E80000000000000000000000000000000000D2
:1036F80000000000000000000000000000000000C2
:1037080000000000000000000000000000000000B1
:1037180000000000000000000000000000000000A1
:103728000000000000000000000000000000000091
:103738000000000000000000000000000000000081
:103748000000000000000000000000000000000071
:103758000000000000000000000000000000000061
:103768000000000000000000000000000000000051
:10377800F4830020000000002D020008C9A60008FC
:103788009DAC000809B80008EDBA0008A9C00008F7
:1037980079D5000879D8000801F1000891F50008EA
:1037A800E9F900082DFF0008110101088108010846
:1037B800D914010891190108796A0108000000006C
:0837C8000502000800000000EA
:040000050800037D6F
:00000001FF
